satisfaction_v2,Gender,Customer Type,Age,Type of Travel,Class,Flight Distance,Departure/Arrival time convenient,Departure Delay in Minutes,Inflight_Score,Online_Score,Ground_Score
1,1,1,59,1,2,1470,4,7,4.142857142857143,3.6666666666666665,4.333333333333333
0,1,0,22,1,0,1771,1,0,2.5714285714285716,4.333333333333333,2.6666666666666665
1,0,1,55,1,2,3657,5,12,4.2,3.6666666666666665,3.0
1,1,1,41,1,2,1796,4,0,3.0,3.6666666666666665,3.0
0,0,1,42,1,0,1709,3,0,2.857142857142857,2.0,2.6666666666666665
0,0,1,36,1,2,3035,2,48,2.5714285714285716,3.3333333333333335,3.0
0,0,0,28,1,0,1904,2,0,2.5714285714285716,1.6666666666666667,2.3333333333333335
1,1,1,58,0,0,2496,5,61,4.142857142857143,4.0,4.333333333333333
1,0,1,54,1,2,3260,5,1,4.142857142857143,4.0,4.333333333333333
0,1,1,25,1,2,3640,4,86,2.7142857142857144,2.0,3.0
1,1,1,32,1,2,1465,4,36,4.285714285714286,5.0,4.0
0,1,1,52,1,0,812,4,0,3.2857142857142856,3.3333333333333335,3.3333333333333335
1,1,0,29,1,2,2773,4,0,3.7142857142857144,1.0,4.0
1,0,1,56,1,2,55,3,0,3.857142857142857,4.0,3.3333333333333335
1,1,1,57,0,0,1099,2,0,4.142857142857143,4.0,3.3333333333333335
1,1,1,57,1,2,728,3,4,3.5714285714285716,4.0,4.0
1,1,1,48,1,0,339,5,0,3.857142857142857,3.0,4.0
1,0,1,23,1,2,2074,1,0,1.5714285714285714,1.0,3.6666666666666665
0,1,1,49,1,1,491,2,0,2.0,2.0,1.6666666666666667
1,0,0,28,1,2,2161,5,0,3.857142857142857,1.0,3.3333333333333335
0,0,1,36,0,0,2095,5,0,2.2857142857142856,1.0,3.3333333333333335
1,0,1,41,1,2,3553,0,23,3.0,2.6666666666666665,3.0
1,0,1,16,1,2,1675,4,0,3.857142857142857,4.333333333333333,3.0
0,0,1,66,1,0,1031,1,0,1.5714285714285714,1.0,3.0
0,0,1,58,1,0,1878,1,43,2.7142857142857144,3.0,2.3333333333333335
1,1,1,47,1,2,499,3,47,3.5714285714285716,4.333333333333333,3.6666666666666665
1,0,1,61,0,0,2338,4,0,3.7142857142857144,3.0,4.333333333333333
0,0,1,47,1,2,3112,5,0,2.142857142857143,2.0,3.3333333333333335
1,1,1,53,0,0,2102,4,0,3.7142857142857144,4.333333333333333,4.0
0,0,1,48,0,0,2241,4,0,3.4285714285714284,3.0,2.6666666666666665
1,1,1,59,1,2,1682,3,2,3.2857142857142856,3.6666666666666665,3.6666666666666665
1,1,1,13,0,0,2696,5,0,4.428571428571429,4.0,4.666666666666667
0,0,0,49,1,0,910,4,0,2.142857142857143,1.0,3.0
1,0,1,58,1,2,2119,2,0,3.7142857142857144,5.0,3.3333333333333335
1,1,1,51,1,2,959,4,2,3.857142857142857,4.666666666666667,3.6666666666666665
0,1,0,23,1,0,1574,1,22,2.5714285714285716,4.0,3.0
1,1,1,49,1,2,3599,1,0,3.7142857142857144,4.333333333333333,3.0
0,1,1,20,1,0,2170,5,8,3.142857142857143,2.0,4.0
0,1,0,39,1,2,2144,1,1,1.8571428571428572,3.0,3.3333333333333335
1,1,1,48,1,2,3825,5,0,4.285714285714286,2.0,4.0
1,0,1,24,1,2,2594,1,0,3.142857142857143,5.0,2.3333333333333335
1,1,1,43,0,0,852,1,0,3.0,4.0,3.3333333333333335
0,0,1,49,0,0,2917,5,0,3.0,3.0,3.6666666666666665
0,0,1,23,0,0,1884,4,1,3.2857142857142856,5.0,3.3333333333333335
0,0,0,20,1,0,2071,1,26,2.2857142857142856,1.0,3.6666666666666665
1,0,1,30,1,2,1533,2,0,3.5714285714285716,5.0,2.6666666666666665
0,0,1,77,1,2,1660,3,0,3.0,3.0,3.0
0,0,1,36,1,2,1681,3,20,2.857142857142857,2.6666666666666665,2.6666666666666665
1,1,1,44,0,1,232,4,0,4.714285714285714,4.333333333333333,4.0
0,0,0,36,1,1,1846,2,36,2.7142857142857144,2.0,3.6666666666666665
1,0,1,80,1,1,1278,3,0,4.0,5.0,3.6666666666666665
0,0,1,46,1,2,4288,5,168,2.5714285714285716,1.6666666666666667,3.6666666666666665
1,1,1,35,1,2,385,2,0,3.4285714285714284,4.666666666666667,3.3333333333333335
0,1,1,61,1,0,371,1,0,2.857142857142857,2.6666666666666665,2.3333333333333335
1,1,1,61,0,0,353,4,0,4.428571428571429,4.333333333333333,4.666666666666667
0,0,1,44,0,2,2051,0,83,2.857142857142857,4.666666666666667,5.0
1,0,1,21,1,2,3527,5,54,4.0,3.6666666666666665,3.6666666666666665
0,0,0,57,1,0,1560,0,0,2.5714285714285716,1.0,3.0
1,0,1,58,1,2,2824,5,0,4.285714285714286,4.333333333333333,4.666666666666667
0,0,1,25,0,1,1876,5,82,3.5714285714285716,4.333333333333333,2.6666666666666665
1,1,1,62,0,2,959,2,0,3.2857142857142856,4.666666666666667,3.3333333333333335
0,0,1,42,0,1,1951,5,0,3.2857142857142856,2.0,3.0
1,0,1,47,1,2,3835,5,933,4.142857142857143,4.333333333333333,4.333333333333333
0,1,0,29,1,0,1859,0,3,2.4285714285714284,5.0,4.333333333333333
0,0,1,9,1,2,5397,3,8,2.857142857142857,3.0,3.0
1,0,1,80,1,2,2727,5,0,4.714285714285714,4.333333333333333,4.666666666666667
0,0,0,32,1,2,1565,3,0,3.142857142857143,2.0,3.3333333333333335
1,1,1,55,1,2,309,1,0,3.2857142857142856,4.666666666666667,3.0
1,1,1,43,1,2,1730,3,1,3.857142857142857,4.0,4.333333333333333
1,0,1,52,1,2,2135,1,0,3.7142857142857144,4.666666666666667,3.0
0,1,0,17,1,0,1451,3,10,2.4285714285714284,3.0,3.6666666666666665
1,1,1,40,1,2,2285,5,211,3.5714285714285716,2.3333333333333335,3.6666666666666665
0,1,1,44,1,2,3265,4,0,3.0,3.3333333333333335,2.6666666666666665
1,0,1,41,1,2,1144,1,0,4.0,4.333333333333333,3.3333333333333335
1,0,1,41,1,2,2466,5,0,4.714285714285714,4.333333333333333,5.0
1,1,1,57,1,2,429,5,0,3.2857142857142856,2.6666666666666665,3.3333333333333335
0,0,1,51,1,2,3549,1,0,1.4285714285714286,1.6666666666666667,2.0
1,1,1,40,1,2,2789,3,36,4.0,4.333333333333333,3.3333333333333335
1,0,1,43,1,2,3020,1,55,3.4285714285714284,4.0,3.3333333333333335
0,0,1,54,1,2,4882,3,326,2.7142857142857144,3.3333333333333335,4.0
1,1,1,45,1,2,684,2,0,3.0,4.0,3.0
1,1,1,54,0,2,864,4,13,4.0,4.0,4.666666666666667
0,0,1,25,0,0,3205,4,14,2.142857142857143,2.0,2.3333333333333335
0,1,1,29,1,2,3842,3,0,2.0,1.0,3.6666666666666665
1,1,1,37,1,2,2326,5,25,4.857142857142857,4.0,4.333333333333333
1,1,1,26,0,0,1809,5,128,3.7142857142857144,5.0,3.6666666666666665
1,1,1,70,0,2,233,0,35,2.0,2.0,2.6666666666666665
0,0,1,34,1,2,1950,3,90,2.5714285714285716,2.6666666666666665,2.6666666666666665
0,0,1,64,0,0,3893,4,16,2.2857142857142856,3.0,3.0
0,0,1,46,0,0,3100,5,0,2.4285714285714284,2.0,3.0
0,1,0,40,1,2,1857,3,0,2.7142857142857144,5.0,3.0
1,1,1,54,1,2,1779,1,0,3.142857142857143,4.0,3.3333333333333335
1,0,1,28,1,2,5106,3,41,3.857142857142857,5.0,3.6666666666666665
0,0,1,11,0,0,1838,5,9,2.857142857142857,2.0,3.3333333333333335
0,0,1,43,1,0,1380,3,0,3.0,4.0,2.6666666666666665
1,1,1,54,1,2,3624,1,0,2.4285714285714284,3.3333333333333335,2.0
1,1,1,17,1,2,1557,4,0,2.857142857142857,4.0,2.6666666666666665
0,1,1,25,1,1,2183,3,1,2.0,1.3333333333333333,4.0
0,0,1,47,0,0,1561,4,0,3.857142857142857,5.0,3.6666666666666665
0,0,1,64,1,2,2384,1,3,1.4285714285714286,2.6666666666666665,2.0
1,1,1,22,0,0,3065,2,10,3.4285714285714284,4.0,2.6666666666666665
1,1,1,56,1,2,917,2,0,3.4285714285714284,4.333333333333333,3.3333333333333335
0,0,1,50,0,0,2951,3,0,3.2857142857142856,2.0,2.3333333333333335
0,1,0,18,1,0,2155,2,7,3.2857142857142856,3.6666666666666665,2.3333333333333335
1,1,1,44,0,0,974,5,16,4.142857142857143,5.0,5.0
1,1,1,13,0,0,3632,0,8,4.2,4.333333333333333,4.333333333333333
0,0,0,40,1,2,3989,2,0,3.4285714285714284,5.0,3.3333333333333335
1,1,1,54,1,2,3680,2,39,3.857142857142857,5.0,4.0
0,1,0,39,1,2,2156,3,0,3.2857142857142856,3.0,2.6666666666666665
0,1,1,26,1,2,3305,3,8,2.4285714285714284,2.3333333333333335,3.0
0,1,0,26,1,0,1596,3,0,4.142857142857143,4.0,2.6666666666666665
0,1,0,31,1,2,3568,2,18,2.857142857142857,5.0,3.0
0,0,0,36,1,0,805,0,6,2.7142857142857144,3.6666666666666665,3.3333333333333335
1,0,1,39,1,0,2395,3,0,4.428571428571429,5.0,3.0
1,1,1,58,1,2,88,5,4,4.857142857142857,4.666666666666667,4.0
1,0,1,31,1,2,1716,1,20,2.7142857142857144,3.0,2.6666666666666665
0,0,1,38,0,2,1030,4,0,3.5714285714285716,4.333333333333333,3.6666666666666665
1,1,1,54,1,2,1606,5,3,4.428571428571429,4.333333333333333,4.666666666666667
1,0,1,39,1,2,1932,5,0,4.428571428571429,4.333333333333333,4.666666666666667
0,1,1,21,0,0,3067,1,0,3.7142857142857144,3.0,2.6666666666666665
1,1,1,65,1,0,388,1,2,3.4285714285714284,3.0,2.6666666666666665
0,0,1,30,0,0,2050,3,0,3.5714285714285716,3.0,3.6666666666666665
0,0,1,45,0,0,1531,4,0,2.857142857142857,2.0,4.333333333333333
1,1,1,45,1,2,1367,5,0,4.571428571428571,3.6666666666666665,4.333333333333333
1,0,1,39,0,0,2990,5,68,3.75,4.0,3.3333333333333335
1,1,1,27,1,2,1986,4,6,4.142857142857143,5.0,4.0
1,1,1,40,1,2,467,2,45,3.142857142857143,3.6666666666666665,3.3333333333333335
0,1,1,56,1,0,496,3,0,2.142857142857143,2.6666666666666665,2.3333333333333335
0,0,0,27,1,0,2280,2,0,2.5714285714285716,3.0,3.3333333333333335
1,1,1,43,0,0,488,1,51,3.2857142857142856,4.333333333333333,3.0
0,0,1,32,0,1,1967,3,16,2.7142857142857144,2.0,4.0
1,1,1,13,0,2,2674,1,18,3.5714285714285716,3.6666666666666665,2.6666666666666665
0,0,1,11,0,0,2523,3,13,3.0,2.0,3.3333333333333335
1,1,0,27,1,0,2583,4,8,3.857142857142857,5.0,3.3333333333333335
1,0,0,25,1,0,1501,4,0,4.285714285714286,4.0,4.666666666666667
1,0,1,31,1,2,2002,4,0,4.285714285714286,5.0,4.333333333333333
1,0,1,35,1,2,443,2,14,2.5714285714285716,4.0,2.6666666666666665
1,0,0,20,1,2,2878,0,0,4.25,3.0,4.333333333333333
0,0,1,31,0,0,2586,3,16,2.4285714285714284,5.0,3.0
1,1,1,56,1,2,343,2,0,3.4285714285714284,4.666666666666667,3.0
0,1,1,36,0,1,1788,5,50,3.857142857142857,3.3333333333333335,4.0
1,1,0,22,1,2,1744,0,0,4.714285714285714,5.0,4.666666666666667
0,0,0,20,1,0,2326,2,68,2.142857142857143,2.3333333333333335,3.3333333333333335
1,1,1,63,0,0,908,4,6,4.571428571428571,4.0,4.333333333333333
1,0,1,10,0,0,2657,1,0,3.142857142857143,3.0,2.3333333333333335
1,0,1,37,1,2,2129,2,0,2.2857142857142856,3.0,2.6666666666666665
0,1,1,16,0,0,1360,2,120,3.7142857142857144,5.0,2.3333333333333335
0,0,1,61,0,0,2000,4,0,3.2857142857142856,3.0,3.6666666666666665
0,0,0,29,1,2,2165,3,91,3.142857142857143,3.6666666666666665,2.3333333333333335
0,0,1,70,0,1,2166,4,0,3.0,4.0,3.6666666666666665
1,0,1,54,1,0,2410,5,88,3.2857142857142856,4.0,3.6666666666666665
1,1,1,22,1,2,4089,3,15,4.0,4.0,4.0
1,0,0,20,1,2,2671,5,0,3.7142857142857144,4.0,4.0
0,1,1,41,1,1,622,1,6,2.2857142857142856,2.0,1.6666666666666667
0,1,1,59,1,0,452,4,0,3.142857142857143,2.0,2.6666666666666665
0,1,0,26,1,1,3889,2,0,2.857142857142857,3.0,3.6666666666666665
0,0,1,63,0,0,2423,4,9,3.4285714285714284,3.0,3.0
0,1,1,51,1,0,356,1,55,3.0,3.0,2.6666666666666665
0,1,1,38,1,0,2281,3,6,3.5714285714285716,4.0,2.6666666666666665
1,1,1,56,1,2,3908,1,103,4.142857142857143,3.3333333333333335,4.0
1,1,1,43,1,0,292,1,0,3.2857142857142856,4.0,3.3333333333333335
1,1,1,15,0,0,2242,5,10,4.285714285714286,3.6666666666666665,4.666666666666667
0,0,1,57,0,1,2279,2,11,1.4285714285714286,1.0,3.0
0,0,1,33,0,0,1378,4,1,2.7142857142857144,3.0,2.6666666666666665
1,1,1,15,0,0,1950,3,151,3.0,3.3333333333333335,3.3333333333333335
0,0,0,19,1,0,3083,3,4,3.142857142857143,4.0,3.3333333333333335
0,0,1,26,0,1,1887,1,31,2.857142857142857,2.0,2.6666666666666665
0,0,1,57,1,2,2015,2,8,3.7142857142857144,2.6666666666666665,3.0
1,0,1,27,0,0,1142,5,1,4.142857142857143,3.0,4.333333333333333
0,0,1,69,0,1,1352,2,1,3.0,4.0,3.0
1,1,1,21,0,0,1854,5,17,4.714285714285714,4.0,4.333333333333333
1,0,1,42,1,2,3747,5,7,4.714285714285714,4.666666666666667,4.666666666666667
0,0,1,67,0,0,2051,4,0,3.857142857142857,4.0,2.6666666666666665
0,0,1,57,0,0,2608,4,5,3.857142857142857,4.0,3.6666666666666665
0,1,0,28,1,0,1447,2,52,3.2857142857142856,1.0,2.6666666666666665
1,1,1,24,0,1,1842,2,0,3.5714285714285716,5.0,3.6666666666666665
0,0,1,17,1,2,4767,5,8,3.0,2.0,4.333333333333333
1,1,1,56,0,0,506,5,0,4.0,4.666666666666667,4.0
1,0,1,38,1,2,2615,5,4,3.857142857142857,4.0,3.3333333333333335
0,1,1,62,0,0,1927,1,249,2.142857142857143,2.6666666666666665,3.3333333333333335
1,0,1,42,1,2,2147,1,3,3.142857142857143,5.0,3.3333333333333335
0,0,0,33,1,0,2283,1,206,2.2857142857142856,3.6666666666666665,3.3333333333333335
1,1,1,55,0,2,598,3,8,3.5714285714285716,4.666666666666667,4.333333333333333
0,0,1,28,0,0,992,4,0,2.2857142857142856,1.0,3.3333333333333335
1,0,1,54,1,2,597,3,6,3.4285714285714284,4.0,3.6666666666666665
1,1,1,32,1,1,2115,0,5,2.75,1.0,3.0
0,1,1,17,0,0,3745,1,139,2.857142857142857,1.6666666666666667,2.3333333333333335
0,0,0,37,1,0,1760,3,180,2.857142857142857,4.0,3.6666666666666665
0,0,1,11,0,0,1647,4,0,2.4285714285714284,3.0,3.3333333333333335
1,0,1,47,1,2,3294,3,0,3.7142857142857144,4.666666666666667,4.0
0,1,1,66,0,0,1134,3,0,3.7142857142857144,3.3333333333333335,3.6666666666666665
1,1,1,54,1,2,2600,3,14,2.7142857142857144,3.6666666666666665,3.0
1,1,1,48,1,2,2095,3,2,3.4285714285714284,3.6666666666666665,3.3333333333333335
1,0,1,33,1,2,1880,2,14,3.2857142857142856,4.0,3.3333333333333335
0,0,1,39,1,2,452,5,23,2.2857142857142856,2.6666666666666665,3.3333333333333335
0,1,1,55,0,0,91,2,0,3.857142857142857,4.333333333333333,3.6666666666666665
1,1,1,23,0,1,2005,2,5,3.0,3.6666666666666665,3.3333333333333335
0,0,1,9,0,0,2820,3,0,3.7142857142857144,4.0,3.6666666666666665
0,1,0,27,1,2,1750,4,0,4.142857142857143,4.0,4.0
0,1,1,39,1,2,2216,5,0,3.2857142857142856,2.3333333333333335,4.0
0,1,1,22,0,1,2131,4,7,4.714285714285714,5.0,3.6666666666666665
1,0,1,55,1,2,2141,2,43,3.0,3.0,2.3333333333333335
0,1,1,43,1,0,397,5,0,4.142857142857143,3.3333333333333335,4.333333333333333
0,0,0,27,1,0,1718,0,9,2.857142857142857,5.0,2.0
1,0,1,52,1,2,1616,4,2,4.571428571428571,5.0,4.0
0,1,1,12,0,0,2235,1,0,3.857142857142857,3.0,3.0
1,1,1,59,0,0,631,5,0,4.857142857142857,5.0,4.666666666666667
1,0,1,43,1,2,590,2,0,3.857142857142857,4.0,3.6666666666666665
0,0,0,37,1,2,1589,4,0,4.142857142857143,5.0,2.6666666666666665
0,0,1,31,0,0,1759,4,0,3.7142857142857144,2.0,3.0
0,1,1,21,1,2,2882,3,0,3.2857142857142856,3.0,3.6666666666666665
0,0,1,37,0,0,2431,4,43,3.2857142857142856,4.0,2.6666666666666665
0,1,1,44,1,2,300,3,42,1.5714285714285714,2.3333333333333335,1.6666666666666667
1,0,1,51,0,0,2321,4,0,3.8,4.0,4.0
0,1,1,62,0,1,262,2,67,2.857142857142857,1.6666666666666667,4.333333333333333
1,1,1,39,1,2,312,1,0,3.142857142857143,4.666666666666667,3.3333333333333335
0,0,1,31,1,2,1557,4,0,3.142857142857143,3.0,3.3333333333333335
1,1,1,48,1,2,3973,4,0,4.428571428571429,4.333333333333333,4.333333333333333
1,1,1,45,0,1,612,4,0,3.142857142857143,4.0,3.6666666666666665
1,1,1,53,1,2,1734,3,0,4.142857142857143,5.0,3.6666666666666665
1,1,0,23,1,2,1900,2,4,3.75,2.0,4.0
0,1,1,31,1,2,3296,1,0,3.2857142857142856,5.0,2.0
0,0,1,15,0,0,2942,4,0,2.4285714285714284,4.0,3.6666666666666665
1,0,1,57,1,2,2775,4,14,4.285714285714286,4.0,4.0
0,0,0,26,1,0,1914,3,0,3.5714285714285716,4.333333333333333,3.0
0,0,0,40,1,2,1932,2,55,3.0,2.0,4.0
0,1,1,33,0,0,2053,4,0,3.7142857142857144,2.0,2.6666666666666665
0,1,0,37,1,2,1439,3,16,3.5714285714285716,2.0,3.6666666666666665
0,1,0,29,1,2,2216,2,0,3.2857142857142856,3.0,3.6666666666666665
1,1,1,52,1,2,1331,2,10,4.285714285714286,5.0,4.0
0,1,1,8,1,2,1956,3,0,2.7142857142857144,2.0,2.3333333333333335
1,1,1,46,1,0,1101,5,0,4.0,3.3333333333333335,4.0
0,1,0,22,1,0,1592,0,0,3.142857142857143,1.0,2.6666666666666665
0,0,0,23,1,0,1579,0,0,2.5714285714285716,2.0,3.0
0,1,1,47,1,2,346,2,0,1.5714285714285714,2.3333333333333335,2.3333333333333335
0,0,0,36,1,0,1823,0,61,3.0,3.0,3.0
0,1,1,43,1,1,2194,2,187,2.4285714285714284,2.3333333333333335,2.6666666666666665
0,0,1,34,0,1,1675,5,104,3.5714285714285716,4.0,3.6666666666666665
1,1,1,52,0,0,254,2,1,3.2857142857142856,4.0,3.3333333333333335
0,0,1,66,0,0,2822,2,0,1.8571428571428572,1.0,3.6666666666666665
0,0,1,9,0,0,1872,2,0,3.4285714285714284,2.0,2.0
0,1,1,61,1,0,1660,2,0,3.2857142857142856,2.6666666666666665,2.6666666666666665
0,0,1,62,0,2,1195,4,3,2.857142857142857,4.0,3.6666666666666665
1,0,1,50,1,2,1605,5,1,4.0,4.666666666666667,4.0
1,1,1,44,0,1,432,2,36,3.5714285714285716,4.333333333333333,3.3333333333333335
0,0,1,51,1,0,2613,0,9,2.0,1.0,3.6666666666666665
0,0,1,51,0,0,2749,4,8,3.4285714285714284,2.0,3.3333333333333335
0,1,0,46,1,2,2791,1,1,2.857142857142857,3.6666666666666665,4.0
1,1,1,7,0,0,1773,5,0,3.857142857142857,3.6666666666666665,4.333333333333333
1,1,0,40,1,2,1844,4,1,3.2857142857142856,1.0,3.3333333333333335
1,1,1,55,1,2,216,2,87,4.285714285714286,4.666666666666667,3.0
1,1,1,39,1,2,85,3,0,3.857142857142857,4.333333333333333,3.6666666666666665
0,1,0,22,1,0,1795,3,0,3.857142857142857,3.0,3.3333333333333335
0,1,0,39,1,2,1494,1,8,1.8571428571428572,2.0,3.6666666666666665
0,1,0,43,1,2,1695,4,11,4.0,4.0,4.666666666666667
1,1,1,41,0,1,1401,5,0,4.428571428571429,4.0,4.333333333333333
0,1,1,24,1,2,2314,5,0,2.857142857142857,2.0,4.333333333333333
1,1,1,8,0,0,1870,5,55,3.142857142857143,1.0,3.6666666666666665
1,0,0,26,1,2,2264,4,102,3.857142857142857,3.0,4.333333333333333
0,1,1,23,1,2,3385,4,0,2.7142857142857144,2.0,3.3333333333333335
1,0,1,59,1,2,3038,5,0,4.142857142857143,4.0,3.6666666666666665
0,0,1,38,1,2,1785,3,6,4.0,3.6666666666666665,3.0
0,1,0,21,1,0,4518,1,10,2.7142857142857144,4.333333333333333,4.333333333333333
0,1,1,48,0,2,1103,5,0,3.7142857142857144,4.333333333333333,5.0
0,0,1,35,0,0,1174,5,0,2.5714285714285716,2.0,4.333333333333333
1,1,1,63,1,2,2434,2,0,3.2857142857142856,3.3333333333333335,3.3333333333333335
0,1,0,42,1,2,2478,2,5,3.2857142857142856,4.333333333333333,4.333333333333333
1,0,1,44,1,2,572,1,0,3.5714285714285716,4.333333333333333,3.6666666666666665
1,1,1,37,1,2,1515,2,6,2.4285714285714284,3.6666666666666665,2.3333333333333335
1,1,1,48,1,0,277,1,0,2.857142857142857,3.0,2.0
1,1,1,32,1,2,4145,5,6,4.142857142857143,4.0,4.666666666666667
0,0,1,56,0,0,3395,1,0,2.857142857142857,3.0,2.3333333333333335
1,0,1,59,1,0,1366,1,0,4.285714285714286,5.0,2.6666666666666665
1,0,1,80,1,1,1998,1,0,3.2857142857142856,3.0,1.6666666666666667
1,1,1,9,0,1,1313,5,20,4.714285714285714,4.333333333333333,4.333333333333333
1,0,1,49,1,2,609,2,0,3.2857142857142856,4.0,3.3333333333333335
1,1,1,58,0,2,333,1,13,2.5714285714285716,2.0,3.0
0,0,1,23,0,0,2475,5,0,2.2857142857142856,3.0,4.0
1,0,1,50,1,2,3515,3,7,4.142857142857143,5.0,4.333333333333333
0,0,0,34,1,0,1862,1,83,2.2857142857142856,4.0,3.3333333333333335
1,1,1,39,1,2,3332,3,0,3.0,4.333333333333333,2.0
0,1,1,27,1,2,1871,4,2,3.4285714285714284,3.0,2.3333333333333335
1,1,1,48,0,0,760,5,0,3.142857142857143,3.6666666666666665,3.0
1,1,1,66,1,2,306,3,0,3.0,4.333333333333333,4.0
0,0,1,70,0,0,1702,5,51,4.0,4.0,4.666666666666667
1,1,1,35,1,2,1114,5,65,4.714285714285714,5.0,5.0
1,1,1,57,1,2,586,5,0,4.285714285714286,5.0,5.0
0,1,0,24,1,1,1149,5,0,3.4285714285714284,3.0,3.0
0,0,1,33,1,2,2840,1,0,2.0,1.0,2.3333333333333335
1,1,1,30,1,2,3489,1,0,2.857142857142857,4.0,3.6666666666666665
0,1,0,41,1,2,2013,2,18,2.2857142857142856,2.6666666666666665,3.0
0,0,1,61,0,0,2059,5,48,3.4285714285714284,5.0,3.6666666666666665
1,0,0,23,1,0,1537,1,2,4.428571428571429,4.333333333333333,3.6666666666666665
1,0,0,21,1,0,1720,0,0,3.857142857142857,5.0,3.6666666666666665
0,0,0,35,1,2,2722,4,10,4.0,5.0,3.0
0,0,1,45,0,0,2044,1,0,3.0,3.3333333333333335,2.3333333333333335
1,0,1,63,0,1,1966,5,0,4.142857142857143,5.0,3.6666666666666665
0,1,1,55,0,0,727,5,21,3.857142857142857,4.666666666666667,4.666666666666667
0,1,0,30,1,0,1414,2,0,2.0,2.0,2.3333333333333335
0,1,1,41,1,2,289,1,30,2.4285714285714284,2.0,2.3333333333333335
0,0,1,33,0,0,1872,3,16,2.4285714285714284,5.0,2.3333333333333335
1,1,1,31,0,0,1653,2,0,3.142857142857143,4.0,3.0
1,1,1,20,0,1,1443,3,0,3.857142857142857,4.0,3.6666666666666665
0,1,1,29,1,2,3537,1,22,3.4285714285714284,5.0,2.6666666666666665
0,0,1,38,0,2,1164,5,0,2.857142857142857,4.333333333333333,3.0
0,0,0,27,1,0,2796,3,209,2.5714285714285716,2.3333333333333335,3.3333333333333335
1,1,1,21,0,0,2604,5,0,3.4285714285714284,4.0,3.6666666666666665
0,1,1,28,0,0,1566,5,0,3.4285714285714284,2.0,3.3333333333333335
0,0,1,40,1,0,1155,4,0,3.4285714285714284,4.0,4.0
1,1,0,25,1,0,2725,4,0,3.4285714285714284,4.333333333333333,3.3333333333333335
0,0,1,34,1,2,439,5,72,2.5714285714285716,2.3333333333333335,3.3333333333333335
0,0,1,20,0,2,2960,3,12,2.7142857142857144,2.0,3.0
1,0,1,54,1,2,3316,4,0,4.0,4.333333333333333,4.333333333333333
0,0,1,65,0,0,2008,4,0,3.7142857142857144,2.0,3.6666666666666665
1,0,1,23,0,0,976,2,0,4.0,2.0,4.0
1,1,1,25,0,0,3508,2,6,3.7142857142857144,4.666666666666667,4.0
1,1,1,29,0,0,1951,5,2,3.2857142857142856,2.3333333333333335,3.0
1,0,1,31,1,2,3846,3,0,4.0,5.0,3.6666666666666665
1,0,1,43,1,2,2160,2,15,3.4285714285714284,3.6666666666666665,3.0
1,0,0,26,1,2,2476,4,3,3.7142857142857144,1.0,2.6666666666666665
1,1,1,32,0,0,2053,1,0,3.142857142857143,4.666666666666667,2.6666666666666665
0,0,1,61,1,2,433,3,7,2.7142857142857144,3.0,2.0
0,0,1,38,0,2,774,4,15,3.142857142857143,3.0,3.3333333333333335
0,0,1,42,1,2,1571,4,19,2.4285714285714284,2.6666666666666665,3.0
1,1,0,23,1,1,2382,0,0,3.7142857142857144,2.6666666666666665,3.3333333333333335
1,1,1,50,1,2,246,5,0,4.0,4.333333333333333,4.333333333333333
1,0,1,55,1,2,2251,3,33,4.0,4.333333333333333,3.6666666666666665
1,1,1,43,1,2,1394,4,20,4.0,4.333333333333333,3.3333333333333335
0,0,0,26,1,2,1417,3,0,2.857142857142857,1.0,4.0
1,1,1,28,0,0,1814,5,23,3.7142857142857144,3.3333333333333335,2.3333333333333335
0,1,0,23,1,0,3343,1,0,2.0,4.0,3.6666666666666665
0,0,1,8,1,0,2483,1,24,2.4285714285714284,2.3333333333333335,2.0
0,0,1,45,0,0,2233,4,246,3.0,3.6666666666666665,2.3333333333333335
0,1,1,34,0,0,1688,5,0,3.4285714285714284,3.0,2.6666666666666665
0,0,1,46,0,0,1467,1,0,3.0,1.0,3.6666666666666665
1,1,0,24,1,0,1560,0,0,4.571428571428571,5.0,4.0
0,0,1,34,0,1,2117,5,3,2.7142857142857144,5.0,3.3333333333333335
1,1,1,11,0,0,1857,5,0,4.285714285714286,4.0,4.333333333333333
1,1,1,72,1,2,2683,1,4,3.142857142857143,4.666666666666667,3.0
0,1,0,42,1,2,2920,3,131,3.2857142857142856,3.3333333333333335,3.6666666666666665
0,0,1,9,0,1,3583,2,36,2.2857142857142856,2.3333333333333335,3.0
1,1,1,45,1,2,4533,1,142,3.7142857142857144,4.666666666666667,3.3333333333333335
1,0,0,52,1,2,1901,4,0,4.0,3.0,4.0
1,0,1,60,1,2,3413,5,0,3.857142857142857,3.6666666666666665,4.0
0,1,1,27,1,0,2559,4,0,3.142857142857143,2.0,3.3333333333333335
0,0,1,66,0,0,1206,4,10,3.0,2.0,4.333333333333333
0,1,1,25,1,1,2646,3,0,2.2857142857142856,1.0,3.0
1,1,1,39,0,0,1150,3,37,3.857142857142857,4.666666666666667,3.3333333333333335
0,0,1,41,0,2,902,3,0,2.4285714285714284,4.0,3.6666666666666665
1,0,0,61,1,2,2131,2,119,3.0,5.0,3.0
0,0,1,62,0,0,1777,4,0,3.5714285714285716,5.0,4.333333333333333
0,1,1,56,1,0,343,3,0,2.857142857142857,2.6666666666666665,3.0
0,1,1,27,1,1,2588,4,3,2.142857142857143,2.0,4.0
0,1,1,31,1,2,4225,4,0,3.0,2.0,4.0
0,0,0,22,1,0,2539,1,0,2.7142857142857144,1.6666666666666667,3.6666666666666665
0,1,1,36,0,0,1822,3,0,3.7142857142857144,4.0,2.6666666666666665
0,0,1,47,0,0,1431,1,0,2.7142857142857144,2.0,3.3333333333333335
1,1,1,53,1,2,2782,3,38,3.7142857142857144,4.0,4.0
0,0,0,17,1,0,2177,4,163,2.142857142857143,2.0,2.3333333333333335
0,0,1,66,0,0,1732,5,3,3.2857142857142856,1.0,4.333333333333333
0,0,1,57,0,1,1756,4,0,2.4285714285714284,3.0,3.3333333333333335
1,0,1,36,1,2,1246,2,31,3.7142857142857144,3.0,3.6666666666666665
1,1,1,46,0,1,216,4,2,4.714285714285714,4.0,4.333333333333333
0,0,1,29,0,0,2003,2,13,3.142857142857143,5.0,3.3333333333333335
1,0,0,26,1,2,2896,4,0,4.142857142857143,4.0,3.6666666666666665
1,1,1,64,0,0,249,3,2,3.4285714285714284,4.0,3.3333333333333335
0,1,1,24,1,2,1851,4,44,3.7142857142857144,3.0,3.6666666666666665
1,1,1,57,0,0,566,2,8,3.5714285714285716,5.0,2.6666666666666665
1,1,1,35,1,0,1374,3,0,3.5714285714285716,4.0,2.6666666666666665
0,0,1,61,0,2,710,4,2,3.0,2.6666666666666665,2.3333333333333335
0,0,1,66,0,0,1380,4,0,3.0,1.0,3.0
1,1,1,44,1,2,420,1,0,3.7142857142857144,4.0,3.6666666666666665
1,1,1,31,1,2,4381,5,23,4.0,4.666666666666667,3.6666666666666665
0,0,1,20,0,0,2382,1,3,3.4285714285714284,5.0,2.6666666666666665
0,0,1,25,1,0,2529,4,10,2.142857142857143,1.6666666666666667,3.3333333333333335
1,0,1,51,1,2,1771,2,14,2.2857142857142856,3.6666666666666665,2.6666666666666665
0,1,1,48,1,2,230,4,9,3.142857142857143,2.6666666666666665,3.6666666666666665
1,1,1,16,0,0,2003,2,5,3.142857142857143,3.0,3.0
1,1,1,46,1,0,1261,5,18,4.142857142857143,4.0,3.6666666666666665
0,0,0,23,1,0,2374,3,0,3.2857142857142856,2.0,3.6666666666666665
1,1,0,24,1,0,1445,5,46,3.7142857142857144,3.0,3.0
1,1,1,7,0,2,2736,4,8,4.857142857142857,5.0,3.6666666666666665
0,1,0,85,1,2,2865,2,0,2.7142857142857144,2.6666666666666665,3.6666666666666665
0,0,1,36,1,2,5270,5,170,3.5714285714285716,3.3333333333333335,3.6666666666666665
1,1,1,47,1,2,2177,4,5,3.7142857142857144,4.333333333333333,4.0
0,0,1,36,0,0,3877,4,0,3.857142857142857,5.0,2.6666666666666665
1,1,1,41,1,0,2000,5,78,3.4285714285714284,4.0,3.6666666666666665
0,0,0,27,1,0,1742,4,6,2.7142857142857144,2.0,3.3333333333333335
1,0,1,56,1,2,462,5,81,4.0,3.6666666666666665,4.666666666666667
1,0,1,41,1,2,855,5,0,3.857142857142857,3.0,4.666666666666667
0,1,0,38,1,0,1810,2,46,2.5714285714285716,4.0,3.3333333333333335
1,1,0,26,1,0,1502,0,0,3.25,1.0,3.3333333333333335
1,1,1,47,0,0,589,4,0,4.142857142857143,4.0,3.3333333333333335
1,1,1,67,0,0,555,1,86,3.857142857142857,4.666666666666667,3.0
0,1,0,23,1,0,1169,2,15,2.5714285714285716,4.0,3.6666666666666665
1,1,1,47,1,2,1815,5,2,4.285714285714286,4.0,4.666666666666667
1,1,1,39,1,2,2198,2,21,3.7142857142857144,4.666666666666667,3.3333333333333335
1,1,1,54,0,0,1175,3,46,4.142857142857143,4.0,3.3333333333333335
1,1,0,20,1,0,2963,4,0,4.428571428571429,5.0,4.333333333333333
1,1,1,42,1,2,1970,4,0,3.857142857142857,3.6666666666666665,4.0
0,0,1,61,0,0,1423,3,21,2.4285714285714284,5.0,2.0
1,0,1,53,1,2,482,4,0,4.142857142857143,4.0,4.0
0,0,1,32,0,0,2372,5,6,3.142857142857143,2.3333333333333335,3.6666666666666665
1,1,1,47,1,2,706,2,37,4.0,4.333333333333333,3.3333333333333335
1,1,1,41,1,2,776,1,27,3.2857142857142856,4.0,3.0
1,1,1,59,1,2,2160,4,0,4.142857142857143,4.333333333333333,4.0
1,0,1,46,1,1,1508,2,0,3.5714285714285716,4.0,2.3333333333333335
1,1,1,56,0,1,1440,4,0,3.4285714285714284,3.6666666666666665,3.0
1,0,1,60,1,2,1595,5,0,4.285714285714286,4.333333333333333,4.666666666666667
1,1,1,38,1,1,1386,2,0,2.5714285714285716,4.0,2.6666666666666665
1,0,1,40,0,0,3122,4,0,4.0,4.0,3.0
0,1,0,46,1,0,1742,5,0,2.7142857142857144,3.0,4.0
0,1,1,30,1,2,3522,5,47,2.2857142857142856,1.3333333333333333,3.3333333333333335
1,0,1,47,1,2,3758,2,0,3.142857142857143,3.0,3.0
0,0,0,24,1,0,1909,3,0,3.142857142857143,5.0,3.0
0,0,0,37,1,0,2187,1,16,2.4285714285714284,4.0,4.0
1,0,1,63,1,2,451,2,15,3.7142857142857144,4.333333333333333,3.0
1,1,1,21,0,0,1751,5,16,4.571428571428571,4.666666666666667,4.666666666666667
0,0,0,50,1,2,2205,4,0,3.2857142857142856,1.0,2.6666666666666665
0,1,0,38,1,0,1450,4,42,2.7142857142857144,2.0,3.0
0,0,1,18,0,2,1988,4,0,3.4285714285714284,3.0,3.6666666666666665
1,0,1,38,1,2,1875,2,4,3.4285714285714284,3.6666666666666665,3.0
0,1,0,49,1,1,1788,3,22,2.5714285714285716,1.6666666666666667,3.0
1,1,1,50,1,2,2498,3,0,4.142857142857143,4.333333333333333,4.0
0,0,0,24,1,0,2205,2,13,2.857142857142857,4.0,3.6666666666666665
0,1,0,15,1,0,1805,2,3,3.0,3.6666666666666665,2.6666666666666665
1,1,1,33,1,2,2849,3,0,3.7142857142857144,4.333333333333333,3.6666666666666665
1,0,1,60,1,2,269,0,0,4.2,4.0,3.0
0,0,1,50,0,2,1300,4,7,2.857142857142857,4.0,3.6666666666666665
1,0,1,55,1,2,2745,2,0,3.142857142857143,4.666666666666667,3.6666666666666665
1,0,1,37,1,2,364,5,0,4.142857142857143,2.6666666666666665,4.333333333333333
0,0,1,38,0,0,3469,3,32,2.857142857142857,1.0,4.0
0,0,1,34,0,0,2090,5,33,4.142857142857143,4.0,3.0
0,0,1,49,1,1,1202,1,106,1.7142857142857142,1.0,1.6666666666666667
1,0,1,26,1,2,3321,2,2,3.857142857142857,5.0,3.0
1,1,1,23,0,0,1842,5,13,4.857142857142857,4.666666666666667,4.666666666666667
0,0,1,26,0,0,2145,3,0,3.5714285714285716,3.6666666666666665,3.0
0,0,0,26,1,0,1694,4,0,2.857142857142857,4.0,3.3333333333333335
0,0,1,49,0,0,1926,5,0,2.2857142857142856,4.0,3.3333333333333335
1,1,1,37,1,2,3798,4,0,3.4285714285714284,3.3333333333333335,4.0
0,0,1,12,0,0,3570,5,1,2.4285714285714284,2.0,3.0
1,1,1,45,0,0,493,4,0,3.857142857142857,3.6666666666666665,4.0
1,0,1,53,1,2,2112,3,0,4.142857142857143,4.333333333333333,3.6666666666666665
0,1,1,38,0,0,2272,0,9,4.285714285714286,5.0,3.6666666666666665
1,1,1,59,1,2,248,2,0,3.4285714285714284,4.0,3.6666666666666665
0,0,1,42,0,0,1994,5,0,3.142857142857143,3.0,4.666666666666667
0,0,1,11,0,0,1133,2,0,1.8571428571428572,3.0,2.0
1,0,1,62,1,1,2271,1,5,3.142857142857143,4.0,1.6666666666666667
1,1,1,36,1,2,3259,3,0,4.428571428571429,5.0,4.0
0,0,1,12,0,0,1193,1,0,3.857142857142857,3.6666666666666665,3.3333333333333335
0,1,1,36,1,2,1644,1,0,1.7142857142857142,3.0,1.3333333333333333
0,0,0,77,1,2,277,1,0,2.4285714285714284,2.6666666666666665,2.3333333333333335
1,0,1,59,1,2,3118,2,4,3.2857142857142856,3.6666666666666665,3.6666666666666665
0,1,0,40,1,2,1775,2,0,2.857142857142857,3.0,3.0
0,0,0,36,1,2,2902,3,0,3.142857142857143,1.0,3.6666666666666665
1,0,1,35,1,0,1523,5,41,4.714285714285714,5.0,4.0
0,1,1,24,1,0,3366,5,97,3.142857142857143,2.0,2.6666666666666665
0,1,1,33,1,2,2170,2,0,2.142857142857143,2.0,2.0
1,0,1,44,0,1,2680,3,7,3.0,1.0,1.6666666666666667
0,0,0,37,1,0,1207,0,0,2.7142857142857144,4.0,3.3333333333333335
1,1,1,54,1,2,2556,2,0,3.5714285714285716,4.0,3.3333333333333335
1,0,0,24,1,2,1532,5,0,4.142857142857143,4.0,3.0
0,0,1,55,0,0,2337,4,0,3.0,3.0,3.3333333333333335
1,1,1,41,1,2,237,1,0,3.857142857142857,4.666666666666667,3.3333333333333335
1,0,1,35,1,2,3977,5,0,4.142857142857143,2.6666666666666665,3.0
1,0,1,58,1,2,1627,5,29,4.285714285714286,4.333333333333333,4.666666666666667
0,0,1,23,0,0,2524,4,11,1.7142857142857142,1.0,3.6666666666666665
0,0,1,37,0,1,1311,4,19,3.142857142857143,5.0,4.333333333333333
1,0,1,39,1,2,307,2,46,3.2857142857142856,4.333333333333333,3.0
0,0,0,26,1,2,2487,2,0,2.4285714285714284,1.0,4.0
1,1,1,43,1,2,5652,3,202,4.285714285714286,5.0,4.0
1,0,1,40,1,2,2191,4,0,4.0,3.6666666666666665,4.333333333333333
0,1,1,36,1,2,3662,4,0,2.142857142857143,3.0,2.6666666666666665
1,1,1,33,1,1,1560,3,0,3.7142857142857144,5.0,3.3333333333333335
1,0,1,41,1,0,2838,5,0,4.142857142857143,5.0,5.0
1,0,1,16,0,0,2426,4,1,3.857142857142857,2.0,4.0
1,0,1,33,1,2,4204,3,0,3.4285714285714284,4.0,4.0
0,1,1,46,1,0,909,3,0,2.857142857142857,3.0,2.3333333333333335
1,1,1,45,0,0,2056,4,0,3.7142857142857144,3.3333333333333335,3.3333333333333335
0,1,0,31,1,0,2091,2,0,1.8571428571428572,2.0,2.3333333333333335
0,1,0,44,1,0,2255,2,0,2.857142857142857,1.0,3.6666666666666665
1,1,1,48,1,2,2561,3,0,3.2857142857142856,3.6666666666666665,3.3333333333333335
1,0,1,36,1,2,204,2,28,3.7142857142857144,4.666666666666667,4.0
1,0,1,53,1,2,2976,5,3,4.571428571428571,4.333333333333333,4.333333333333333
1,1,1,53,1,2,1433,1,22,2.857142857142857,4.0,2.6666666666666665
0,0,0,37,1,0,2083,3,163,3.142857142857143,4.0,3.3333333333333335
0,0,1,44,1,0,3609,1,0,2.4285714285714284,2.0,2.6666666666666665
0,1,0,33,1,2,1225,1,8,1.8571428571428572,2.0,3.0
0,0,1,56,1,2,1643,3,0,3.0,2.3333333333333335,3.3333333333333335
1,0,1,37,1,1,2208,4,4,2.5714285714285716,4.0,2.0
1,1,1,45,1,2,499,2,2,3.0,4.0,2.3333333333333335
1,0,1,42,0,0,1928,4,23,4.571428571428571,4.0,3.3333333333333335
1,1,1,59,0,0,788,5,1,3.5714285714285716,3.0,4.0
0,0,1,8,0,0,2926,5,0,3.0,2.0,4.0
1,1,1,51,1,2,88,3,6,4.0,4.666666666666667,4.333333333333333
1,1,1,28,1,2,1638,2,0,2.2857142857142856,3.0,3.6666666666666665
1,0,1,45,1,2,2059,3,0,3.857142857142857,4.333333333333333,4.333333333333333
1,1,1,39,1,2,3228,1,3,2.7142857142857144,3.6666666666666665,2.3333333333333335
1,1,1,28,1,2,2061,3,0,3.857142857142857,4.0,3.6666666666666665
1,1,1,55,1,2,2207,5,18,4.285714285714286,4.333333333333333,4.333333333333333
1,0,1,19,0,0,1807,4,0,4.571428571428571,5.0,4.333333333333333
0,1,0,32,1,0,1876,5,82,2.857142857142857,4.0,3.3333333333333335
0,0,1,20,0,0,2342,4,5,3.7142857142857144,4.0,4.0
0,0,0,17,1,0,1517,1,0,2.4285714285714284,3.0,2.6666666666666665
1,1,1,56,0,0,2069,2,0,3.5714285714285716,4.0,3.0
0,0,1,60,0,2,585,1,0,2.142857142857143,2.0,2.0
0,0,0,36,1,2,2124,3,3,3.2857142857142856,2.0,3.3333333333333335
0,1,0,23,1,0,1737,1,0,2.4285714285714284,2.0,3.6666666666666665
1,1,1,45,1,2,775,2,0,3.0,3.6666666666666665,3.3333333333333335
1,0,1,20,1,2,2903,4,36,3.857142857142857,4.0,4.333333333333333
1,0,1,38,1,2,454,5,0,2.4285714285714284,2.0,3.3333333333333335
0,1,1,51,1,2,2169,5,114,2.7142857142857144,2.6666666666666665,2.6666666666666665
1,1,1,36,0,0,1888,1,2,3.142857142857143,4.333333333333333,2.0
1,0,1,45,1,1,2539,5,0,3.4285714285714284,2.0,4.666666666666667
1,1,1,46,1,2,2026,4,9,4.571428571428571,4.666666666666667,5.0
1,0,1,45,1,2,520,5,26,4.857142857142857,4.666666666666667,4.333333333333333
0,0,1,43,1,2,1447,2,14,2.142857142857143,2.0,2.0
0,0,1,46,1,0,1948,5,40,2.4285714285714284,2.0,3.6666666666666665
1,1,1,67,0,0,2468,5,12,4.428571428571429,4.333333333333333,4.333333333333333
0,0,1,33,1,2,4571,1,0,2.7142857142857144,2.0,2.0
1,1,1,25,1,2,4934,5,3,3.857142857142857,2.0,4.333333333333333
1,1,1,44,1,2,228,0,11,4.4,4.333333333333333,3.6666666666666665
0,0,0,37,1,2,1972,1,1,3.142857142857143,5.0,4.0
1,1,1,26,1,2,2783,1,0,3.857142857142857,4.0,2.6666666666666665
0,1,1,31,1,2,1167,5,0,2.4285714285714284,1.0,3.6666666666666665
1,0,1,52,1,2,1957,5,0,4.285714285714286,4.0,4.333333333333333
1,1,1,50,1,2,372,0,0,4.8,4.333333333333333,3.6666666666666665
1,0,1,43,1,2,3955,1,44,3.2857142857142856,4.0,3.0
0,0,1,55,0,0,2340,2,3,3.5714285714285716,5.0,2.3333333333333335
1,1,1,57,1,2,2650,5,0,4.571428571428571,4.333333333333333,4.0
1,1,1,41,1,2,1693,1,0,3.7142857142857144,5.0,3.3333333333333335
1,0,1,36,1,2,3971,1,0,3.7142857142857144,3.0,3.0
1,1,1,42,1,2,3625,2,1,3.4285714285714284,3.6666666666666665,3.0
0,0,1,62,0,0,2237,5,0,2.857142857142857,5.0,4.666666666666667
1,1,1,46,1,2,562,1,0,2.0,3.0,2.3333333333333335
0,1,0,37,1,0,3302,4,3,3.4285714285714284,5.0,2.3333333333333335
1,1,1,58,1,0,313,5,6,4.0,3.6666666666666665,3.3333333333333335
0,0,1,26,0,0,1423,3,0,2.142857142857143,5.0,3.3333333333333335
0,0,1,51,0,1,1620,5,0,3.2857142857142856,4.0,4.666666666666667
0,1,1,60,1,1,443,3,0,3.142857142857143,2.6666666666666665,3.3333333333333335
1,1,1,58,1,2,2392,3,0,3.857142857142857,4.333333333333333,3.6666666666666665
0,1,0,25,1,2,1551,0,0,2.4285714285714284,3.0,4.0
0,0,1,52,1,2,233,1,0,2.2857142857142856,2.6666666666666665,2.6666666666666665
0,0,1,54,1,0,2603,1,49,2.0,2.0,2.6666666666666665
1,1,1,51,1,2,3962,4,0,4.0,4.333333333333333,3.6666666666666665
0,1,1,44,1,2,3246,3,0,3.5714285714285716,3.0,3.0
1,1,1,54,0,0,307,2,7,3.142857142857143,4.0,3.0
0,1,1,53,1,2,467,3,24,2.5714285714285716,3.0,2.6666666666666665
1,1,1,51,1,2,2335,1,0,3.5714285714285716,4.0,3.0
1,1,1,50,1,2,1783,2,20,2.4285714285714284,3.6666666666666665,3.0
0,0,1,58,0,0,1907,4,108,2.142857142857143,2.0,1.6666666666666667
0,1,0,35,1,2,1592,2,4,3.2857142857142856,4.0,4.333333333333333
1,0,0,27,1,2,2080,4,0,4.142857142857143,5.0,4.0
0,0,1,40,0,1,2449,4,0,2.857142857142857,1.0,4.0
0,1,0,27,1,0,2220,3,0,3.0,4.0,3.0
1,0,1,49,1,2,614,5,46,3.142857142857143,3.6666666666666665,4.0
0,0,0,25,1,0,1168,4,0,2.142857142857143,1.0,3.6666666666666665
1,0,1,23,1,2,4448,1,0,3.5714285714285716,5.0,3.3333333333333335
0,0,0,30,1,0,1899,3,5,2.857142857142857,4.0,3.0
1,0,1,47,1,2,418,1,0,2.2857142857142856,4.0,2.0
1,1,1,55,1,2,1166,5,0,4.142857142857143,4.333333333333333,4.666666666666667
0,0,1,70,0,1,2115,5,0,3.142857142857143,2.0,3.6666666666666665
0,0,0,36,1,2,1347,4,0,4.428571428571429,4.0,4.0
0,1,1,41,1,0,2029,3,132,2.142857142857143,2.0,2.6666666666666665
1,0,1,42,1,2,3122,5,0,4.8,5.0,4.333333333333333
0,1,0,26,1,0,2089,4,2,2.2857142857142856,4.0,2.6666666666666665
0,0,1,54,0,1,2622,5,10,3.2857142857142856,3.0,3.3333333333333335
1,0,1,51,1,2,3036,5,0,4.857142857142857,4.0,4.333333333333333
1,1,1,59,0,2,1062,2,0,3.7142857142857144,4.333333333333333,3.6666666666666665
1,1,1,54,1,2,394,3,9,4.142857142857143,4.0,4.0
0,1,0,50,1,2,2849,2,0,2.857142857142857,4.0,3.0
1,1,1,41,1,2,2724,3,31,3.7142857142857144,4.0,4.0
0,0,0,38,1,0,1604,4,0,3.5714285714285716,5.0,3.3333333333333335
1,0,0,26,1,0,1170,0,0,4.0,2.0,4.333333333333333
1,0,1,54,1,2,1460,5,48,4.714285714285714,3.6666666666666665,4.0
0,1,1,42,0,0,409,5,39,3.4285714285714284,4.333333333333333,4.0
0,0,1,14,0,0,1491,1,22,3.0,2.0,2.6666666666666665
0,0,1,35,0,0,1475,4,0,3.142857142857143,5.0,2.6666666666666665
1,1,1,61,0,0,1487,3,5,3.7142857142857144,4.333333333333333,4.0
0,1,0,24,1,0,2592,4,10,3.4285714285714284,2.3333333333333335,3.0
0,0,1,12,0,0,1575,5,29,1.8571428571428572,1.6666666666666667,2.6666666666666665
0,1,1,44,0,0,966,5,0,3.142857142857143,2.3333333333333335,3.3333333333333335
1,1,1,8,0,0,1546,1,0,3.857142857142857,3.0,2.6666666666666665
1,1,1,57,0,0,343,4,1,4.714285714285714,4.0,3.3333333333333335
1,0,0,21,1,2,2285,0,13,3.7142857142857144,2.0,3.6666666666666665
1,0,1,43,1,2,3725,1,19,2.4285714285714284,3.6666666666666665,2.3333333333333335
0,0,1,25,1,1,2354,2,2,2.5714285714285716,1.6666666666666667,2.3333333333333335
1,0,1,25,1,2,3204,5,0,4.285714285714286,3.0,3.3333333333333335
1,0,1,40,1,2,673,3,27,4.142857142857143,4.333333333333333,4.0
0,1,1,54,0,0,3288,2,162,2.2857142857142856,4.0,3.6666666666666665
0,0,1,20,0,0,3557,2,0,2.2857142857142856,3.0,3.6666666666666665
1,0,1,50,1,2,59,4,6,3.857142857142857,4.0,2.6666666666666665
1,0,1,22,1,2,4397,1,0,3.142857142857143,5.0,3.0
0,1,1,58,1,2,3187,2,4,1.7142857142857142,2.3333333333333335,2.0
0,0,1,29,0,0,1874,5,0,3.142857142857143,2.0,3.0
0,0,0,20,1,0,1257,4,3,3.2857142857142856,5.0,3.6666666666666665
0,0,1,68,0,0,2606,4,0,3.142857142857143,4.0,3.6666666666666665
1,1,1,48,1,2,578,3,13,4.0,2.6666666666666665,3.3333333333333335
1,0,1,65,1,2,3560,5,2,3.6,2.3333333333333335,1.6666666666666667
1,0,1,60,1,2,366,5,0,4.142857142857143,3.3333333333333335,4.333333333333333
0,1,0,54,1,2,1901,2,23,3.142857142857143,4.0,2.6666666666666665
0,1,1,56,1,0,368,2,0,3.0,3.6666666666666665,3.0
1,0,1,66,1,1,2078,3,0,3.7142857142857144,4.0,4.0
1,0,1,48,0,0,1525,5,0,3.5,4.0,3.6666666666666665
1,1,1,36,1,2,207,2,54,3.857142857142857,4.333333333333333,4.0
0,1,1,32,0,0,1830,4,143,3.2,3.0,2.3333333333333335
1,1,1,40,1,0,1777,2,8,3.5714285714285716,5.0,2.6666666666666665
1,1,1,36,1,2,316,2,0,4.428571428571429,4.0,4.333333333333333
1,0,1,46,1,0,2153,4,0,3.857142857142857,4.0,3.0
1,0,1,57,1,2,2854,0,0,4.0,4.0,4.0
1,1,1,45,1,2,454,4,0,3.857142857142857,3.0,3.0
0,0,1,59,0,0,2004,2,8,3.4285714285714284,3.3333333333333335,3.3333333333333335
1,1,1,52,1,2,3353,3,0,4.0,3.3333333333333335,3.3333333333333335
1,0,1,10,1,2,2989,5,4,4.428571428571429,5.0,4.0
0,1,0,21,1,0,1612,2,0,3.0,3.0,3.3333333333333335
0,0,1,58,0,0,2162,5,0,3.0,2.3333333333333335,4.333333333333333
1,0,1,25,1,2,2391,4,7,3.142857142857143,4.0,3.6666666666666665
1,1,1,46,0,0,62,4,0,4.571428571428571,4.666666666666667,4.0
1,0,1,42,1,0,2103,3,22,4.142857142857143,5.0,2.3333333333333335
1,1,1,23,1,2,1930,1,0,2.7142857142857144,4.0,3.0
0,0,1,50,1,2,708,3,25,3.142857142857143,3.0,3.0
1,1,1,50,1,2,2524,5,0,4.142857142857143,4.333333333333333,4.666666666666667
1,1,1,49,0,0,661,3,0,4.428571428571429,4.666666666666667,4.333333333333333
1,0,0,28,1,2,2100,4,0,4.142857142857143,3.0,4.333333333333333
1,0,1,38,1,2,3621,4,23,4.285714285714286,4.666666666666667,4.333333333333333
0,1,1,15,0,0,2959,5,0,3.7142857142857144,1.6666666666666667,3.0
1,0,1,8,0,2,2512,1,6,3.5714285714285716,1.0,3.3333333333333335
0,0,1,51,1,2,3586,4,51,2.5714285714285716,2.6666666666666665,2.6666666666666665
0,0,1,40,0,0,1952,5,0,3.5714285714285716,2.0,3.3333333333333335
1,1,1,62,0,1,379,5,1,3.7142857142857144,5.0,3.0
0,0,1,33,0,0,2587,5,0,2.2857142857142856,2.0,3.3333333333333335
0,0,1,27,0,0,2368,5,3,2.4285714285714284,3.0,1.0
1,1,1,35,1,1,2327,4,0,4.142857142857143,4.0,3.3333333333333335
0,1,1,38,1,2,3703,5,0,2.7142857142857144,2.6666666666666665,3.0
0,0,1,44,1,0,3619,3,17,3.857142857142857,4.0,2.3333333333333335
0,1,0,85,1,2,2507,3,58,2.2857142857142856,1.6666666666666667,2.6666666666666665
0,1,0,35,1,2,1584,3,5,3.0,1.6666666666666667,4.0
1,1,1,27,0,0,2987,3,0,3.7142857142857144,4.333333333333333,3.6666666666666665
0,0,1,28,0,0,1765,4,10,3.0,5.0,3.0
0,1,1,59,1,2,1967,4,0,2.4285714285714284,2.3333333333333335,2.6666666666666665
0,1,0,24,1,0,1983,0,12,2.857142857142857,4.0,2.6666666666666665
1,0,1,52,1,2,2881,4,1,4.714285714285714,4.0,4.666666666666667
1,0,1,31,1,2,1846,5,0,4.285714285714286,4.0,4.333333333333333
0,0,0,25,1,0,1838,1,6,2.142857142857143,1.0,4.0
1,0,1,47,1,2,2672,2,0,3.857142857142857,3.6666666666666665,3.3333333333333335
1,1,1,13,0,0,3153,2,0,3.5714285714285716,3.3333333333333335,3.0
1,1,1,53,1,2,3949,0,0,4.4,4.0,4.0
0,0,1,62,0,0,2975,5,0,3.142857142857143,5.0,4.333333333333333
0,0,1,30,0,0,2405,5,6,2.857142857142857,5.0,3.0
1,1,1,62,0,0,510,3,0,4.0,4.0,4.0
0,0,1,23,1,2,1649,2,37,1.7142857142857142,1.0,2.6666666666666665
0,0,0,44,1,2,1265,3,0,2.7142857142857144,3.0,4.0
1,0,1,38,1,2,3154,5,0,3.7142857142857144,3.6666666666666665,4.0
1,1,1,57,1,2,1204,4,0,3.7142857142857144,4.0,4.0
0,0,1,22,1,0,1056,3,0,2.2857142857142856,2.3333333333333335,2.0
1,1,1,58,1,1,233,1,74,4.428571428571429,2.6666666666666665,3.6666666666666665
1,0,1,34,1,2,394,2,78,3.5714285714285716,4.333333333333333,3.0
1,1,1,49,1,2,645,1,0,2.7142857142857144,3.6666666666666665,2.6666666666666665
1,0,1,45,1,0,1168,3,1,3.142857142857143,3.0,3.0
1,1,1,45,1,2,2764,4,5,4.142857142857143,4.0,3.6666666666666665
0,1,1,34,0,0,1995,2,0,3.4285714285714284,2.0,2.6666666666666665
0,1,1,23,1,2,4917,5,0,2.857142857142857,2.0,4.0
1,0,1,50,1,2,1134,4,0,3.7142857142857144,3.3333333333333335,3.3333333333333335
1,1,1,32,0,0,1901,2,1,3.7142857142857144,4.666666666666667,4.0
1,0,1,63,1,2,3233,1,0,3.5714285714285716,4.0,3.0
1,1,1,51,1,2,233,4,0,3.2857142857142856,3.3333333333333335,3.0
1,1,1,39,0,0,1663,5,0,4.0,5.0,4.666666666666667
0,1,1,25,1,2,3943,3,44,1.8571428571428572,1.0,2.6666666666666665
1,1,1,26,1,2,4442,4,0,4.285714285714286,5.0,4.333333333333333
0,0,1,10,1,2,5484,3,9,2.142857142857143,1.0,3.6666666666666665
1,1,1,38,1,0,2468,3,0,4.0,5.0,3.3333333333333335
0,1,1,14,0,0,1650,5,0,3.5714285714285716,5.0,2.6666666666666665
0,0,1,35,0,0,2371,5,0,2.857142857142857,3.0,3.6666666666666665
1,1,1,61,0,2,557,1,0,3.2857142857142856,4.666666666666667,3.0
1,1,1,47,1,2,993,1,0,2.4285714285714284,3.6666666666666665,2.6666666666666665
1,0,1,49,1,2,3505,5,0,4.714285714285714,4.333333333333333,4.666666666666667
0,0,1,7,0,2,1472,5,57,3.5714285714285716,2.3333333333333335,3.6666666666666665
1,1,1,79,1,0,82,4,0,4.0,3.3333333333333335,4.333333333333333
1,1,1,50,0,0,396,4,0,4.142857142857143,4.333333333333333,4.333333333333333
1,0,1,28,1,2,4544,5,6,4.285714285714286,5.0,3.3333333333333335
0,1,0,47,1,0,1385,4,0,2.857142857142857,3.0,2.0
1,1,1,56,1,2,3107,2,11,3.2857142857142856,4.333333333333333,3.0
0,0,1,17,0,0,4319,4,15,3.4285714285714284,1.0,3.3333333333333335
1,1,1,23,0,0,2459,1,50,3.857142857142857,4.333333333333333,3.3333333333333335
0,0,1,69,0,0,1950,5,0,2.5714285714285716,4.0,3.3333333333333335
1,0,1,33,0,0,1692,4,22,3.5714285714285716,1.0,3.0
0,1,1,26,1,2,4892,1,0,2.857142857142857,3.0,2.3333333333333335
0,0,1,34,0,1,3786,4,0,2.7142857142857144,3.0,2.6666666666666665
0,0,0,27,1,0,2303,1,0,1.8571428571428572,2.0,3.3333333333333335
1,1,1,31,1,2,3741,4,0,4.285714285714286,4.0,4.333333333333333
1,1,1,52,1,2,380,0,12,4.4,4.333333333333333,4.666666666666667
1,1,1,39,1,2,2593,3,233,3.0,3.0,3.3333333333333335
1,0,1,42,1,0,2461,2,7,3.142857142857143,4.0,2.3333333333333335
0,0,1,72,1,2,2252,4,61,3.5714285714285716,3.3333333333333335,3.0
1,1,1,28,0,0,1743,2,0,3.5714285714285716,4.0,3.6666666666666665
0,1,1,62,1,2,3971,3,9,2.5714285714285716,2.6666666666666665,3.0
1,1,1,47,1,2,2747,1,0,3.4285714285714284,4.333333333333333,3.3333333333333335
1,1,1,59,0,1,468,3,6,3.4285714285714284,4.0,3.6666666666666665
1,0,1,40,1,0,1737,1,0,3.5714285714285716,5.0,3.0
0,1,0,36,1,1,1863,3,96,3.0,2.0,3.6666666666666665
1,0,1,57,1,2,1814,0,60,4.4,4.666666666666667,3.3333333333333335
0,0,1,57,0,0,3126,1,5,3.2857142857142856,5.0,2.6666666666666665
1,0,1,34,1,2,816,4,0,3.857142857142857,4.666666666666667,4.333333333333333
0,0,0,36,1,0,1001,0,38,3.142857142857143,1.0,3.0
1,0,1,19,1,2,4364,5,0,4.0,5.0,3.3333333333333335
0,1,0,36,1,0,2610,2,70,3.142857142857143,4.0,3.3333333333333335
0,1,1,26,1,0,2500,5,0,2.2857142857142856,2.0,4.0
1,1,1,66,0,1,875,2,0,4.0,5.0,3.3333333333333335
0,0,1,63,1,2,2588,5,16,2.0,2.6666666666666665,2.3333333333333335
1,1,1,60,1,2,2610,4,0,4.142857142857143,4.0,3.6666666666666665
1,1,0,28,1,2,2294,4,0,4.285714285714286,3.0,3.0
1,1,1,47,1,2,1634,3,0,3.4285714285714284,4.666666666666667,4.0
1,0,1,26,1,2,1958,1,6,2.857142857142857,4.0,2.0
0,1,1,52,1,0,53,2,25,2.5714285714285716,3.0,1.6666666666666667
1,1,1,51,0,0,430,2,3,2.857142857142857,4.0,3.3333333333333335
0,0,0,37,1,2,2399,1,0,2.5714285714285716,4.333333333333333,4.0
0,0,1,44,0,1,2903,5,3,3.857142857142857,3.0,4.0
0,0,1,58,1,1,1836,2,8,2.0,1.0,2.3333333333333335
1,1,1,11,0,0,3046,2,0,3.2857142857142856,4.333333333333333,3.0
1,0,1,38,1,0,1142,4,0,3.5714285714285716,5.0,3.3333333333333335
1,1,1,32,1,0,4128,0,25,3.5,3.0,3.0
1,0,1,37,1,2,284,3,59,3.2857142857142856,3.0,4.0
0,1,0,35,1,0,2911,2,0,2.0,2.3333333333333335,4.333333333333333
1,0,1,50,1,2,3645,3,12,4.285714285714286,4.333333333333333,4.333333333333333
1,0,1,43,1,2,2132,1,0,3.2857142857142856,3.6666666666666665,3.3333333333333335
1,1,1,70,0,2,656,5,66,3.4285714285714284,4.0,3.3333333333333335
1,0,1,50,1,2,622,2,0,3.7142857142857144,3.6666666666666665,3.3333333333333335
1,0,1,53,1,2,1600,5,0,4.571428571428571,3.3333333333333335,5.0
0,0,1,52,0,0,3286,4,80,3.4285714285714284,2.0,3.0
0,0,0,26,1,2,1637,0,0,3.7142857142857144,1.0,2.0
0,0,1,30,0,0,2669,5,0,2.2857142857142856,3.0,3.0
1,0,1,47,1,2,2415,2,4,3.4285714285714284,4.333333333333333,3.0
1,0,1,40,1,2,2753,1,0,2.857142857142857,4.0,2.6666666666666665
1,1,1,57,1,2,2360,3,0,3.2857142857142856,4.0,3.6666666666666665
0,1,1,66,0,0,697,4,3,4.428571428571429,4.333333333333333,3.6666666666666665
0,1,1,49,1,0,602,4,7,2.142857142857143,2.6666666666666665,2.3333333333333335
1,0,1,52,1,2,1917,3,0,4.142857142857143,4.666666666666667,4.0
0,1,0,30,1,0,1682,3,0,3.4285714285714284,5.0,3.3333333333333335
1,1,1,68,0,0,651,3,17,3.2857142857142856,4.0,4.333333333333333
0,0,0,44,1,0,2082,2,85,2.0,1.0,3.6666666666666665
1,1,1,43,1,2,945,3,0,4.0,4.666666666666667,3.6666666666666665
1,1,0,29,1,2,2354,4,0,4.285714285714286,4.0,4.666666666666667
1,1,1,29,0,0,1134,4,55,3.5714285714285716,4.0,3.6666666666666665
1,0,1,38,1,1,2842,4,0,4.0,4.0,2.3333333333333335
0,0,0,28,1,2,2390,4,0,3.7142857142857144,3.0,3.0
0,0,1,13,0,0,2210,5,0,2.142857142857143,1.0,3.0
1,1,1,20,0,0,3135,5,58,4.0,4.0,4.666666666666667
1,0,0,37,1,2,1336,5,19,3.857142857142857,1.0,4.333333333333333
0,1,0,38,1,2,1892,1,0,3.142857142857143,5.0,4.333333333333333
0,1,1,43,1,2,2474,4,0,2.7142857142857144,3.0,3.3333333333333335
0,1,1,70,0,0,2279,5,0,3.857142857142857,4.666666666666667,4.0
0,0,1,49,1,2,2830,4,0,4.142857142857143,4.0,3.6666666666666665
1,1,1,40,1,2,2596,1,4,3.5714285714285716,4.333333333333333,3.0
1,1,1,48,0,0,311,2,0,3.5714285714285716,3.6666666666666665,3.0
0,1,0,50,1,2,1199,3,0,3.0,2.3333333333333335,3.6666666666666665
0,1,1,12,0,0,1294,5,53,3.4285714285714284,2.0,4.0
1,1,0,29,1,2,1940,4,64,4.142857142857143,3.6666666666666665,4.333333333333333
1,1,0,80,1,2,236,1,12,2.7142857142857144,3.3333333333333335,4.0
1,1,1,54,1,2,2218,2,100,3.2857142857142856,4.333333333333333,3.0
0,1,0,24,1,0,1867,4,0,2.857142857142857,2.0,4.0
1,1,1,54,1,2,1768,1,10,3.2857142857142856,4.333333333333333,3.0
0,1,0,29,1,0,2556,1,101,2.2857142857142856,1.6666666666666667,2.6666666666666665
1,1,1,66,0,0,562,0,0,3.142857142857143,3.3333333333333335,2.0
0,0,1,59,0,0,1875,4,11,2.7142857142857144,5.0,3.3333333333333335
0,0,1,69,0,0,1869,5,0,3.142857142857143,4.0,4.0
0,1,1,25,1,2,3127,3,52,3.142857142857143,4.0,4.0
1,0,1,47,1,2,1926,5,84,4.0,4.333333333333333,4.0
1,1,1,48,1,2,92,3,0,4.571428571428571,4.333333333333333,4.666666666666667
0,0,1,57,0,0,2287,0,44,1.5714285714285714,1.0,3.3333333333333335
0,0,1,24,0,0,2872,5,0,2.7142857142857144,4.0,3.0
1,0,1,47,1,2,1786,4,0,4.571428571428571,4.666666666666667,4.0
1,1,1,54,1,0,292,4,0,4.142857142857143,2.3333333333333335,4.333333333333333
1,0,1,54,1,2,3168,1,0,2.4285714285714284,3.3333333333333335,2.3333333333333335
1,0,0,22,1,2,1487,0,0,3.7142857142857144,2.0,4.0
0,0,0,42,1,0,1640,5,92,3.0,3.0,2.0
0,0,1,20,0,0,1697,2,62,2.6,2.3333333333333335,3.6666666666666665
1,1,1,41,0,0,1500,1,8,2.857142857142857,3.0,2.3333333333333335
1,1,0,18,1,0,1595,5,0,3.857142857142857,2.0,3.0
0,0,1,53,1,2,2274,1,25,2.7142857142857144,2.6666666666666665,2.0
0,0,1,20,0,0,2202,1,13,2.2857142857142856,1.6666666666666667,3.0
1,0,1,44,1,2,1435,2,0,3.2857142857142856,4.0,3.3333333333333335
0,1,0,33,1,0,1805,1,0,2.2857142857142856,3.0,2.6666666666666665
1,1,1,52,0,0,868,4,0,4.857142857142857,4.0,4.666666666666667
1,0,1,37,0,0,1560,5,0,4.25,5.0,3.3333333333333335
1,0,1,47,1,0,2297,4,11,3.7142857142857144,5.0,4.0
1,0,1,40,1,2,568,5,35,4.142857142857143,4.0,4.666666666666667
1,0,1,34,1,2,59,3,22,4.0,4.0,4.666666666666667
0,1,0,25,1,0,2150,0,0,2.4285714285714284,4.0,3.3333333333333335
0,1,1,25,0,0,1207,4,0,3.7142857142857144,2.3333333333333335,4.0
1,1,1,48,0,2,1040,1,13,3.2857142857142856,4.0,3.3333333333333335
1,1,1,13,0,0,2143,5,0,3.5714285714285716,4.0,4.0
1,1,1,9,0,0,2568,1,0,3.5714285714285716,3.3333333333333335,3.6666666666666665
1,1,1,45,1,2,2298,2,0,3.5714285714285716,4.0,4.0
1,0,1,58,1,2,859,1,0,2.857142857142857,4.0,3.0
0,1,0,36,1,2,1489,2,6,2.5714285714285716,1.0,3.6666666666666665
1,0,1,38,1,0,1821,2,0,2.7142857142857144,3.0,3.3333333333333335
1,1,1,43,0,2,1832,5,0,2.4285714285714284,3.3333333333333335,3.3333333333333335
1,0,1,42,1,2,3243,5,0,4.428571428571429,4.666666666666667,4.666666666666667
0,0,1,52,1,0,3336,2,0,2.2857142857142856,3.0,2.0
0,1,1,51,1,2,768,2,59,2.857142857142857,2.6666666666666665,3.0
0,0,1,46,1,1,1771,2,21,1.5714285714285714,1.0,2.6666666666666665
0,1,0,30,1,0,1994,3,0,2.5714285714285716,1.0,3.0
1,1,1,58,1,2,966,2,0,3.7142857142857144,3.6666666666666665,3.3333333333333335
1,1,1,45,1,0,615,5,0,4.285714285714286,3.0,3.6666666666666665
0,1,1,10,1,2,4242,4,12,3.142857142857143,3.0,3.0
0,0,1,47,1,2,2266,3,0,1.5714285714285714,1.6666666666666667,1.6666666666666667
0,1,1,57,1,2,2020,5,10,2.0,2.6666666666666665,2.6666666666666665
1,1,1,15,0,0,2005,1,45,3.0,4.0,2.6666666666666665
1,1,1,49,0,0,588,5,16,3.857142857142857,4.333333333333333,3.6666666666666665
0,0,1,33,1,2,1890,5,0,3.142857142857143,3.0,3.6666666666666665
0,0,0,20,1,0,1253,4,108,2.2857142857142856,4.0,3.0
1,1,1,23,1,0,2458,4,31,3.7142857142857144,4.0,3.6666666666666665
1,0,1,43,1,2,1844,3,13,2.5714285714285716,4.0,3.0
1,1,1,42,1,2,1403,5,6,5.0,4.666666666666667,4.333333333333333
0,0,1,68,0,2,1567,5,0,2.7142857142857144,3.6666666666666665,3.0
1,0,1,43,1,0,1820,4,6,2.4285714285714284,2.0,2.6666666666666665
0,1,1,66,1,2,2710,3,0,3.142857142857143,3.0,2.3333333333333335
0,0,1,56,0,0,1970,5,10,3.142857142857143,3.0,4.0
1,1,1,12,0,0,3118,1,0,3.142857142857143,3.6666666666666665,2.0
1,0,1,33,0,0,1622,5,0,4.0,1.0,5.0
1,0,1,47,1,2,1701,3,17,3.7142857142857144,4.333333333333333,4.0
1,1,1,41,1,2,2901,1,19,3.0,4.333333333333333,3.3333333333333335
0,0,1,64,0,1,1715,3,0,2.857142857142857,4.333333333333333,1.6666666666666667
1,0,1,44,1,2,3078,5,5,3.857142857142857,2.3333333333333335,2.6666666666666665
0,1,0,36,1,1,1881,3,0,3.0,3.0,3.0
1,1,1,40,1,1,1456,4,0,3.7142857142857144,4.0,3.0
1,1,1,35,0,0,1800,5,0,3.7142857142857144,3.6666666666666665,3.6666666666666665
1,1,1,43,0,1,286,2,1,3.0,4.666666666666667,2.6666666666666665
0,1,1,31,1,0,2898,2,0,2.4285714285714284,2.0,2.3333333333333335
0,0,1,32,1,0,3810,1,0,2.2857142857142856,3.3333333333333335,2.3333333333333335
1,1,1,33,1,2,2628,0,0,4.0,4.0,3.6666666666666665
1,1,1,33,0,0,1555,4,57,4.0,2.0,3.6666666666666665
1,0,1,49,1,2,573,2,0,3.857142857142857,4.333333333333333,3.3333333333333335
1,1,1,26,1,2,1806,1,0,2.0,2.0,2.3333333333333335
0,1,1,65,1,2,935,5,0,3.5714285714285716,3.6666666666666665,4.333333333333333
1,0,1,52,1,2,3052,1,0,3.7142857142857144,4.0,3.0
1,1,1,31,0,0,3982,3,1,3.2857142857142856,5.0,2.6666666666666665
0,0,0,22,1,0,2737,0,23,3.4,3.0,4.0
0,0,1,53,0,0,2243,3,12,3.0,5.0,3.3333333333333335
0,1,0,26,1,1,1381,0,0,2.5714285714285716,4.666666666666667,3.6666666666666665
0,0,0,22,1,0,1140,3,0,2.142857142857143,2.0,2.6666666666666665
1,0,1,48,1,2,2826,2,7,4.142857142857143,5.0,3.3333333333333335
1,0,1,68,1,2,1698,3,0,3.2,4.333333333333333,3.0
0,1,0,20,1,0,1409,0,0,2.5714285714285716,2.3333333333333335,2.6666666666666665
1,1,1,24,0,0,1623,4,8,3.7142857142857144,3.0,3.3333333333333335
1,1,1,40,1,0,1671,5,0,4.142857142857143,5.0,4.333333333333333
1,1,1,9,0,0,3245,4,118,4.0,4.0,2.6666666666666665
0,1,1,38,1,2,2038,4,15,3.0,3.3333333333333335,3.0
0,0,1,33,1,2,3349,3,26,2.142857142857143,1.0,2.6666666666666665
1,1,1,15,1,2,3228,1,0,3.0,3.0,3.6666666666666665
0,0,1,41,1,2,2556,1,0,2.0,2.3333333333333335,2.0
0,1,1,28,0,0,2750,5,113,3.5714285714285716,1.0,1.6666666666666667
0,0,1,59,0,0,1139,5,0,3.142857142857143,1.0,2.6666666666666665
0,0,1,62,0,0,3503,4,0,3.4285714285714284,3.0,4.333333333333333
1,1,1,42,1,2,2157,3,0,4.714285714285714,4.666666666666667,4.333333333333333
0,1,0,22,1,0,1919,3,0,3.2857142857142856,4.0,2.6666666666666665
1,1,0,25,1,0,1700,3,0,2.857142857142857,2.0,3.3333333333333335
1,1,1,12,0,0,2103,1,0,3.5714285714285716,4.333333333333333,3.6666666666666665
0,1,0,38,1,0,1789,4,0,2.857142857142857,4.0,3.6666666666666665
0,0,1,20,0,1,1873,2,0,3.2857142857142856,4.0,3.0
1,0,1,35,1,0,3047,3,26,2.5714285714285716,2.0,3.3333333333333335
1,1,1,65,0,2,300,1,0,3.0,4.0,2.6666666666666665
0,0,1,55,1,0,2536,3,7,2.5714285714285716,3.0,3.0
1,0,1,23,1,2,3207,1,0,4.142857142857143,4.0,3.3333333333333335
0,0,1,59,0,0,1190,1,0,2.4285714285714284,2.0,3.3333333333333335
1,0,1,30,1,2,3829,2,8,2.5714285714285716,4.0,2.3333333333333335
0,1,1,35,1,2,4705,2,109,2.142857142857143,1.6666666666666667,2.3333333333333335
1,0,1,43,1,2,3721,5,226,4.571428571428571,4.333333333333333,5.0
1,1,1,57,0,0,1055,5,0,3.5714285714285716,3.6666666666666665,2.0
0,0,1,65,0,0,2131,5,0,3.0,5.0,1.6666666666666667
0,1,1,30,0,0,2451,5,0,3.7142857142857144,1.6666666666666667,2.0
0,0,1,30,1,2,1578,4,0,3.7142857142857144,4.0,3.3333333333333335
1,1,1,33,1,2,2917,5,0,4.0,3.3333333333333335,3.6666666666666665
1,0,1,39,1,2,331,0,0,2.0,2.3333333333333335,2.0
1,1,1,26,1,0,3068,3,0,3.4285714285714284,4.666666666666667,3.0
1,1,1,49,0,0,2466,3,0,2.7142857142857144,3.6666666666666665,2.6666666666666665
0,0,0,23,1,0,1910,2,0,3.0,3.0,3.6666666666666665
1,1,1,25,0,0,1425,1,0,3.7142857142857144,4.333333333333333,3.6666666666666665
1,0,1,16,1,2,2187,2,0,2.857142857142857,4.0,3.0
0,1,0,25,1,0,1915,2,0,3.0,2.3333333333333335,2.6666666666666665
1,1,1,54,0,0,485,4,0,3.7142857142857144,5.0,3.3333333333333335
0,1,1,39,0,0,4203,1,376,2.5714285714285716,1.0,2.0
1,0,1,61,1,0,1811,2,0,4.142857142857143,5.0,3.6666666666666665
0,1,1,28,0,0,1639,5,0,3.5714285714285716,2.0,3.6666666666666665
0,1,0,34,1,2,1254,3,4,3.142857142857143,2.6666666666666665,4.666666666666667
1,1,1,48,1,2,2647,1,0,3.0,4.333333333333333,3.3333333333333335
1,1,1,18,0,0,2411,3,0,2.25,3.6666666666666665,2.3333333333333335
0,0,0,37,1,0,2231,1,9,3.2857142857142856,1.0,4.0
1,1,1,25,0,2,1324,1,0,3.7142857142857144,3.6666666666666665,3.3333333333333335
0,1,0,23,1,0,1690,3,6,3.0,3.0,4.0
0,0,1,21,0,0,3773,1,35,2.0,3.0,1.3333333333333333
0,1,0,20,1,0,2626,2,0,2.7142857142857144,5.0,3.0
1,1,1,37,1,0,1287,5,0,4.571428571428571,4.0,2.3333333333333335
1,1,0,20,1,2,2195,5,6,4.5,5.0,3.0
0,1,1,43,1,2,294,2,0,1.8571428571428572,2.6666666666666665,2.0
1,0,1,41,1,2,757,2,9,3.142857142857143,3.3333333333333335,3.0
1,1,1,57,0,0,708,1,0,3.2857142857142856,5.0,2.0
1,1,1,26,0,2,2158,4,0,4.428571428571429,4.0,3.6666666666666665
1,1,1,53,1,2,2454,1,0,2.7142857142857144,3.6666666666666665,3.0
1,1,1,34,1,2,2266,3,0,3.7142857142857144,4.0,4.0
0,0,1,17,0,0,2294,4,0,3.7142857142857144,4.0,3.6666666666666665
0,1,0,30,1,0,1309,3,8,3.4285714285714284,5.0,2.0
1,0,1,39,1,2,2411,3,0,3.8,4.0,3.6666666666666665
1,1,1,37,1,1,1986,5,0,3.7142857142857144,4.0,3.3333333333333335
1,0,1,59,1,2,1615,5,0,3.7142857142857144,2.3333333333333335,3.3333333333333335
0,0,1,44,1,2,2370,2,351,3.4285714285714284,3.0,2.6666666666666665
1,1,1,41,0,1,2147,2,0,3.7142857142857144,4.333333333333333,3.3333333333333335
0,1,1,46,1,0,203,5,17,2.857142857142857,2.3333333333333335,2.6666666666666665
0,0,1,35,1,2,2982,4,13,3.857142857142857,4.0,4.0
1,1,1,48,0,0,314,2,0,3.2857142857142856,4.0,3.0
1,1,1,51,1,2,563,2,0,3.2857142857142856,3.6666666666666665,2.6666666666666665
1,1,1,28,1,2,3282,3,58,3.7142857142857144,4.0,3.6666666666666665
0,1,0,23,1,0,1997,4,1,3.2857142857142856,2.0,3.0
0,1,1,59,0,0,581,3,52,3.0,3.0,2.3333333333333335
0,0,1,35,0,0,2095,3,9,3.5714285714285716,5.0,3.3333333333333335
1,1,1,40,1,1,1133,3,0,2.7142857142857144,2.0,3.3333333333333335
1,0,1,59,1,2,2098,5,0,4.428571428571429,5.0,4.666666666666667
1,0,1,47,1,2,3713,5,2,3.0,3.3333333333333335,3.0
1,1,1,45,0,0,534,2,8,3.7142857142857144,4.0,4.0
1,1,1,47,1,2,2870,5,55,3.5714285714285716,3.3333333333333335,3.6666666666666665
0,1,0,43,1,0,1617,1,0,3.0,4.0,2.6666666666666665
1,1,1,9,0,0,1299,5,0,4.2,4.333333333333333,5.0
1,0,1,34,1,2,2591,3,0,2.7142857142857144,4.0,3.3333333333333335
1,1,1,52,1,2,904,4,10,4.428571428571429,4.333333333333333,4.666666666666667
0,0,1,24,1,2,1848,3,0,3.0,4.0,3.3333333333333335
0,0,1,31,1,1,3240,1,3,2.7142857142857144,2.0,1.3333333333333333
0,0,1,57,1,2,3086,5,3,3.0,2.3333333333333335,3.6666666666666665
1,1,1,52,1,2,744,5,0,4.285714285714286,4.666666666666667,4.0
0,0,1,56,0,0,2680,2,0,3.0,4.0,2.3333333333333335
1,1,1,33,1,0,1767,4,25,4.428571428571429,5.0,3.0
0,1,0,40,1,2,1386,3,0,4.142857142857143,5.0,4.666666666666667
0,1,1,29,1,1,3754,2,20,2.2857142857142856,3.0,2.0
0,0,1,20,0,1,3018,2,0,2.142857142857143,3.0,4.0
0,1,1,67,1,2,3784,5,36,3.142857142857143,2.0,3.6666666666666665
1,1,1,28,1,0,2477,0,0,2.25,1.0,4.333333333333333
0,0,0,27,1,2,2511,1,0,2.4285714285714284,3.0,3.3333333333333335
0,1,0,37,1,0,2089,3,31,2.7142857142857144,3.0,3.6666666666666665
1,1,1,34,1,2,3217,2,12,3.0,3.3333333333333335,2.3333333333333335
1,1,1,62,1,0,457,4,23,3.7142857142857144,3.6666666666666665,4.0
0,0,1,22,0,0,2219,2,0,3.7142857142857144,3.0,3.6666666666666665
0,0,1,31,0,0,2242,3,0,3.142857142857143,3.0,2.3333333333333335
1,1,1,25,0,0,802,1,23,3.2857142857142856,4.333333333333333,3.3333333333333335
1,1,1,46,1,2,389,0,43,2.4,2.6666666666666665,2.3333333333333335
1,0,1,53,1,2,698,2,0,3.4285714285714284,3.6666666666666665,3.0
0,0,1,43,0,0,2800,4,40,2.857142857142857,2.0,4.333333333333333
1,1,1,22,1,2,5393,5,1,3.4285714285714284,3.0,4.0
1,1,1,23,1,2,4064,1,0,3.142857142857143,5.0,2.3333333333333335
0,1,1,44,1,1,240,2,0,2.0,2.3333333333333335,1.6666666666666667
0,1,0,49,1,2,3849,2,5,3.5714285714285716,5.0,4.666666666666667
0,1,1,31,1,0,1632,2,0,1.8571428571428572,1.0,2.3333333333333335
1,0,1,25,1,0,3027,1,1,3.5714285714285716,5.0,3.3333333333333335
1,1,1,38,1,1,2176,2,1,3.4285714285714284,5.0,2.0
0,1,0,42,1,0,3257,3,242,3.142857142857143,1.6666666666666667,2.3333333333333335
0,0,1,13,0,0,2206,5,204,3.4285714285714284,4.333333333333333,4.0
0,0,1,63,0,1,1596,5,81,3.142857142857143,3.0,1.6666666666666667
1,1,1,43,0,0,434,1,0,3.142857142857143,1.0,1.6666666666666667
0,1,0,39,1,2,2672,2,74,2.4285714285714284,4.666666666666667,2.3333333333333335
1,1,1,44,1,2,925,4,30,4.428571428571429,5.0,4.0
1,0,1,18,1,2,1307,5,0,3.2857142857142856,4.0,4.0
1,1,1,26,1,2,3805,4,13,3.2857142857142856,2.0,4.0
0,0,1,13,0,1,1614,0,42,3.142857142857143,1.0,3.0
0,0,1,24,0,0,2432,2,14,2.857142857142857,2.0,4.0
1,0,1,55,1,2,3340,3,23,3.4285714285714284,3.6666666666666665,3.6666666666666665
1,0,1,48,1,2,1992,1,0,2.2857142857142856,2.3333333333333335,3.3333333333333335
0,0,1,39,0,2,732,4,0,3.4285714285714284,3.6666666666666665,2.0
0,1,0,49,1,0,2266,4,36,3.2857142857142856,2.3333333333333335,3.3333333333333335
1,0,1,53,1,2,830,5,5,4.428571428571429,4.666666666666667,5.0
0,0,0,34,1,0,2280,4,0,3.4285714285714284,1.0,2.3333333333333335
0,1,1,32,1,2,4110,4,44,3.857142857142857,5.0,3.3333333333333335
1,1,1,46,1,2,3949,2,50,3.857142857142857,4.333333333333333,3.3333333333333335
1,1,1,69,0,0,69,4,4,3.5714285714285716,4.0,3.6666666666666665
0,1,1,24,0,0,3907,3,0,3.857142857142857,5.0,2.6666666666666665
0,1,1,61,0,1,1606,5,49,3.142857142857143,3.3333333333333335,2.6666666666666665
1,0,0,42,1,2,3082,4,0,4.142857142857143,4.666666666666667,3.3333333333333335
0,1,0,57,1,0,2757,4,37,3.5714285714285716,2.3333333333333335,3.0
1,0,1,40,1,2,1701,3,0,3.5714285714285716,4.666666666666667,3.3333333333333335
1,1,1,46,1,2,56,1,30,3.7142857142857144,4.0,3.0
0,0,1,18,0,0,1768,5,26,2.8,3.0,3.3333333333333335
0,0,1,40,1,0,1415,2,0,3.5714285714285716,4.0,2.0
0,1,1,36,1,2,3929,3,1,2.2857142857142856,2.3333333333333335,2.6666666666666665
1,1,1,8,0,0,2260,4,0,3.857142857142857,4.0,3.6666666666666665
1,1,1,50,1,2,3381,1,0,2.4285714285714284,4.0,2.0
1,0,1,39,1,2,2791,4,27,4.2,4.333333333333333,3.6666666666666665
0,1,0,23,1,0,1946,1,0,2.2857142857142856,4.0,3.3333333333333335
1,1,1,60,1,2,3260,4,19,4.0,4.0,4.0
0,0,1,20,0,0,1867,5,0,4.142857142857143,5.0,4.333333333333333
1,1,1,59,1,0,796,3,14,4.714285714285714,4.0,4.0
1,0,1,57,1,2,3298,1,0,3.0,4.333333333333333,3.0
0,1,1,62,0,0,835,4,0,3.857142857142857,3.6666666666666665,3.0
0,0,1,23,0,0,4025,2,0,2.7142857142857144,2.0,3.3333333333333335
1,1,0,38,1,2,1665,5,0,4.857142857142857,5.0,4.333333333333333
1,0,1,46,1,2,3983,3,0,4.142857142857143,4.333333333333333,4.333333333333333
0,0,1,40,1,0,1772,3,29,2.4285714285714284,3.0,2.6666666666666665
1,1,1,45,1,2,2492,4,0,3.142857142857143,4.0,3.3333333333333335
0,1,1,62,1,2,619,5,36,3.7142857142857144,3.6666666666666665,3.6666666666666665
1,1,1,37,0,0,3596,4,0,4.0,3.6666666666666665,3.3333333333333335
1,1,1,7,0,0,1985,5,3,3.7142857142857144,4.666666666666667,4.0
0,0,1,40,1,1,2329,1,5,3.5714285714285716,5.0,2.3333333333333335
1,0,1,33,1,2,1890,2,0,3.5714285714285716,5.0,4.0
1,1,1,39,1,2,3570,3,136,3.5714285714285716,4.333333333333333,4.0
1,1,1,47,0,0,974,4,0,3.142857142857143,3.0,2.6666666666666665
1,0,0,17,1,2,1592,2,0,2.5,1.0,5.0
0,0,1,30,1,2,1957,1,102,3.4285714285714284,4.0,2.3333333333333335
1,1,1,51,1,2,390,2,54,3.7142857142857144,4.0,3.0
0,0,1,43,0,0,1991,5,39,2.142857142857143,1.0,4.0
1,0,0,27,1,2,1362,3,55,3.4285714285714284,3.0,3.3333333333333335
0,0,1,55,1,2,2953,2,0,2.2857142857142856,2.6666666666666665,2.3333333333333335
1,0,1,29,1,2,2269,1,0,3.142857142857143,4.0,2.6666666666666665
0,1,1,28,0,0,2367,5,0,3.2857142857142856,2.0,4.666666666666667
1,0,1,58,1,2,253,4,0,4.428571428571429,4.333333333333333,4.666666666666667
0,0,1,13,0,0,3629,0,4,3.0,5.0,4.0
0,0,1,9,1,2,3892,3,0,3.2857142857142856,2.0,3.3333333333333335
0,0,0,35,1,0,1856,4,1,2.857142857142857,1.0,3.0
0,1,1,69,0,0,962,3,0,4.142857142857143,3.3333333333333335,2.6666666666666665
0,0,1,54,0,0,4032,5,3,2.857142857142857,4.0,3.3333333333333335
0,0,1,40,0,0,2090,2,0,2.4285714285714284,1.0,3.3333333333333335
1,1,1,44,1,2,4629,1,149,3.142857142857143,4.0,3.3333333333333335
1,1,1,47,1,2,2419,4,0,4.285714285714286,4.666666666666667,4.333333333333333
0,0,1,28,1,2,2055,2,0,2.2857142857142856,1.0,3.0
0,1,1,72,1,2,2349,1,0,2.142857142857143,3.0,2.3333333333333335
1,1,1,47,1,2,551,4,0,4.428571428571429,4.666666666666667,4.333333333333333
0,0,1,16,1,2,4491,3,77,2.4285714285714284,2.0,3.0
0,1,1,42,1,1,261,2,0,3.4285714285714284,3.0,2.3333333333333335
1,1,1,61,0,0,2665,5,0,5.0,4.333333333333333,4.666666666666667
0,1,1,44,0,0,2612,3,0,3.857142857142857,4.666666666666667,3.6666666666666665
0,1,0,33,1,0,2220,4,4,1.7142857142857142,1.0,3.3333333333333335
0,1,0,54,1,0,2651,1,99,2.4285714285714284,4.0,3.3333333333333335
0,0,0,43,1,2,1513,1,0,3.2857142857142856,4.333333333333333,3.6666666666666665
1,1,1,11,0,1,2571,2,0,3.4285714285714284,3.6666666666666665,3.6666666666666665
0,1,0,36,1,2,4124,2,2,2.857142857142857,2.3333333333333335,3.6666666666666665
1,1,1,51,1,0,991,5,0,3.0,3.0,3.3333333333333335
1,1,1,39,1,2,753,4,0,4.714285714285714,5.0,4.0
0,1,0,50,1,2,1794,2,113,2.7142857142857144,2.0,3.6666666666666665
0,1,0,40,1,2,2505,3,3,3.0,3.0,2.6666666666666665
1,1,1,38,0,0,1588,4,38,4.428571428571429,3.6666666666666665,3.6666666666666665
0,1,0,27,1,0,1605,0,0,1.5714285714285714,2.6666666666666665,3.0
1,1,1,56,1,2,3550,1,0,3.4285714285714284,4.333333333333333,3.3333333333333335
1,1,1,48,0,0,1149,5,0,3.4285714285714284,3.6666666666666665,2.6666666666666665
1,0,1,43,1,2,5104,2,109,3.857142857142857,5.0,3.6666666666666665
0,0,1,59,1,0,1848,3,0,2.0,1.0,3.3333333333333335
0,0,0,21,1,0,1541,2,5,3.2857142857142856,5.0,2.3333333333333335
0,1,1,64,0,0,3299,4,182,2.5714285714285716,2.6666666666666665,3.3333333333333335
0,0,1,67,0,0,2955,0,0,2.7142857142857144,4.0,3.6666666666666665
0,1,0,25,1,0,2429,3,71,3.4285714285714284,5.0,3.6666666666666665
1,1,1,50,1,2,500,5,0,4.142857142857143,4.666666666666667,4.666666666666667
0,1,1,54,0,2,1163,5,12,2.5714285714285716,3.0,3.0
0,0,0,22,1,0,2069,2,0,3.142857142857143,4.0,3.0
1,1,1,54,1,2,2788,2,8,2.7142857142857144,3.6666666666666665,3.3333333333333335
1,1,1,70,0,0,107,2,0,3.4285714285714284,3.6666666666666665,3.3333333333333335
1,0,0,39,1,2,1189,5,0,4.285714285714286,3.6666666666666665,3.6666666666666665
0,0,1,42,0,0,1218,4,10,3.0,4.0,3.0
1,1,1,63,0,0,2333,1,3,3.2857142857142856,4.333333333333333,3.6666666666666665
1,1,1,19,1,2,2059,2,0,3.142857142857143,4.0,3.0
0,0,0,50,1,2,1247,3,0,3.142857142857143,2.0,4.0
1,0,1,45,1,2,3685,4,0,3.857142857142857,4.666666666666667,4.0
0,1,1,54,1,0,297,2,0,2.5714285714285716,3.0,2.3333333333333335
1,0,1,41,0,0,2141,4,0,3.857142857142857,3.0,2.0
1,0,0,38,1,2,1726,4,16,3.5714285714285716,2.0,4.333333333333333
0,0,0,28,1,2,2415,1,0,2.2857142857142856,2.3333333333333335,4.0
0,0,1,31,0,0,2034,5,6,2.857142857142857,4.0,3.0
1,1,1,19,0,0,1343,5,0,4.714285714285714,2.0,4.666666666666667
1,1,1,17,1,0,2037,1,15,4.0,4.666666666666667,2.6666666666666665
1,1,1,34,0,0,1601,2,3,4.142857142857143,3.0,3.0
0,1,1,36,1,2,2655,1,2,3.142857142857143,3.6666666666666665,3.0
0,0,1,56,0,1,2221,5,35,2.5714285714285716,1.6666666666666667,3.0
0,0,1,47,0,0,2332,0,0,3.7142857142857144,5.0,3.6666666666666665
1,0,1,47,1,2,637,3,43,3.857142857142857,4.333333333333333,4.333333333333333
0,0,1,49,1,0,2396,2,76,3.2857142857142856,4.0,2.3333333333333335
0,1,0,44,1,0,1405,0,0,2.7142857142857144,1.0,3.3333333333333335
0,0,1,38,0,0,2689,1,0,2.7142857142857144,4.0,3.6666666666666665
1,1,1,40,0,0,1769,4,0,3.857142857142857,5.0,4.333333333333333
1,1,1,41,1,2,1255,1,0,3.5714285714285716,4.333333333333333,3.6666666666666665
1,0,1,54,1,2,1970,2,0,3.4285714285714284,4.333333333333333,4.0
1,1,1,39,1,2,2195,3,0,3.5714285714285716,4.0,4.0
1,0,1,31,1,2,4480,1,41,3.2857142857142856,1.0,4.333333333333333
0,0,1,42,1,2,2644,1,45,2.857142857142857,3.3333333333333335,2.6666666666666665
0,0,0,22,1,0,2323,1,0,2.142857142857143,1.0,3.6666666666666665
0,0,0,16,1,0,1878,3,26,3.0,3.0,3.3333333333333335
1,1,1,41,0,0,2054,4,0,4.571428571428571,4.333333333333333,4.0
1,0,1,52,1,2,2337,3,0,4.285714285714286,4.333333333333333,4.0
1,1,0,37,1,2,1635,2,3,3.5714285714285716,3.6666666666666665,3.6666666666666665
0,1,0,35,1,0,1616,2,6,1.8571428571428572,1.0,4.0
0,1,1,55,1,2,485,0,0,3.4,3.0,3.0
0,1,1,24,1,0,3385,4,0,2.4285714285714284,2.0,2.3333333333333335
0,0,1,57,1,2,2625,2,0,2.7142857142857144,2.3333333333333335,2.0
0,1,0,26,1,0,1863,2,51,2.857142857142857,2.0,1.6666666666666667
0,0,1,32,0,0,2309,5,18,3.7142857142857144,3.0,3.0
0,0,1,47,1,2,2529,1,48,3.5714285714285716,3.6666666666666665,3.0
1,0,1,43,1,2,725,3,3,4.142857142857143,4.333333333333333,3.6666666666666665
1,1,1,28,1,2,3919,3,19,4.0,4.0,3.6666666666666665
0,0,1,9,0,0,1525,5,78,2.5714285714285716,2.0,3.6666666666666665
1,1,1,55,1,2,869,2,0,3.5714285714285716,4.0,3.6666666666666665
0,0,1,23,1,1,2762,1,11,1.7142857142857142,1.6666666666666667,2.0
1,0,1,44,1,2,4008,1,1,3.142857142857143,4.0,3.3333333333333335
0,0,1,11,0,1,1981,2,0,3.5714285714285716,5.0,3.3333333333333335
0,0,0,47,1,2,2504,2,0,3.5714285714285716,5.0,3.6666666666666665
0,0,1,41,0,0,1915,4,13,4.0,2.0,3.0
0,1,1,39,0,0,2610,4,0,3.857142857142857,2.0,3.6666666666666665
0,1,0,35,1,1,3081,2,1,2.0,2.0,2.3333333333333335
0,0,1,11,0,0,1790,5,10,3.7142857142857144,1.0,3.6666666666666665
0,0,1,18,0,0,2025,5,20,3.142857142857143,5.0,3.0
1,0,1,44,1,2,2887,4,0,4.428571428571429,4.333333333333333,3.6666666666666665
0,0,1,31,0,0,1618,4,25,3.0,3.0,4.0
0,0,1,40,0,0,2538,1,0,2.4285714285714284,1.0,3.3333333333333335
0,0,1,19,0,0,2021,4,0,2.8,1.0,4.333333333333333
0,1,1,39,1,2,453,1,0,1.8571428571428572,1.6666666666666667,1.6666666666666667
1,0,0,54,1,0,1842,4,0,3.5714285714285716,4.0,3.6666666666666665
0,0,1,24,1,2,5521,1,13,2.2857142857142856,2.0,1.6666666666666667
0,0,0,29,1,0,1924,5,0,2.5714285714285716,5.0,3.3333333333333335
0,1,1,63,1,2,3829,5,0,2.7142857142857144,2.3333333333333335,3.0
1,0,1,44,1,2,1790,3,0,4.142857142857143,4.333333333333333,4.0
1,0,1,30,1,2,4702,4,31,3.857142857142857,4.0,4.0
1,1,1,30,1,2,4127,2,0,4.142857142857143,5.0,4.0
1,0,1,48,1,2,1820,1,9,3.7142857142857144,4.333333333333333,3.0
1,1,1,46,1,2,486,5,14,3.857142857142857,4.0,4.0
0,1,1,41,1,0,2528,4,16,3.4285714285714284,4.0,2.6666666666666665
1,0,1,36,1,2,618,1,0,3.4285714285714284,3.6666666666666665,3.0
1,1,1,46,1,2,2149,4,72,4.285714285714286,2.6666666666666665,3.3333333333333335
0,1,1,48,1,0,1474,2,0,2.0,2.3333333333333335,1.6666666666666667
1,1,1,44,1,2,3966,3,0,3.0,3.3333333333333335,2.6666666666666665
1,1,1,50,0,0,1029,5,64,4.285714285714286,4.333333333333333,2.3333333333333335
0,0,1,14,0,0,2231,4,21,3.857142857142857,5.0,3.0
1,0,0,24,1,2,2582,0,0,4.142857142857143,3.6666666666666665,3.0
0,0,1,58,0,2,333,5,0,2.4285714285714284,4.0,2.6666666666666665
0,1,0,22,1,2,1540,4,0,1.7142857142857142,1.0,3.6666666666666665
1,0,1,70,1,2,101,4,0,2.6,2.0,2.3333333333333335
1,1,1,13,0,0,1283,4,2,4.142857142857143,4.0,4.0
1,0,1,56,1,2,588,1,0,3.0,4.333333333333333,2.6666666666666665
1,0,0,24,1,0,2105,0,16,4.285714285714286,5.0,3.3333333333333335
0,0,1,19,0,0,2072,4,0,3.7142857142857144,3.0,4.666666666666667
1,0,1,57,1,2,3312,4,9,3.7142857142857144,4.0,3.6666666666666665
1,0,1,43,1,0,1486,2,0,3.0,5.0,3.0
1,0,1,41,1,2,2464,4,0,4.0,4.666666666666667,4.666666666666667
1,1,0,23,1,1,1862,0,0,3.0,2.0,1.3333333333333333
1,0,1,56,1,2,1831,2,37,3.5714285714285716,4.0,3.6666666666666665
1,1,1,36,1,2,3217,2,11,3.4285714285714284,4.666666666666667,3.0
1,0,1,47,0,0,1196,5,11,4.714285714285714,5.0,3.6666666666666665
1,1,1,52,1,2,2842,3,0,3.7142857142857144,3.6666666666666665,3.3333333333333335
0,1,0,25,1,2,1737,0,0,3.4285714285714284,5.0,5.0
1,0,1,60,1,2,3660,3,0,2.7142857142857144,3.0,2.6666666666666665
1,1,1,45,1,2,2711,3,0,3.5714285714285716,4.333333333333333,3.3333333333333335
0,0,1,12,0,0,2593,3,0,1.7142857142857142,2.0,3.0
0,0,0,26,1,2,1107,2,56,2.857142857142857,1.6666666666666667,3.3333333333333335
1,1,1,53,1,2,1940,3,41,3.5714285714285716,4.333333333333333,3.6666666666666665
1,1,1,52,1,2,1776,4,60,4.285714285714286,4.0,4.666666666666667
0,1,0,38,1,2,1727,1,0,2.7142857142857144,4.0,4.0
1,0,1,47,0,1,3118,1,0,3.2857142857142856,3.0,1.6666666666666667
0,1,0,34,1,0,1557,0,2,3.142857142857143,4.0,2.3333333333333335
1,1,1,18,0,0,2798,5,0,5.0,4.0,5.0
1,1,1,54,1,0,606,4,0,3.2857142857142856,3.0,4.333333333333333
0,0,1,61,0,0,2032,5,39,4.0,5.0,3.6666666666666665
1,1,1,27,0,2,2369,2,3,3.4285714285714284,4.0,2.6666666666666665
1,1,1,59,0,0,311,4,0,3.857142857142857,3.3333333333333335,3.3333333333333335
1,1,1,43,1,2,2096,5,2,4.0,3.6666666666666665,4.666666666666667
0,1,1,45,1,0,200,4,0,2.7142857142857144,3.0,2.6666666666666665
0,0,1,35,0,0,2767,3,0,2.857142857142857,3.0,2.6666666666666665
1,0,1,52,1,2,1658,1,1,3.0,4.333333333333333,3.3333333333333335
0,1,0,28,1,2,1947,2,0,2.0,2.0,3.0
1,1,1,47,0,2,1014,5,52,4.571428571428571,4.333333333333333,4.333333333333333
1,1,1,31,0,0,2966,2,0,3.142857142857143,3.6666666666666665,3.3333333333333335
1,1,1,53,1,2,3091,0,0,3.0,2.6666666666666665,2.6666666666666665
0,0,1,61,1,2,2917,2,0,2.857142857142857,2.6666666666666665,2.3333333333333335
0,0,1,8,0,0,2202,2,77,3.2857142857142856,3.3333333333333335,3.6666666666666665
1,0,1,39,1,2,235,1,0,3.142857142857143,3.0,3.3333333333333335
0,0,1,44,1,0,1604,3,30,2.5714285714285716,2.0,3.3333333333333335
1,1,1,24,0,2,1298,1,0,3.857142857142857,4.333333333333333,1.0
1,0,1,51,1,2,3993,3,24,3.5714285714285716,4.666666666666667,3.3333333333333335
0,0,1,35,0,0,1624,4,0,2.7142857142857144,1.0,4.333333333333333
1,0,1,52,1,2,239,3,77,3.142857142857143,3.6666666666666665,3.6666666666666665
0,0,1,34,1,2,2182,4,117,3.142857142857143,2.0,3.3333333333333335
1,1,1,38,1,2,3062,1,0,4.142857142857143,4.333333333333333,3.6666666666666665
1,1,1,49,0,0,309,2,3,3.0,4.0,3.0
1,1,1,50,1,2,3177,2,0,3.5714285714285716,3.6666666666666665,3.6666666666666665
0,0,0,18,1,0,2062,3,0,2.857142857142857,1.0,4.0
1,1,1,48,1,2,1833,4,19,4.142857142857143,4.0,4.333333333333333
0,0,1,61,0,0,1566,4,0,3.142857142857143,3.0,4.333333333333333
1,0,1,42,1,2,1371,3,0,3.142857142857143,4.0,3.6666666666666665
1,1,1,45,0,0,440,1,0,3.2857142857142856,4.333333333333333,3.0
1,0,1,65,0,0,1933,4,6,4.857142857142857,5.0,3.3333333333333335
0,1,1,47,1,0,974,5,1,3.2857142857142856,2.6666666666666665,4.333333333333333
0,1,1,42,1,2,1808,1,8,2.4285714285714284,2.6666666666666665,2.6666666666666665
1,0,0,24,1,0,1832,4,6,3.4285714285714284,2.6666666666666665,2.0
1,0,1,52,1,1,1035,3,0,3.857142857142857,5.0,2.3333333333333335
1,0,1,33,1,0,1283,2,61,3.2857142857142856,5.0,2.6666666666666665
0,0,1,34,0,0,1472,2,0,2.0,2.0,4.0
0,0,0,26,1,0,1587,2,0,2.5714285714285716,3.6666666666666665,3.3333333333333335
0,0,1,34,1,2,1715,2,0,2.2857142857142856,2.3333333333333335,2.0
1,1,1,57,1,2,3494,3,0,3.857142857142857,4.333333333333333,4.0
0,1,0,26,1,0,1022,4,0,2.142857142857143,2.0,4.0
1,1,1,30,0,0,2326,5,0,4.857142857142857,5.0,4.333333333333333
0,0,1,41,1,0,2265,5,0,2.2857142857142856,2.0,2.6666666666666665
1,1,1,31,0,1,1125,3,0,3.857142857142857,4.0,3.0
0,0,1,47,0,0,2319,4,62,2.5714285714285716,2.0,3.3333333333333335
1,0,1,40,1,2,3643,4,0,4.142857142857143,4.666666666666667,4.333333333333333
0,0,1,60,0,0,2839,4,0,2.7142857142857144,3.0,3.6666666666666665
0,1,0,21,1,0,2165,3,0,3.857142857142857,4.0,3.0
0,0,1,45,0,0,1818,4,35,3.142857142857143,5.0,4.0
0,0,1,54,1,2,3689,1,0,3.5714285714285716,3.3333333333333335,2.6666666666666665
1,1,1,40,1,2,591,1,0,3.7142857142857144,4.333333333333333,3.0
0,0,1,8,0,0,2860,5,8,2.5714285714285716,3.0,4.0
0,1,0,38,1,0,2097,3,112,2.5714285714285716,1.0,2.6666666666666665
0,1,0,38,1,0,1511,3,4,2.5714285714285716,5.0,2.6666666666666665
0,0,0,47,1,0,1745,0,0,2.5714285714285716,1.0,2.6666666666666665
1,1,1,59,0,0,646,2,0,3.0,4.0,2.6666666666666665
1,1,0,15,1,0,2208,4,0,3.5714285714285716,3.0,4.333333333333333
0,1,1,48,1,2,4803,5,334,2.857142857142857,2.0,3.6666666666666665
1,1,1,61,0,0,2024,3,0,4.0,4.666666666666667,4.0
0,0,1,38,0,2,472,4,46,4.142857142857143,4.333333333333333,3.3333333333333335
1,0,1,32,1,2,3235,2,0,3.857142857142857,5.0,3.0
0,0,0,43,1,0,2095,1,0,1.8571428571428572,3.3333333333333335,3.6666666666666665
0,1,1,28,1,2,3314,4,0,2.5714285714285716,2.0,3.0
1,0,1,23,1,2,4283,2,8,2.857142857142857,4.0,3.3333333333333335
1,1,1,11,0,0,2136,2,0,3.5714285714285716,4.0,2.0
0,0,0,22,1,0,2102,4,0,2.4285714285714284,4.0,2.6666666666666665
1,1,1,57,1,2,2587,5,25,4.285714285714286,4.666666666666667,4.0
0,0,0,39,1,0,2050,2,0,2.7142857142857144,3.0,3.3333333333333335
1,0,1,10,1,2,3061,3,0,3.4285714285714284,4.0,3.3333333333333335
0,1,0,42,1,2,1449,1,0,2.7142857142857144,3.0,3.3333333333333335
1,1,1,22,1,2,2320,5,0,4.142857142857143,4.0,3.3333333333333335
0,0,0,19,1,0,1458,1,20,2.142857142857143,4.0,3.6666666666666665
0,0,0,18,1,0,2128,4,71,2.2857142857142856,4.0,3.6666666666666665
1,0,1,28,1,1,3511,2,1,3.2857142857142856,3.3333333333333335,3.3333333333333335
1,1,1,14,0,0,1628,5,0,4.285714285714286,4.0,5.0
1,1,1,34,1,2,1615,1,4,2.857142857142857,2.3333333333333335,3.3333333333333335
1,1,1,49,1,2,3006,2,3,3.2857142857142856,4.0,3.0
1,1,0,49,1,2,2852,4,9,4.142857142857143,5.0,3.0
1,1,1,18,0,0,1843,0,0,2.4,3.6666666666666665,3.6666666666666665
1,1,1,44,1,2,1747,4,0,4.0,3.3333333333333335,4.666666666666667
0,1,1,10,0,1,1616,4,0,4.285714285714286,5.0,4.333333333333333
0,1,0,59,1,0,1027,5,0,3.0,5.0,3.3333333333333335
0,1,0,28,1,1,1565,2,0,2.7142857142857144,4.0,2.3333333333333335
1,1,1,69,1,2,469,3,35,3.857142857142857,4.333333333333333,4.0
1,1,1,8,0,0,1833,4,9,4.571428571428571,4.0,4.666666666666667
1,1,1,56,1,2,3734,1,0,3.0,4.0,3.3333333333333335
1,1,1,42,1,2,2962,2,0,3.4285714285714284,4.333333333333333,3.6666666666666665
0,0,1,48,0,0,1642,4,0,3.0,5.0,3.0
1,1,1,46,1,2,3692,5,10,4.285714285714286,4.666666666666667,4.333333333333333
0,0,1,25,1,2,3913,5,0,3.5714285714285716,3.0,4.333333333333333
1,1,1,41,0,0,1556,5,0,4.0,3.6666666666666665,4.333333333333333
1,0,1,38,1,2,3542,4,5,3.857142857142857,3.6666666666666665,3.6666666666666665
0,1,0,45,1,0,2507,3,59,3.4285714285714284,4.0,3.0
0,1,1,53,1,2,1040,4,0,2.5714285714285716,2.0,3.0
0,0,0,54,1,0,2037,0,0,2.857142857142857,3.0,3.3333333333333335
1,1,1,60,0,0,735,4,0,3.5714285714285716,4.0,3.3333333333333335
1,0,1,23,1,2,2968,3,0,3.142857142857143,4.0,3.6666666666666665
0,0,0,27,1,2,1029,2,0,3.2857142857142856,4.0,3.3333333333333335
0,1,0,36,1,2,2322,3,0,3.5714285714285716,1.6666666666666667,4.333333333333333
1,1,1,23,1,2,2920,3,30,3.5714285714285716,4.0,4.0
0,1,0,26,1,0,2061,2,4,3.0,2.0,3.3333333333333335
0,0,0,27,1,2,1697,3,0,3.2857142857142856,1.6666666666666667,4.666666666666667
0,0,1,57,0,1,2441,4,2,3.7142857142857144,2.6666666666666665,4.333333333333333
0,0,1,39,1,0,1625,5,42,3.2857142857142856,3.0,3.0
1,0,0,20,1,2,1096,4,0,4.714285714285714,4.0,4.333333333333333
1,0,1,24,1,2,3477,5,2,4.714285714285714,5.0,5.0
1,0,1,42,1,1,1094,5,21,3.7142857142857144,5.0,2.6666666666666665
0,1,1,46,1,0,872,3,0,2.5714285714285716,2.0,2.6666666666666665
0,0,1,25,1,2,1745,2,19,2.5714285714285716,3.0,3.0
0,0,1,46,1,1,2160,2,4,2.2857142857142856,2.0,2.3333333333333335
1,0,1,57,1,2,3998,3,0,4.0,4.333333333333333,3.6666666666666665
1,0,1,66,1,2,1771,5,8,4.285714285714286,4.666666666666667,4.333333333333333
1,1,1,31,1,2,3438,5,0,4.428571428571429,4.0,5.0
0,0,1,24,0,2,1996,4,6,3.142857142857143,3.0,4.666666666666667
0,0,1,48,0,0,2475,5,0,2.5714285714285716,3.0,4.0
0,1,1,31,1,2,2392,4,0,3.2857142857142856,3.0,3.3333333333333335
1,1,1,54,1,2,3706,4,0,4.0,3.3333333333333335,3.0
0,0,0,36,1,2,1833,3,4,3.4285714285714284,1.0,4.0
0,1,0,25,1,0,2001,4,21,3.142857142857143,3.0,4.0
0,1,1,57,1,0,419,1,1,2.2857142857142856,2.3333333333333335,2.0
0,0,1,56,0,0,2660,4,0,3.142857142857143,2.0,4.666666666666667
1,1,1,27,0,0,1794,2,8,2.4285714285714284,3.0,2.3333333333333335
1,0,1,22,1,2,2180,5,0,4.571428571428571,5.0,4.333333333333333
0,0,1,20,0,2,1960,2,0,2.7142857142857144,5.0,2.6666666666666665
1,1,1,53,1,2,2886,3,0,4.285714285714286,5.0,4.0
0,0,1,37,0,0,1659,5,0,2.7142857142857144,5.0,3.3333333333333335
0,0,1,14,0,0,1664,4,33,1.7142857142857142,1.0,3.3333333333333335
0,0,1,57,1,0,969,3,16,3.5714285714285716,3.0,3.3333333333333335
0,0,0,37,1,2,1267,3,4,3.142857142857143,2.3333333333333335,4.0
1,1,1,8,0,0,1981,4,12,3.75,3.0,3.0
1,1,1,28,0,0,1565,3,0,2.857142857142857,1.0,3.6666666666666665
0,0,1,29,0,0,1881,2,0,3.2857142857142856,3.0,2.6666666666666665
1,0,1,38,1,2,1568,4,0,3.7142857142857144,4.0,3.6666666666666665
0,0,0,32,1,2,1249,3,53,3.5714285714285716,4.0,3.3333333333333335
0,1,0,19,1,0,2586,3,0,3.142857142857143,4.0,2.0
1,1,1,11,0,0,2653,5,0,3.857142857142857,4.0,2.6666666666666665
0,1,0,25,1,0,2987,2,0,2.5714285714285716,2.0,3.3333333333333335
0,0,0,26,1,0,1996,3,4,2.7142857142857144,2.0,3.0
0,0,1,40,0,0,1184,4,27,4.0,5.0,4.333333333333333
0,0,1,58,0,2,252,5,17,2.7142857142857144,3.6666666666666665,3.6666666666666665
0,1,0,21,1,2,2372,1,0,2.0,2.3333333333333335,3.3333333333333335
0,1,0,29,1,0,2488,3,0,3.142857142857143,3.0,2.6666666666666665
1,0,1,52,1,0,1737,2,0,3.2857142857142856,4.0,2.6666666666666665
0,1,1,26,1,2,4201,4,2,2.857142857142857,3.0,3.6666666666666665
1,1,1,57,1,2,2497,2,0,4.0,4.333333333333333,3.6666666666666665
1,0,1,41,1,2,1594,0,3,4.8,4.666666666666667,2.6666666666666665
1,0,1,43,1,2,2658,1,0,3.142857142857143,4.333333333333333,3.0
0,1,0,59,1,0,2466,0,9,2.5714285714285716,3.6666666666666665,2.3333333333333335
0,0,1,37,0,0,1941,4,25,3.142857142857143,4.0,3.6666666666666665
1,0,1,71,1,2,395,5,4,4.142857142857143,3.0,3.3333333333333335
0,1,1,37,0,0,1272,4,0,4.428571428571429,3.0,3.0
1,0,1,56,1,2,2182,4,47,4.857142857142857,4.666666666666667,4.666666666666667
1,0,1,32,1,2,3624,4,9,4.142857142857143,4.0,4.0
1,1,1,13,0,0,2678,5,88,3.5714285714285716,1.0,3.3333333333333335
1,1,1,43,1,2,1696,2,45,3.4285714285714284,3.6666666666666665,3.6666666666666665
0,0,0,25,1,2,1726,4,0,3.857142857142857,4.0,4.0
0,1,0,24,1,0,1670,5,25,3.7142857142857144,4.0,4.333333333333333
1,0,1,58,1,2,2451,1,0,2.7142857142857144,3.3333333333333335,3.0
1,1,1,25,1,2,4614,1,2,3.4285714285714284,5.0,3.3333333333333335
1,1,1,48,0,0,664,3,4,4.142857142857143,4.333333333333333,3.3333333333333335
1,0,1,55,1,2,336,1,77,3.5714285714285716,4.666666666666667,3.0
1,0,1,41,1,2,834,4,0,4.142857142857143,3.3333333333333335,4.333333333333333
1,1,1,35,1,2,2535,5,0,4.714285714285714,4.666666666666667,4.666666666666667
1,0,1,59,1,2,3923,5,0,4.428571428571429,4.666666666666667,4.666666666666667
1,0,1,46,1,2,2361,4,9,3.857142857142857,4.333333333333333,4.0
1,0,0,42,1,2,1607,5,29,4.285714285714286,4.0,3.6666666666666665
0,0,0,43,1,2,1683,1,0,2.4285714285714284,4.0,3.6666666666666665
1,0,1,51,1,2,238,4,5,4.0,3.0,4.666666666666667
0,0,1,27,1,0,1562,5,0,3.2857142857142856,3.0,4.0
0,1,1,67,1,0,350,1,74,2.142857142857143,3.3333333333333335,2.0
0,0,0,27,1,2,1635,3,0,3.7142857142857144,4.0,5.0
0,0,1,52,1,0,3185,4,0,3.142857142857143,3.0,3.0
0,1,1,45,0,2,2107,5,170,2.5714285714285716,2.3333333333333335,2.6666666666666665
0,0,1,13,0,0,1756,4,17,3.0,4.0,3.6666666666666665
0,0,1,48,0,0,2695,5,0,2.2857142857142856,3.3333333333333335,2.3333333333333335
0,1,0,25,1,0,2539,4,0,3.2857142857142856,4.333333333333333,3.0
0,0,1,33,0,0,2366,4,0,3.142857142857143,2.0,4.0
0,0,1,38,0,1,1942,3,0,1.5714285714285714,3.0,2.0
0,1,1,55,1,2,1884,4,210,2.2857142857142856,2.3333333333333335,3.0
1,1,1,39,1,2,2837,2,0,3.5714285714285716,4.666666666666667,3.3333333333333335
0,0,0,38,1,0,2086,4,0,3.5714285714285716,2.0,2.6666666666666665
1,1,1,21,1,2,2850,3,0,3.4285714285714284,2.0,3.6666666666666665
1,1,1,43,1,2,266,2,0,3.4285714285714284,4.0,4.0
1,0,0,16,1,0,2412,4,10,4.285714285714286,5.0,4.333333333333333
1,1,1,43,1,2,219,5,0,4.714285714285714,4.666666666666667,4.666666666666667
1,1,1,58,1,2,3155,2,8,3.5714285714285716,4.0,3.0
0,0,1,9,0,0,3292,4,448,2.7142857142857144,1.0,2.6666666666666665
1,1,1,60,1,2,1899,1,0,3.0,4.333333333333333,2.6666666666666665
1,1,1,42,1,2,302,5,19,4.285714285714286,4.333333333333333,4.333333333333333
0,1,0,29,1,0,920,2,0,2.5714285714285716,4.0,3.0
1,1,1,66,0,1,416,2,0,2.2857142857142856,3.6666666666666665,3.0
1,1,1,64,0,1,237,1,0,2.7142857142857144,4.0,2.6666666666666665
1,1,1,56,0,0,1084,1,0,2.857142857142857,4.666666666666667,2.3333333333333335
1,0,1,46,1,2,3823,1,0,2.857142857142857,3.6666666666666665,3.3333333333333335
0,1,0,47,1,0,2185,5,0,2.7142857142857144,2.0,3.6666666666666665
1,0,1,35,1,0,1880,5,0,2.4285714285714284,3.0,3.3333333333333335
1,0,0,22,1,2,1792,0,0,4.0,3.6666666666666665,4.666666666666667
0,0,1,44,1,2,496,4,18,4.0,3.3333333333333335,3.0
1,0,1,50,0,0,1916,4,34,3.4285714285714284,5.0,3.3333333333333335
1,0,0,22,1,0,4244,4,177,4.285714285714286,4.333333333333333,3.3333333333333335
0,0,1,34,0,1,1773,2,28,2.857142857142857,2.3333333333333335,2.6666666666666665
1,0,0,26,1,2,1448,2,0,4.142857142857143,1.0,3.6666666666666665
0,1,1,41,1,0,1249,1,10,2.0,2.0,2.6666666666666665
0,1,1,25,1,2,3820,4,16,2.4285714285714284,3.0,3.3333333333333335
0,1,0,36,1,2,2216,3,157,3.2857142857142856,2.0,3.0
1,0,1,61,1,0,2322,2,2,2.857142857142857,3.0,2.3333333333333335
1,1,1,59,1,2,961,2,114,3.857142857142857,4.666666666666667,3.6666666666666665
1,0,1,60,1,2,2182,5,28,4.714285714285714,5.0,4.333333333333333
1,1,1,31,1,2,4471,4,10,3.4285714285714284,4.0,2.0
0,0,1,32,0,0,1494,3,0,3.2857142857142856,2.0,1.0
1,0,1,31,1,2,3263,4,16,4.142857142857143,4.0,4.333333333333333
1,0,1,30,1,2,2632,4,0,4.142857142857143,5.0,4.0
1,1,1,64,0,0,1183,1,15,3.4285714285714284,5.0,3.0
1,1,1,48,1,2,2948,4,43,4.285714285714286,4.333333333333333,4.333333333333333
1,1,1,39,0,2,443,4,0,3.142857142857143,4.666666666666667,2.6666666666666665
0,0,1,21,0,0,2948,4,16,2.8,1.0,3.6666666666666665
1,1,1,36,1,2,230,4,0,3.857142857142857,4.0,4.0
1,1,1,25,0,2,1757,4,16,4.285714285714286,4.666666666666667,3.6666666666666665
1,1,1,23,0,0,3765,2,0,3.857142857142857,4.666666666666667,3.3333333333333335
0,1,0,35,1,0,2410,4,0,3.5714285714285716,4.0,3.3333333333333335
1,1,1,36,1,0,2118,4,0,4.142857142857143,5.0,3.0
1,1,1,17,1,2,5010,2,0,3.2857142857142856,5.0,3.0
0,0,1,39,0,0,3532,4,0,3.2857142857142856,1.0,3.3333333333333335
1,1,1,52,0,1,1429,1,54,3.5714285714285716,4.666666666666667,3.3333333333333335
0,0,1,51,0,0,2102,5,0,2.142857142857143,2.0,4.333333333333333
0,1,1,60,1,2,646,2,0,1.8571428571428572,2.3333333333333335,2.3333333333333335
0,1,1,37,1,2,83,1,0,2.4285714285714284,2.3333333333333335,1.6666666666666667
0,0,1,36,1,2,2364,4,12,2.857142857142857,2.0,3.0
0,0,1,44,1,2,1760,1,0,2.857142857142857,2.0,2.3333333333333335
0,0,1,28,1,2,4710,3,10,3.2857142857142856,3.0,2.0
0,0,1,53,0,0,3861,1,0,2.857142857142857,4.0,3.6666666666666665
0,1,0,21,1,2,1397,1,94,3.2857142857142856,5.0,4.0
0,0,1,9,0,0,2301,4,30,3.4285714285714284,1.0,3.6666666666666665
0,0,1,9,0,0,3501,5,0,2.7142857142857144,2.0,3.3333333333333335
1,1,1,59,0,0,725,1,0,3.5714285714285716,4.666666666666667,3.0
0,1,0,24,1,0,1792,2,0,2.7142857142857144,2.0,3.6666666666666665
1,1,1,33,0,2,704,3,0,4.0,4.666666666666667,4.0
0,0,1,52,0,0,1927,4,0,2.2857142857142856,3.0,5.0
1,1,1,28,1,1,959,0,0,2.8,3.0,2.0
1,0,1,55,1,2,2436,2,8,4.0,4.666666666666667,4.0
0,0,1,48,0,0,4323,4,414,3.0,3.0,3.0
1,1,0,50,1,2,1447,4,10,3.7142857142857144,3.0,3.3333333333333335
0,0,1,39,0,0,2358,1,0,2.4285714285714284,3.0,3.0
1,1,1,56,1,2,1383,4,0,4.0,4.333333333333333,4.333333333333333
1,0,1,67,1,1,1165,4,0,3.5714285714285716,4.0,3.0
1,1,1,29,1,2,3023,5,0,4.428571428571429,5.0,4.333333333333333
0,0,1,51,0,0,3149,4,7,3.2857142857142856,3.0,3.0
1,1,1,68,0,1,1203,2,0,3.2857142857142856,4.0,3.3333333333333335
1,1,1,12,1,2,3093,2,1,3.4285714285714284,4.0,2.6666666666666665
0,0,1,10,1,0,2157,2,2,2.7142857142857144,3.3333333333333335,3.0
1,1,0,23,1,0,2008,4,92,3.857142857142857,2.0,4.0
1,0,1,52,1,2,3972,3,0,3.0,3.3333333333333335,2.6666666666666665
1,1,1,55,0,0,1560,4,0,3.2857142857142856,4.333333333333333,3.6666666666666665
1,0,1,62,0,0,1853,4,16,4.0,2.0,3.0
0,0,0,19,1,0,2052,3,13,2.2857142857142856,2.0,3.3333333333333335
0,1,1,35,1,1,2988,5,0,2.4285714285714284,1.0,4.0
1,0,1,41,1,0,1383,2,0,3.5714285714285716,4.0,3.0
0,1,0,29,1,2,2665,2,8,3.0,4.333333333333333,3.0
0,1,0,48,1,2,1379,3,7,4.142857142857143,3.3333333333333335,4.0
1,0,1,49,0,0,2525,2,0,3.857142857142857,4.0,3.6666666666666665
0,1,1,53,0,0,118,4,0,4.2,4.666666666666667,3.6666666666666665
0,0,1,33,0,1,1131,3,31,2.142857142857143,3.0,3.6666666666666665
0,1,0,22,1,0,2376,3,118,3.2857142857142856,4.0,2.3333333333333335
1,1,1,61,1,2,2142,1,4,3.142857142857143,3.6666666666666665,3.0
1,0,1,48,1,2,360,1,15,3.0,4.666666666666667,2.6666666666666665
1,1,1,47,1,2,1987,3,81,4.428571428571429,4.666666666666667,4.0
1,1,1,7,0,0,1686,2,0,3.2857142857142856,4.0,2.3333333333333335
1,1,1,40,0,1,2023,5,0,4.714285714285714,5.0,3.0
0,1,1,29,1,2,3326,2,0,2.142857142857143,2.0,2.0
0,1,1,50,1,0,725,4,15,2.142857142857143,2.0,2.6666666666666665
0,0,1,49,1,1,1764,5,3,3.4285714285714284,3.0,3.3333333333333335
1,0,1,24,1,2,3030,5,0,4.428571428571429,4.0,4.0
0,1,0,37,1,2,2187,2,12,2.7142857142857144,1.0,3.6666666666666665
1,0,1,50,1,0,1538,5,0,3.0,2.0,3.6666666666666665
1,1,1,19,0,0,2440,3,40,4.142857142857143,5.0,3.6666666666666665
0,1,1,18,1,0,1392,1,0,2.7142857142857144,2.6666666666666665,2.0
1,1,1,58,0,1,444,5,0,3.5714285714285716,2.0,4.666666666666667
0,1,0,48,1,0,2253,3,0,3.4285714285714284,3.6666666666666665,3.6666666666666665
1,0,1,56,1,2,2467,4,0,4.142857142857143,4.333333333333333,4.333333333333333
0,1,1,45,1,0,325,1,4,2.142857142857143,3.0,2.0
1,1,1,50,1,2,3907,3,10,4.285714285714286,5.0,4.333333333333333
1,0,1,38,1,0,1784,4,0,3.2857142857142856,4.0,3.6666666666666665
1,1,1,13,0,0,2812,3,2,3.5714285714285716,4.333333333333333,4.0
0,0,1,28,1,2,5088,4,22,3.7142857142857144,4.0,3.6666666666666665
1,1,1,57,1,0,92,2,0,3.857142857142857,3.3333333333333335,3.6666666666666665
1,1,0,29,1,2,1668,5,0,4.0,2.0,3.3333333333333335
1,1,1,42,1,2,2915,0,0,3.6,4.0,3.3333333333333335
1,1,1,41,1,2,1953,1,9,3.142857142857143,4.333333333333333,3.0
1,1,1,55,1,2,2050,2,78,3.857142857142857,3.3333333333333335,3.3333333333333335
1,1,1,45,0,0,792,3,0,3.0,2.0,3.0
1,1,1,47,0,0,1454,4,19,4.571428571428571,4.666666666666667,4.666666666666667
0,1,1,25,1,1,2279,4,0,2.7142857142857144,2.0,3.3333333333333335
1,0,1,77,1,2,2705,5,18,4.0,3.6666666666666665,3.6666666666666665
0,0,1,41,1,2,2522,1,0,1.7142857142857142,1.6666666666666667,2.0
1,1,1,46,1,2,3838,5,8,4.142857142857143,3.6666666666666665,4.666666666666667
1,1,1,33,0,0,1477,5,7,3.857142857142857,4.0,3.3333333333333335
1,1,1,32,0,0,2126,4,0,4.285714285714286,4.666666666666667,3.6666666666666665
1,1,1,54,1,2,1709,5,1,4.857142857142857,4.0,4.666666666666667
0,1,0,21,1,0,2095,3,5,2.4285714285714284,1.0,3.6666666666666665
1,1,1,56,0,0,964,5,9,4.142857142857143,2.6666666666666665,5.0
0,0,1,50,0,0,2310,5,28,3.2857142857142856,4.333333333333333,4.0
1,1,1,41,1,2,3961,3,10,3.4285714285714284,4.333333333333333,3.6666666666666665
0,0,1,59,1,0,3118,5,0,2.857142857142857,2.0,3.6666666666666665
1,1,1,30,1,2,1502,5,9,4.571428571428571,4.0,3.3333333333333335
1,0,1,27,1,2,4320,4,24,4.428571428571429,5.0,2.6666666666666665
0,0,1,41,1,2,2962,4,42,3.5714285714285716,3.0,3.3333333333333335
0,0,1,15,1,2,5865,2,853,2.4285714285714284,2.0,2.3333333333333335
0,0,0,25,1,0,2312,3,0,3.0,1.0,3.3333333333333335
0,0,1,7,0,1,2764,4,0,3.5714285714285716,4.333333333333333,3.6666666666666665
1,1,1,35,1,2,3841,2,0,3.7142857142857144,5.0,3.6666666666666665
1,1,1,11,0,1,1706,3,2,3.857142857142857,4.0,3.6666666666666665
0,0,1,17,0,0,1681,4,1,2.7142857142857144,2.0,3.6666666666666665
0,1,0,27,1,0,1223,0,0,3.0,5.0,3.6666666666666665
1,1,1,41,1,2,970,2,44,3.0,4.666666666666667,3.6666666666666665
1,0,1,67,0,0,2972,4,0,3.25,5.0,4.0
0,1,1,57,1,0,286,3,0,3.142857142857143,2.6666666666666665,2.3333333333333335
1,1,1,43,1,2,3325,1,0,3.142857142857143,4.0,2.6666666666666665
1,0,1,59,1,2,1839,3,0,3.4285714285714284,4.333333333333333,4.333333333333333
1,0,1,30,1,0,2055,5,0,3.142857142857143,3.0,4.0
0,1,1,38,1,2,3944,3,0,3.0,3.0,3.0
1,0,1,50,1,2,3885,0,0,2.4,3.3333333333333335,2.0
0,0,1,47,1,1,1916,5,37,4.0,4.0,3.6666666666666665
1,1,1,34,1,2,3387,1,0,3.2857142857142856,4.0,2.3333333333333335
1,0,1,48,1,2,315,4,3,4.428571428571429,4.333333333333333,4.666666666666667
1,1,1,52,1,2,2355,4,3,4.285714285714286,4.666666666666667,4.0
1,0,1,58,0,0,1967,4,12,4.142857142857143,2.0,3.6666666666666665
0,1,1,31,0,0,1924,3,0,3.0,1.0,3.3333333333333335
1,1,1,43,1,2,1133,2,0,3.857142857142857,4.666666666666667,3.3333333333333335
1,0,1,34,1,0,959,4,0,3.4285714285714284,4.0,4.333333333333333
0,0,0,40,1,2,1901,2,83,3.142857142857143,2.0,3.0
1,1,1,26,0,0,1870,4,13,4.285714285714286,4.0,4.0
1,1,1,41,1,2,3068,5,0,4.428571428571429,4.666666666666667,4.666666666666667
0,1,1,9,1,2,1905,3,0,2.7142857142857144,1.0,3.6666666666666665
0,0,1,54,0,0,2414,3,0,3.142857142857143,3.0,2.6666666666666665
0,0,1,31,1,2,3255,3,0,2.857142857142857,2.0,3.3333333333333335
0,1,0,47,1,0,2096,1,25,1.8571428571428572,2.0,2.6666666666666665
0,0,1,25,1,0,2050,3,0,3.142857142857143,2.0,2.6666666666666665
0,1,0,27,1,1,2157,2,0,3.142857142857143,5.0,2.6666666666666665
1,1,1,37,1,2,1949,2,0,3.142857142857143,3.6666666666666665,3.6666666666666665
1,1,0,44,1,2,2041,5,21,4.285714285714286,5.0,4.333333333333333
1,1,1,14,0,2,2586,4,66,3.2857142857142856,4.333333333333333,3.3333333333333335
1,0,1,52,1,2,633,3,0,4.0,4.666666666666667,4.0
0,1,1,64,0,0,2228,2,142,3.0,4.666666666666667,4.0
1,1,1,70,0,0,2178,5,22,4.857142857142857,5.0,4.333333333333333
1,1,1,7,0,0,2247,0,0,3.8,4.0,4.0
1,0,1,37,1,0,1838,3,3,3.2857142857142856,4.0,4.0
1,0,1,59,1,2,2699,1,0,3.0,3.6666666666666665,3.3333333333333335
1,1,1,57,1,2,2368,4,0,4.6,4.0,4.333333333333333
0,0,1,15,0,0,1884,5,0,3.4285714285714284,3.0,3.0
1,1,1,44,0,0,945,2,0,2.7142857142857144,3.6666666666666665,3.3333333333333335
1,0,1,49,1,2,2519,2,0,3.4285714285714284,4.333333333333333,3.3333333333333335
0,0,0,35,1,0,2575,2,0,3.0,5.0,4.0
1,0,1,52,1,2,958,5,0,4.571428571428571,4.0,4.666666666666667
0,0,0,27,1,2,881,1,0,2.5714285714285716,5.0,3.6666666666666665
0,0,0,22,1,0,1653,0,0,2.857142857142857,3.0,3.3333333333333335
1,0,1,52,1,2,726,2,0,3.5714285714285716,4.333333333333333,4.0
1,1,1,64,1,2,1633,5,3,4.571428571428571,4.333333333333333,4.333333333333333
0,0,1,63,1,0,1264,4,0,2.4285714285714284,1.0,3.3333333333333335
1,1,1,22,1,1,1654,1,0,4.0,4.333333333333333,1.6666666666666667
1,0,1,40,1,2,749,5,37,3.5714285714285716,3.0,3.6666666666666665
1,0,1,48,1,2,2622,1,0,3.7142857142857144,4.333333333333333,3.0
1,1,1,50,1,2,106,3,22,3.2857142857142856,2.0,4.333333333333333
0,0,1,62,1,0,2398,1,5,2.7142857142857144,2.0,1.6666666666666667
0,1,1,64,0,0,882,5,0,3.142857142857143,3.3333333333333335,3.3333333333333335
0,1,0,36,1,2,1590,3,14,3.857142857142857,4.0,4.333333333333333
1,0,0,23,1,2,2502,0,6,4.714285714285714,4.0,3.6666666666666665
1,1,1,28,1,0,2365,2,43,3.4285714285714284,5.0,2.6666666666666665
1,1,1,58,1,2,1628,4,0,4.0,4.666666666666667,4.666666666666667
1,1,1,22,0,0,1672,2,0,4.0,4.333333333333333,3.6666666666666665
1,1,1,65,0,0,934,2,8,3.4285714285714284,5.0,4.0
0,1,0,24,1,2,1659,2,4,3.2857142857142856,3.0,3.6666666666666665
1,0,1,34,0,0,2302,3,0,3.5714285714285716,1.0,2.6666666666666665
0,0,1,20,0,0,2716,5,11,2.4285714285714284,1.0,3.6666666666666665
0,0,1,29,1,2,1352,1,6,2.2857142857142856,1.0,3.0
1,1,1,36,1,2,414,3,0,3.2857142857142856,4.666666666666667,4.0
1,1,1,43,0,0,980,3,42,3.857142857142857,4.666666666666667,4.0
1,1,1,56,1,2,3190,0,21,4.2,5.0,3.6666666666666665
1,1,1,59,1,2,3723,2,55,3.7142857142857144,4.333333333333333,3.6666666666666665
1,0,1,44,1,0,2086,2,0,3.7142857142857144,5.0,2.0
0,1,1,23,1,0,3146,5,1,1.7142857142857142,1.0,3.0
1,0,1,59,1,2,3664,5,32,4.428571428571429,4.0,4.333333333333333
1,1,1,57,1,0,462,1,61,2.7142857142857144,3.6666666666666665,2.0
1,0,0,23,1,2,2007,0,11,4.571428571428571,5.0,2.6666666666666665
0,0,0,33,1,2,1895,4,41,3.7142857142857144,3.0,3.3333333333333335
1,0,1,48,1,1,1532,3,0,3.7142857142857144,5.0,3.6666666666666665
0,1,1,50,1,2,200,2,0,2.5714285714285716,2.6666666666666665,1.6666666666666667
0,1,0,22,1,0,1352,0,0,4.0,4.0,2.6666666666666665
1,1,1,49,1,2,1446,1,14,3.0,4.0,3.0
1,0,1,54,1,2,71,5,0,2.0,3.3333333333333335,2.6666666666666665
0,1,0,28,1,0,2147,3,5,3.142857142857143,2.0,2.3333333333333335
0,1,0,22,1,0,2066,5,0,3.142857142857143,5.0,4.0
0,1,1,17,0,0,3563,2,164,2.2857142857142856,3.0,3.3333333333333335
0,1,0,29,1,1,2451,3,1,3.2857142857142856,4.0,3.0
0,0,0,21,1,0,2351,0,0,3.0,4.0,2.6666666666666665
0,0,0,22,1,0,2750,2,123,3.142857142857143,2.3333333333333335,3.3333333333333335
0,0,0,27,1,0,1625,3,0,2.5714285714285716,5.0,1.6666666666666667
1,0,1,27,1,2,4437,1,15,3.2857142857142856,4.0,3.3333333333333335
1,0,1,50,1,2,678,5,0,4.142857142857143,4.0,4.666666666666667
0,0,1,43,1,2,1118,1,33,2.7142857142857144,2.3333333333333335,2.3333333333333335
1,1,0,24,1,2,2151,0,0,3.4285714285714284,3.3333333333333335,3.6666666666666665
1,1,1,29,0,2,2032,5,61,3.857142857142857,3.0,4.333333333333333
0,1,0,37,1,2,1808,4,0,3.857142857142857,2.3333333333333335,3.0
1,1,1,23,0,0,2751,3,112,3.7142857142857144,3.3333333333333335,4.0
1,1,1,57,1,2,492,2,0,3.4285714285714284,4.666666666666667,3.6666666666666665
0,1,0,18,1,0,1664,0,25,1.8571428571428572,4.0,3.3333333333333335
0,0,0,29,1,0,1599,1,0,2.142857142857143,5.0,1.6666666666666667
0,1,1,55,1,2,2174,1,0,2.2857142857142856,2.6666666666666665,1.6666666666666667
1,0,1,49,1,2,3793,2,0,3.7142857142857144,4.666666666666667,3.3333333333333335
0,1,0,43,1,0,1441,3,0,2.857142857142857,5.0,2.0
1,0,1,53,1,2,2434,2,0,4.142857142857143,4.333333333333333,4.0
1,0,1,44,1,2,1445,1,0,3.142857142857143,4.0,3.0
1,1,1,27,1,2,3589,4,18,4.142857142857143,5.0,4.666666666666667
1,1,1,41,1,2,2857,1,8,2.5714285714285716,4.0,2.0
1,0,1,53,1,2,2344,3,0,2.857142857142857,3.3333333333333335,3.3333333333333335
1,0,0,44,1,2,1606,5,0,4.428571428571429,5.0,3.6666666666666665
1,1,1,36,0,0,2192,2,8,3.4285714285714284,4.0,3.3333333333333335
0,0,1,19,1,1,2092,3,0,2.142857142857143,1.6666666666666667,3.0
1,1,1,60,1,2,936,1,0,3.0,4.666666666666667,3.3333333333333335
0,1,1,21,0,0,2244,4,24,3.7142857142857144,5.0,3.0
0,0,1,16,0,0,2135,4,0,3.0,3.0,3.6666666666666665
1,1,1,40,1,2,2068,2,16,3.5714285714285716,2.6666666666666665,3.3333333333333335
1,0,1,52,1,0,2307,3,0,3.857142857142857,4.0,3.0
0,0,1,66,0,0,1472,3,0,2.0,2.0,3.0
0,1,0,19,1,0,2028,4,0,3.5714285714285716,5.0,3.6666666666666665
0,0,1,51,0,0,1777,4,0,2.7142857142857144,1.0,4.0
0,1,1,26,1,0,1896,4,0,2.5714285714285716,1.3333333333333333,3.0
1,0,1,34,1,2,585,4,101,3.857142857142857,3.3333333333333335,4.0
1,1,1,58,1,2,1898,2,4,4.142857142857143,5.0,4.0
1,1,1,43,1,2,2063,3,0,3.857142857142857,3.6666666666666665,4.0
1,0,1,53,1,2,2551,3,0,3.5714285714285716,4.666666666666667,3.3333333333333335
1,1,1,21,0,0,1272,4,34,3.5714285714285716,3.6666666666666665,3.6666666666666665
1,1,1,39,0,0,1850,4,0,4.571428571428571,4.333333333333333,4.0
1,1,1,57,1,2,3233,5,0,4.142857142857143,4.333333333333333,4.333333333333333
0,0,1,65,1,0,1246,3,27,2.857142857142857,4.0,2.6666666666666665
0,0,1,70,0,0,2228,5,7,3.2857142857142856,2.0,4.0
0,0,1,24,0,0,2802,1,0,3.5714285714285716,2.0,4.0
0,1,1,22,1,2,2973,3,34,2.857142857142857,2.0,3.0
0,1,0,46,1,0,2010,1,0,2.142857142857143,2.0,3.0
1,1,1,40,1,2,1003,3,0,4.428571428571429,4.333333333333333,4.333333333333333
0,0,1,41,1,0,1587,5,149,2.142857142857143,1.0,2.6666666666666665
0,0,1,7,0,2,1504,2,12,2.5714285714285716,2.0,2.6666666666666665
0,1,0,27,1,0,1603,2,6,2.5714285714285716,2.0,2.0
1,0,1,40,1,2,1743,5,28,4.571428571428571,4.666666666666667,5.0
0,0,1,65,1,2,488,1,2,2.857142857142857,3.0,1.3333333333333333
1,0,1,53,1,2,2362,3,0,3.857142857142857,4.333333333333333,4.333333333333333
1,0,1,61,0,0,3034,4,6,3.4285714285714284,3.0,3.3333333333333335
0,1,1,68,0,1,983,1,0,2.857142857142857,3.0,2.0
0,0,1,68,0,2,558,5,0,2.2857142857142856,2.3333333333333335,3.3333333333333335
0,0,1,66,0,0,2603,1,0,2.4285714285714284,2.0,2.0
1,1,1,51,0,0,513,4,1,4.0,4.333333333333333,4.333333333333333
0,0,1,10,0,0,1384,5,8,2.7142857142857144,4.0,1.0
0,0,1,46,1,0,2269,4,0,2.5714285714285716,1.0,3.6666666666666665
1,1,1,35,0,0,1425,3,48,3.1666666666666665,3.6666666666666665,3.6666666666666665
0,0,1,18,0,1,1639,0,3,1.7142857142857142,2.0,3.0
1,0,1,61,1,2,3122,1,0,3.857142857142857,4.333333333333333,2.6666666666666665
0,1,0,28,1,0,1857,2,0,2.857142857142857,5.0,2.6666666666666665
0,1,0,27,1,1,1599,3,15,3.2857142857142856,1.0,3.3333333333333335
1,1,1,9,0,0,2451,4,0,4.142857142857143,4.0,4.0
1,0,1,55,1,2,3104,5,1,4.714285714285714,5.0,4.666666666666667
1,1,0,23,1,0,1605,0,6,2.25,2.0,2.3333333333333335
0,1,1,47,1,0,276,4,0,2.4285714285714284,1.6666666666666667,2.3333333333333335
1,0,1,29,1,0,2373,3,0,3.4285714285714284,4.0,3.6666666666666665
0,0,1,41,1,1,2413,1,0,2.857142857142857,3.0,2.0
0,0,1,19,0,0,3515,4,0,3.2857142857142856,3.6666666666666665,3.3333333333333335
1,1,1,54,0,0,1639,4,0,4.142857142857143,3.0,4.333333333333333
1,0,1,11,0,0,2181,5,8,3.857142857142857,2.0,4.333333333333333
0,1,0,9,1,0,1958,1,0,1.8571428571428572,3.0,2.0
1,0,1,38,1,2,424,3,0,3.142857142857143,3.6666666666666665,3.0
1,1,1,31,1,2,1620,4,0,3.4285714285714284,4.0,3.3333333333333335
1,1,1,47,1,2,2562,5,0,3.7142857142857144,4.0,4.0
1,1,1,41,1,2,2707,1,0,3.7142857142857144,4.666666666666667,3.0
1,1,0,40,1,2,1955,4,0,3.142857142857143,4.0,2.3333333333333335
0,0,1,41,0,0,1950,2,26,2.7142857142857144,4.0,3.0
1,1,1,7,0,0,2031,3,0,3.5714285714285716,3.6666666666666665,3.6666666666666665
1,0,1,41,1,2,4489,3,186,3.0,5.0,3.0
1,0,1,23,1,2,5461,3,79,3.5714285714285716,4.0,4.0
0,1,1,67,1,2,2714,2,47,2.7142857142857144,3.0,2.0
0,1,0,31,1,0,3156,4,8,4.142857142857143,5.0,3.0
0,0,1,19,0,0,1792,4,0,3.857142857142857,5.0,3.6666666666666665
0,1,0,22,1,0,2248,4,0,4.285714285714286,5.0,3.6666666666666665
1,0,1,60,1,2,705,4,0,4.571428571428571,4.333333333333333,4.0
0,1,1,29,0,0,1460,3,0,3.5714285714285716,4.0,2.6666666666666665
1,1,1,26,0,0,1445,3,7,4.285714285714286,4.333333333333333,4.0
0,1,1,51,1,0,496,5,8,2.4285714285714284,2.6666666666666665,3.3333333333333335
0,0,1,20,0,0,2179,5,0,2.4285714285714284,2.0,4.0
1,0,1,37,0,0,1603,4,3,4.285714285714286,3.0,4.666666666666667
1,1,1,36,0,1,1536,1,0,3.857142857142857,3.6666666666666665,3.0
0,0,1,43,0,0,1164,5,2,3.0,3.0,3.6666666666666665
0,0,0,28,1,2,1582,2,0,3.142857142857143,2.0,4.333333333333333
1,0,1,31,1,2,1772,3,0,3.5714285714285716,4.0,3.6666666666666665
1,1,1,10,0,0,2584,5,0,4.714285714285714,4.0,5.0
1,1,1,50,1,2,717,2,5,3.2857142857142856,3.6666666666666665,3.3333333333333335
0,0,1,27,0,0,3154,4,19,2.857142857142857,2.3333333333333335,3.6666666666666665
1,0,1,54,1,2,95,3,0,4.285714285714286,5.0,4.0
0,0,1,66,0,0,2007,1,241,3.5714285714285716,3.6666666666666665,3.0
0,0,1,70,1,2,1911,2,0,3.0,3.3333333333333335,2.3333333333333335
1,1,1,54,0,0,55,2,0,3.7142857142857144,4.666666666666667,3.3333333333333335
0,1,0,38,1,2,2969,1,29,2.4285714285714284,4.0,4.0
1,1,1,50,1,2,2465,2,0,4.714285714285714,4.333333333333333,5.0
1,0,1,26,1,2,2776,5,56,4.0,4.0,5.0
0,0,1,53,0,0,1537,4,31,2.7142857142857144,2.3333333333333335,3.6666666666666665
0,1,1,55,1,0,736,4,0,2.2857142857142856,3.3333333333333335,3.3333333333333335
0,0,1,58,1,2,2237,2,14,2.4285714285714284,3.0,2.6666666666666665
1,0,0,21,1,0,2655,5,0,4.285714285714286,5.0,4.333333333333333
1,0,1,48,1,1,1409,4,0,3.7142857142857144,4.0,2.3333333333333335
0,0,1,46,0,0,2642,1,0,2.8,3.0,2.6666666666666665
0,1,1,46,1,0,307,4,17,3.857142857142857,3.3333333333333335,3.3333333333333335
1,1,1,56,1,2,1610,1,29,3.857142857142857,4.666666666666667,3.0
1,1,1,34,1,2,728,1,0,3.142857142857143,4.666666666666667,2.6666666666666665
1,0,1,46,1,2,654,1,0,3.142857142857143,4.0,2.3333333333333335
0,1,0,42,1,2,3485,3,5,3.2857142857142856,2.0,4.333333333333333
1,1,0,40,1,2,1853,4,55,3.7142857142857144,4.0,2.6666666666666665
1,0,1,51,1,2,722,2,0,3.2857142857142856,4.666666666666667,3.3333333333333335
1,1,1,32,0,0,2999,5,15,4.142857142857143,4.0,4.666666666666667
1,1,1,70,0,0,793,0,0,2.0,5.0,2.6666666666666665
1,0,1,44,1,2,2038,3,0,4.142857142857143,5.0,3.6666666666666665
0,1,1,38,1,0,2376,4,21,3.4285714285714284,3.0,3.0
1,1,1,57,0,0,430,1,10,3.5714285714285716,5.0,3.3333333333333335
0,0,1,55,1,0,2373,1,10,3.142857142857143,4.0,2.6666666666666665
0,0,1,46,0,0,2453,1,3,1.8571428571428572,3.6666666666666665,1.3333333333333333
0,0,1,61,0,0,1517,5,0,3.4285714285714284,4.0,4.333333333333333
0,0,1,42,0,0,2951,4,0,2.5714285714285716,3.3333333333333335,3.3333333333333335
1,1,0,63,0,0,1942,5,7,4.0,3.0,4.0
1,0,0,24,1,2,2150,0,0,4.142857142857143,4.0,3.6666666666666665
1,1,1,22,0,0,1563,4,16,3.2857142857142856,3.0,3.0
0,0,1,51,0,0,2013,4,3,3.5714285714285716,2.6666666666666665,2.6666666666666665
1,1,1,30,0,0,2655,4,13,4.428571428571429,4.666666666666667,4.0
1,1,1,56,0,0,1006,4,27,4.571428571428571,5.0,3.6666666666666665
1,1,1,14,0,0,2557,4,39,4.0,4.0,3.6666666666666665
1,1,1,27,1,2,3112,4,0,4.142857142857143,4.0,4.0
1,0,1,60,1,2,3979,1,298,2.857142857142857,2.3333333333333335,2.3333333333333335
0,1,0,80,1,2,620,3,0,3.857142857142857,4.333333333333333,4.0
1,0,1,62,1,0,2219,4,47,4.0,4.0,4.0
1,0,1,39,1,2,2829,4,101,3.857142857142857,4.0,4.333333333333333
1,1,1,58,1,2,2131,3,0,4.142857142857143,4.333333333333333,4.333333333333333
1,0,1,21,1,2,4082,5,0,4.285714285714286,5.0,4.333333333333333
0,0,1,56,1,1,2544,1,20,2.0,3.0,1.6666666666666667
1,1,1,20,1,2,2746,2,10,3.857142857142857,4.0,3.0
0,0,1,69,0,1,1225,4,57,3.0,1.0,2.6666666666666665
0,1,0,22,1,0,2122,0,0,3.4285714285714284,2.0,3.6666666666666665
1,1,0,21,1,0,2072,4,32,2.4285714285714284,2.0,4.0
1,1,1,46,0,0,718,5,9,3.857142857142857,4.666666666666667,4.666666666666667
0,1,1,43,1,0,1493,4,4,2.142857142857143,1.6666666666666667,2.3333333333333335
0,1,1,42,1,2,2994,4,0,1.8571428571428572,2.6666666666666665,3.0
1,0,1,42,1,2,2901,2,0,3.2857142857142856,4.333333333333333,3.0
0,0,1,44,0,0,2273,5,0,3.857142857142857,4.0,4.0
1,0,1,24,1,2,4458,4,0,3.7142857142857144,4.0,4.0
1,0,1,29,1,1,2111,5,42,4.571428571428571,5.0,3.6666666666666665
1,1,1,51,1,2,3974,4,46,3.857142857142857,4.333333333333333,4.0
1,1,1,36,1,2,878,4,0,3.857142857142857,4.666666666666667,4.0
0,0,0,45,1,2,1342,2,0,2.7142857142857144,3.6666666666666665,3.6666666666666665
1,0,1,47,1,2,2123,4,15,4.285714285714286,4.0,4.0
1,1,1,46,0,0,575,3,14,3.7142857142857144,5.0,3.6666666666666665
0,1,1,44,1,1,200,2,23,2.2857142857142856,2.0,2.0
0,1,0,39,1,0,1905,3,0,3.142857142857143,2.0,2.6666666666666665
1,1,1,54,1,0,380,1,42,3.857142857142857,4.0,2.6666666666666665
0,0,1,69,0,0,854,1,46,2.2857142857142856,2.0,2.3333333333333335
1,1,1,41,1,2,1998,5,0,3.4285714285714284,4.0,3.6666666666666665
0,1,1,64,0,0,1239,4,0,2.7142857142857144,3.3333333333333335,3.3333333333333335
0,0,1,55,1,2,2932,5,1,2.4285714285714284,2.6666666666666665,3.6666666666666665
1,1,1,49,1,2,1848,4,15,4.571428571428571,4.333333333333333,4.0
1,0,1,59,1,2,2037,3,0,3.857142857142857,4.333333333333333,4.0
1,0,0,26,1,2,1649,0,3,4.142857142857143,4.0,3.0
1,0,1,48,1,2,266,1,1,3.4285714285714284,4.0,3.0
1,1,1,54,0,0,1469,2,41,4.571428571428571,4.333333333333333,4.333333333333333
1,0,1,53,1,2,3493,2,0,3.7142857142857144,4.0,3.3333333333333335
0,0,0,29,1,0,2254,1,77,2.4285714285714284,1.0,2.6666666666666665
0,0,1,29,1,2,5058,2,2,2.857142857142857,3.0,2.6666666666666665
1,0,0,30,1,2,1801,5,0,4.857142857142857,5.0,4.0
0,1,1,44,1,2,2738,4,27,1.7142857142857142,1.3333333333333333,2.3333333333333335
1,1,1,16,1,2,5278,4,2,3.7142857142857144,3.0,2.6666666666666665
0,0,1,11,1,0,3159,2,317,1.8571428571428572,1.0,2.3333333333333335
1,1,1,47,1,2,2250,4,0,4.285714285714286,3.6666666666666665,3.0
1,0,1,41,1,2,1861,3,0,3.857142857142857,3.6666666666666665,3.3333333333333335
0,0,1,61,0,0,2342,5,318,2.7142857142857144,3.6666666666666665,4.0
1,1,1,35,0,1,1034,4,0,4.0,4.0,4.333333333333333
0,0,1,48,0,1,1792,1,12,2.0,4.0,2.6666666666666665
1,0,1,49,1,2,239,1,0,3.8333333333333335,4.333333333333333,2.6666666666666665
0,0,0,49,1,2,2558,3,0,3.5714285714285716,1.0,4.333333333333333
0,1,0,22,1,0,1845,2,0,3.142857142857143,5.0,3.3333333333333335
0,1,1,44,1,2,395,3,15,3.0,3.0,2.6666666666666665
1,1,1,60,1,2,1568,5,4,4.571428571428571,4.333333333333333,5.0
1,0,1,39,0,1,1875,3,32,4.0,4.0,3.6666666666666665
1,1,1,24,0,0,1628,5,0,4.0,3.3333333333333335,4.666666666666667
0,1,1,16,1,2,3564,2,36,3.4285714285714284,4.0,2.3333333333333335
1,1,1,53,1,2,3749,3,1,3.7142857142857144,3.6666666666666665,3.6666666666666665
1,0,1,30,1,2,1955,0,0,2.6,3.0,2.3333333333333335
1,0,1,42,1,2,2491,3,6,4.142857142857143,4.666666666666667,4.0
0,1,0,48,1,0,2033,1,40,2.142857142857143,5.0,3.6666666666666665
0,0,1,10,0,0,1850,5,51,2.857142857142857,2.0,3.6666666666666665
1,1,1,27,1,2,2239,1,38,3.4285714285714284,5.0,3.0
0,1,0,39,1,0,1946,1,18,1.7142857142857142,2.0,2.3333333333333335
0,0,1,65,1,2,1418,5,4,3.0,2.3333333333333335,3.3333333333333335
0,0,0,23,1,0,1593,3,0,3.4285714285714284,4.0,3.6666666666666665
0,0,1,40,0,1,1851,2,0,3.7142857142857144,1.6666666666666667,2.0
1,0,0,27,1,2,2924,5,272,4.428571428571429,2.3333333333333335,2.6666666666666665
1,1,0,27,1,2,3041,4,0,4.0,3.6666666666666665,5.0
0,1,1,47,1,2,3591,2,0,3.0,3.3333333333333335,2.3333333333333335
0,0,0,41,1,0,2581,2,76,3.2857142857142856,5.0,2.6666666666666665
0,0,1,37,1,0,1552,4,0,2.5714285714285716,2.0,3.6666666666666665
1,1,1,19,0,1,1950,2,0,3.5714285714285716,3.6666666666666665,3.3333333333333335
1,1,1,44,0,0,749,4,37,3.857142857142857,4.333333333333333,3.6666666666666665
1,0,1,57,1,2,1216,3,0,4.142857142857143,4.0,4.333333333333333
0,0,1,25,1,2,2121,3,0,3.2857142857142856,4.0,3.0
0,0,0,34,1,2,1700,3,94,3.5714285714285716,4.0,3.0
0,1,1,59,1,2,1679,2,93,2.7142857142857144,3.0,2.6666666666666665
1,1,1,17,0,0,1366,2,0,4.857142857142857,3.6666666666666665,4.0
1,1,1,34,1,1,1654,5,0,4.142857142857143,5.0,3.0
0,1,1,14,1,2,4311,2,32,1.8571428571428572,1.0,2.6666666666666665
1,0,1,33,1,1,1696,1,12,2.5714285714285716,4.0,3.3333333333333335
0,0,1,59,1,2,1216,2,0,3.857142857142857,3.0,3.0
1,1,1,41,1,2,1667,1,0,3.7142857142857144,5.0,3.0
0,0,1,16,0,0,1349,3,0,2.5714285714285716,5.0,3.0
1,1,1,46,1,2,444,3,0,4.0,4.0,3.6666666666666665
0,1,0,23,1,0,2081,2,0,2.2857142857142856,1.0,3.0
1,1,1,49,0,0,447,5,0,4.142857142857143,4.0,3.0
0,0,1,12,1,2,2877,3,0,2.857142857142857,2.0,3.0
1,1,1,43,1,0,305,3,0,3.142857142857143,3.3333333333333335,3.3333333333333335
1,1,1,64,0,0,722,5,0,4.0,4.0,4.0
1,1,1,60,1,2,89,4,0,4.142857142857143,4.333333333333333,4.666666666666667
1,0,1,35,1,0,1299,2,0,3.4285714285714284,5.0,3.0
0,0,1,54,0,2,1274,4,43,2.5714285714285716,3.3333333333333335,4.0
1,1,1,25,1,2,2518,4,0,4.285714285714286,5.0,4.666666666666667
0,0,0,25,1,0,2185,3,0,3.7142857142857144,4.0,3.6666666666666665
0,1,1,50,1,2,3469,2,65,3.5714285714285716,3.3333333333333335,2.3333333333333335
1,1,1,55,0,0,1296,2,0,3.857142857142857,4.333333333333333,3.3333333333333335
1,1,1,35,1,2,3731,1,0,1.8571428571428572,2.0,2.3333333333333335
1,1,1,67,0,0,82,2,0,3.5714285714285716,4.0,3.6666666666666665
0,0,1,34,0,0,2237,3,2,3.5714285714285716,3.0,2.6666666666666665
1,1,1,12,0,0,1884,3,0,2.857142857142857,3.0,2.6666666666666665
0,0,1,50,1,0,1666,5,0,3.142857142857143,4.0,3.6666666666666665
1,1,1,50,1,2,1617,5,0,4.285714285714286,4.333333333333333,4.0
1,1,1,49,1,2,2002,2,16,4.0,4.333333333333333,3.3333333333333335
0,1,0,43,1,0,1884,4,0,2.4285714285714284,4.0,2.6666666666666665
1,0,1,26,1,2,2646,4,0,3.142857142857143,4.0,3.3333333333333335
0,1,1,37,1,1,1913,1,52,3.2857142857142856,3.0,2.3333333333333335
0,1,0,29,1,1,2829,2,0,2.4285714285714284,1.0,2.6666666666666665
0,0,1,59,1,2,1808,2,91,3.4285714285714284,3.0,3.3333333333333335
1,0,1,40,1,0,2080,3,0,3.7142857142857144,4.0,2.0
0,0,1,51,0,0,851,5,30,2.857142857142857,2.0,3.3333333333333335
1,0,1,34,1,2,941,5,10,4.285714285714286,2.3333333333333335,4.333333333333333
1,1,0,25,1,2,2386,0,0,4.428571428571429,5.0,3.0
1,1,1,23,0,0,2397,3,0,3.7142857142857144,4.666666666666667,4.333333333333333
1,1,0,24,1,2,1680,5,0,4.285714285714286,5.0,4.0
1,0,1,52,1,2,2935,4,116,3.5714285714285716,4.0,4.0
0,0,1,26,0,1,3510,5,0,3.4285714285714284,2.0,3.6666666666666665
1,0,0,44,1,0,1121,0,5,3.7142857142857144,4.0,4.666666666666667
1,0,1,47,1,2,1875,4,2,4.0,4.666666666666667,4.0
0,0,0,22,1,0,2006,4,5,3.0,2.6666666666666665,3.3333333333333335
0,1,0,29,1,0,2037,1,0,2.2857142857142856,2.0,3.3333333333333335
0,1,0,44,1,0,1470,5,0,2.2857142857142856,4.0,3.0
1,0,0,25,1,2,2931,3,0,3.142857142857143,4.0,4.0
0,0,1,19,0,0,2169,2,0,2.4285714285714284,5.0,3.0
0,0,1,35,1,0,1909,4,0,3.4285714285714284,3.0,3.0
1,0,1,45,1,0,1674,3,0,3.5714285714285716,4.0,3.6666666666666665
1,1,1,21,0,2,1468,2,0,3.4285714285714284,4.0,3.6666666666666665
1,1,1,44,1,2,2570,3,12,3.7142857142857144,4.333333333333333,4.333333333333333
0,1,1,56,0,0,478,2,0,2.7142857142857144,2.3333333333333335,2.3333333333333335
1,0,1,24,1,0,2470,3,0,3.2857142857142856,4.333333333333333,1.6666666666666667
0,0,1,8,0,0,1601,3,0,2.857142857142857,1.0,3.3333333333333335
1,1,1,63,0,0,422,2,14,3.2857142857142856,4.666666666666667,3.3333333333333335
1,1,1,14,1,2,2244,2,0,3.4285714285714284,4.0,3.3333333333333335
0,1,1,28,0,0,3109,5,0,3.7142857142857144,2.0,3.0
0,0,1,55,1,0,1961,3,92,2.5714285714285716,1.0,2.3333333333333335
0,1,1,47,1,0,954,3,0,3.4285714285714284,3.0,3.0
1,0,1,53,1,2,672,2,7,3.2857142857142856,4.666666666666667,3.6666666666666665
1,1,1,32,1,2,3158,2,200,4.0,4.666666666666667,4.0
1,1,1,42,1,2,2291,5,0,5.0,4.333333333333333,5.0
1,1,1,43,1,2,1037,3,8,3.4285714285714284,4.333333333333333,3.6666666666666665
0,0,1,12,0,0,1845,4,0,2.7142857142857144,2.0,3.6666666666666665
0,0,1,26,0,0,1559,5,7,2.0,1.0,1.6666666666666667
0,0,1,29,1,2,1560,3,0,3.142857142857143,2.0,3.6666666666666665
1,0,1,51,1,2,3584,1,16,3.7142857142857144,4.333333333333333,4.0
0,0,1,55,1,2,229,3,0,2.7142857142857144,2.3333333333333335,3.6666666666666665
0,0,0,25,1,0,2595,1,0,2.0,2.0,2.6666666666666665
0,1,0,25,1,2,2446,0,0,3.5714285714285716,5.0,3.3333333333333335
0,0,0,18,1,0,1774,5,0,3.4285714285714284,4.0,3.3333333333333335
1,0,1,60,1,2,2092,4,0,4.571428571428571,4.333333333333333,4.666666666666667
0,0,1,35,0,0,1853,5,0,2.2857142857142856,1.0,3.0
1,1,1,35,0,0,1693,5,0,4.0,5.0,4.0
0,1,1,59,0,0,240,5,1,2.7142857142857144,3.0,3.0
0,1,0,36,1,2,2139,3,50,3.2857142857142856,3.3333333333333335,3.0
0,0,1,38,0,0,2371,4,11,3.142857142857143,2.0,3.0
1,0,1,48,1,2,2055,3,0,3.5714285714285716,3.6666666666666665,4.0
0,0,0,39,1,2,1553,2,0,2.5714285714285716,1.0,3.3333333333333335
0,0,1,43,0,0,1287,3,0,3.0,3.0,3.0
0,0,0,19,1,0,3736,3,0,2.857142857142857,1.0,3.3333333333333335
0,0,1,59,0,0,2321,1,67,2.142857142857143,2.0,2.6666666666666665
1,1,1,50,0,2,2317,5,0,3.0,4.0,4.0
1,1,0,39,1,2,1396,4,0,4.428571428571429,5.0,3.0
0,0,1,37,1,2,1813,3,2,3.0,2.3333333333333335,3.0
1,1,0,24,1,0,2367,4,0,4.142857142857143,5.0,4.0
1,1,1,54,1,2,2677,1,1,3.0,3.6666666666666665,2.6666666666666665
1,1,1,42,1,2,2426,1,5,3.857142857142857,4.0,3.6666666666666665
0,0,1,49,0,1,2133,4,0,3.2857142857142856,3.0,3.0
1,1,1,52,0,0,200,4,0,4.0,3.6666666666666665,4.333333333333333
1,1,1,47,0,0,1109,4,0,3.857142857142857,4.333333333333333,4.333333333333333
0,1,0,25,1,2,1911,4,0,2.857142857142857,1.0,3.0
0,0,0,36,1,0,2171,1,0,1.4285714285714286,1.3333333333333333,3.3333333333333335
0,1,0,30,1,1,3634,2,1,2.5714285714285716,5.0,3.3333333333333335
1,0,1,38,1,0,1511,4,0,4.142857142857143,5.0,2.3333333333333335
1,0,1,45,1,2,3322,2,8,3.4285714285714284,4.0,3.3333333333333335
1,1,0,9,1,0,1573,4,0,3.2857142857142856,5.0,3.6666666666666665
0,0,1,40,1,2,305,3,31,3.142857142857143,3.0,3.3333333333333335
1,0,1,55,1,2,1028,3,0,3.142857142857143,3.3333333333333335,3.6666666666666665
1,1,1,59,1,0,934,3,0,3.2857142857142856,3.3333333333333335,2.6666666666666665
1,1,0,23,1,0,1481,1,0,3.5714285714285716,4.0,3.3333333333333335
0,0,0,10,1,0,1672,2,21,2.5714285714285716,5.0,3.0
0,1,1,37,1,2,1183,3,0,2.4285714285714284,3.0,2.6666666666666665
1,1,1,57,0,0,323,3,41,3.7142857142857144,4.666666666666667,4.0
0,0,1,25,0,0,1477,5,0,3.2857142857142856,4.0,3.6666666666666665
0,0,1,47,1,2,1233,5,10,2.857142857142857,2.0,3.0
1,1,1,37,0,0,1655,2,0,3.7142857142857144,3.0,4.0
1,1,1,47,1,2,3735,5,6,3.4,3.6666666666666665,3.6666666666666665
1,1,1,42,1,2,2450,3,0,4.142857142857143,4.666666666666667,3.6666666666666665
1,0,1,41,1,2,3482,4,0,4.142857142857143,4.0,4.333333333333333
1,1,1,49,1,0,202,1,0,3.2857142857142856,2.3333333333333335,2.0
1,0,1,53,1,2,473,3,0,3.857142857142857,4.666666666666667,4.0
0,1,0,9,1,0,2155,1,0,2.5714285714285716,3.0,4.333333333333333
1,0,1,57,1,2,1440,2,25,3.4285714285714284,4.333333333333333,3.6666666666666665
1,0,1,34,1,2,278,5,0,4.428571428571429,4.0,4.333333333333333
0,0,1,58,0,0,3819,1,0,2.7142857142857144,4.0,2.6666666666666665
0,1,1,38,1,0,2613,3,88,2.7142857142857144,2.0,2.6666666666666665
0,1,1,59,1,2,1796,5,0,3.142857142857143,3.0,3.6666666666666665
0,0,0,45,1,0,1701,5,0,2.5714285714285716,3.0,2.3333333333333335
0,1,1,44,1,2,1791,2,0,2.857142857142857,2.3333333333333335,2.6666666666666665
0,1,0,26,1,0,2902,4,0,2.7142857142857144,1.0,3.0
1,1,1,42,1,2,2044,2,29,3.4285714285714284,4.666666666666667,3.3333333333333335
0,1,0,22,1,0,2977,3,0,3.7142857142857144,4.0,3.3333333333333335
0,0,1,63,0,0,1647,2,0,1.8571428571428572,1.0,3.6666666666666665
1,1,1,46,1,2,3606,4,5,3.857142857142857,4.666666666666667,4.333333333333333
0,0,1,33,1,0,1133,5,3,2.857142857142857,3.0,3.0
0,0,1,48,1,0,2457,5,0,3.0,3.0,3.3333333333333335
0,1,1,58,1,2,3739,1,52,2.0,2.3333333333333335,1.6666666666666667
0,0,1,48,1,0,1378,3,0,2.142857142857143,2.0,3.3333333333333335
0,0,0,25,1,2,1628,4,0,2.857142857142857,1.0,3.3333333333333335
0,0,1,40,0,2,455,4,0,3.0,3.0,3.0
0,1,1,36,1,1,1231,4,0,3.2857142857142856,4.0,2.6666666666666665
0,0,0,27,1,1,1496,4,0,4.142857142857143,2.0,3.0
0,1,0,47,1,2,1924,3,12,3.0,1.0,3.6666666666666665
1,0,0,30,1,2,3019,0,38,4.25,4.666666666666667,3.3333333333333335
1,1,1,50,1,2,1230,1,0,3.4285714285714284,4.666666666666667,3.3333333333333335
1,1,1,33,1,2,2253,1,0,2.7142857142857144,4.666666666666667,1.6666666666666667
1,1,1,51,1,2,3986,1,1,4.571428571428571,4.0,4.0
0,0,1,25,1,2,3719,3,0,2.2857142857142856,1.0,2.0
1,0,1,60,1,2,1938,5,0,3.7142857142857144,4.0,4.0
1,1,1,40,0,0,1309,3,0,3.2857142857142856,4.0,3.3333333333333335
1,1,1,14,0,0,1835,2,6,4.0,4.0,3.6666666666666665
0,1,1,25,1,0,1648,4,110,3.4285714285714284,2.6666666666666665,3.6666666666666665
1,1,1,9,0,0,3600,5,1,4.0,4.333333333333333,4.0
0,0,1,29,0,0,2115,5,12,3.7142857142857144,3.0,3.6666666666666665
1,0,1,39,1,2,1818,2,0,3.857142857142857,4.333333333333333,3.6666666666666665
1,0,1,31,1,2,2895,4,0,3.857142857142857,4.0,4.666666666666667
1,0,1,50,1,2,1651,3,45,3.5714285714285716,4.333333333333333,3.3333333333333335
1,1,1,34,1,2,1800,5,0,4.857142857142857,4.0,4.666666666666667
1,0,1,47,1,2,2051,1,0,3.4285714285714284,4.0,3.3333333333333335
0,1,1,48,1,0,840,2,74,2.5714285714285716,3.0,1.6666666666666667
1,1,1,15,0,0,2456,3,0,3.142857142857143,4.0,2.6666666666666665
0,0,1,14,0,0,1274,5,0,3.857142857142857,5.0,3.3333333333333335
0,0,0,38,1,0,1653,2,12,2.857142857142857,4.333333333333333,3.0
0,0,1,18,0,0,1811,3,34,2.0,2.3333333333333335,2.6666666666666665
0,1,0,35,1,0,2241,3,0,2.7142857142857144,2.6666666666666665,2.3333333333333335
1,0,1,52,1,0,1367,2,27,3.857142857142857,4.0,2.6666666666666665
0,0,0,55,1,2,2875,4,29,3.7142857142857144,4.0,3.6666666666666665
1,0,1,42,1,2,3728,5,0,4.428571428571429,4.0,4.666666666666667
1,1,1,59,0,0,220,3,31,4.285714285714286,4.0,4.0
0,0,1,41,1,2,2178,3,60,3.2857142857142856,3.6666666666666665,3.0
1,1,1,46,1,2,442,5,55,3.7142857142857144,3.6666666666666665,4.0
1,1,1,45,1,0,202,5,0,4.285714285714286,3.6666666666666665,5.0
1,1,0,39,1,0,1280,0,7,4.571428571428571,4.0,3.3333333333333335
0,0,1,42,0,2,673,2,0,2.7142857142857144,2.3333333333333335,2.3333333333333335
1,1,1,38,0,0,1886,1,67,4.142857142857143,5.0,3.6666666666666665
1,0,1,21,1,2,4363,2,11,3.7142857142857144,5.0,3.6666666666666665
1,1,1,17,0,0,1865,3,49,3.142857142857143,3.6666666666666665,3.0
1,0,1,32,1,2,1514,4,0,3.5714285714285716,5.0,4.0
0,0,1,54,0,0,2325,5,0,2.142857142857143,1.0,3.3333333333333335
0,1,0,26,1,0,2011,3,0,3.142857142857143,4.666666666666667,2.3333333333333335
1,1,1,69,0,0,376,3,61,3.4285714285714284,4.0,3.3333333333333335
1,1,1,32,0,0,1998,4,33,4.428571428571429,5.0,4.666666666666667
1,0,0,24,1,0,1977,3,0,4.0,4.0,1.6666666666666667
0,1,1,53,1,0,963,4,38,1.8571428571428572,3.0,3.0
1,1,1,60,1,0,412,2,0,4.142857142857143,3.6666666666666665,3.3333333333333335
1,1,1,49,0,0,616,5,9,5.0,4.333333333333333,4.0
0,0,1,31,1,2,2990,1,0,1.7142857142857142,2.0,2.0
1,0,1,43,1,2,2879,3,0,4.285714285714286,4.333333333333333,3.6666666666666665
0,0,1,39,1,0,1514,1,13,2.7142857142857144,3.0,2.3333333333333335
1,1,1,56,1,1,834,4,0,3.142857142857143,3.6666666666666665,4.0
0,0,1,38,0,2,623,4,0,3.142857142857143,3.3333333333333335,2.0
0,0,0,21,1,0,1526,1,0,2.5714285714285716,3.0,2.3333333333333335
0,1,0,19,1,0,1348,2,0,2.7142857142857144,1.0,3.3333333333333335
1,0,1,62,1,0,1373,4,1,3.4285714285714284,5.0,3.6666666666666665
0,1,1,54,1,2,2691,4,34,2.2857142857142856,3.3333333333333335,3.3333333333333335
0,0,1,25,1,2,1425,4,0,2.7142857142857144,3.0,2.6666666666666665
0,0,0,20,1,0,2359,1,0,2.0,1.0,4.666666666666667
1,0,1,48,0,0,2662,5,0,4.0,4.0,3.6666666666666665
1,0,1,30,1,2,1889,3,108,3.857142857142857,5.0,4.0
1,0,1,66,0,0,2450,3,15,3.2857142857142856,4.0,3.0
0,0,0,36,1,0,2425,1,1,2.0,2.0,3.3333333333333335
1,0,1,43,1,2,1639,4,10,4.142857142857143,3.6666666666666665,4.333333333333333
1,1,0,22,1,0,1694,0,0,3.857142857142857,2.0,3.3333333333333335
0,0,1,64,0,0,2455,5,0,2.4285714285714284,3.0,3.0
1,1,1,42,1,2,267,0,22,2.0,3.3333333333333335,3.6666666666666665
1,1,1,14,0,0,2169,1,0,3.4285714285714284,2.0,3.0
0,1,1,40,1,2,2450,4,0,3.4285714285714284,3.3333333333333335,3.3333333333333335
1,1,1,18,0,0,2720,5,0,4.0,3.0,3.0
0,1,1,13,0,0,1593,3,0,2.857142857142857,3.0,3.0
1,0,1,30,1,2,1938,2,0,2.857142857142857,5.0,2.0
1,1,1,36,1,0,1592,5,52,3.2857142857142856,4.0,4.0
0,0,0,40,1,0,1814,0,0,2.7142857142857144,1.0,2.6666666666666665
0,1,0,38,1,0,1504,0,0,2.2857142857142856,3.0,4.666666666666667
0,0,1,14,0,0,2411,1,1,2.7142857142857144,3.0,2.3333333333333335
1,1,1,50,1,0,88,4,0,4.285714285714286,3.6666666666666665,4.0
0,0,1,16,1,2,1697,5,0,2.142857142857143,1.0,3.6666666666666665
0,1,1,7,0,0,1751,5,4,3.142857142857143,1.0,3.3333333333333335
0,0,1,52,1,1,1163,1,83,2.857142857142857,3.0,2.6666666666666665
0,0,1,36,0,0,1741,3,0,2.4285714285714284,2.0,3.3333333333333335
1,1,1,39,1,2,503,4,0,3.142857142857143,4.0,3.6666666666666665
1,1,1,26,0,0,2682,3,1,4.142857142857143,5.0,3.6666666666666665
0,0,1,19,0,0,2066,5,17,2.4285714285714284,3.0,3.6666666666666665
0,0,1,45,0,0,3000,2,14,3.0,5.0,2.6666666666666665
0,0,0,24,1,0,2161,4,0,2.5714285714285716,2.0,3.3333333333333335
0,1,1,67,1,0,647,5,0,3.5714285714285716,2.3333333333333335,3.6666666666666665
1,1,0,20,1,0,2131,0,2,3.5,2.0,4.666666666666667
0,1,1,42,1,0,234,4,0,1.7142857142857142,2.6666666666666665,3.0
0,0,1,50,0,0,2161,5,0,3.5714285714285716,3.0,3.3333333333333335
1,0,0,22,1,0,1923,0,22,4.428571428571429,5.0,4.666666666666667
0,0,1,12,0,0,1843,4,0,2.857142857142857,2.0,4.333333333333333
1,0,1,43,1,2,2270,3,77,3.142857142857143,4.333333333333333,4.333333333333333
1,0,1,27,0,0,1995,5,0,4.428571428571429,2.6666666666666665,4.0
1,1,1,44,1,0,441,3,0,3.4285714285714284,3.6666666666666665,4.0
0,0,1,50,0,0,2143,3,0,2.4285714285714284,1.0,2.6666666666666665
0,0,1,54,0,0,1327,5,0,4.142857142857143,5.0,3.0
0,0,1,56,1,2,723,5,0,3.7142857142857144,3.0,3.6666666666666665
1,1,1,49,1,2,951,1,0,3.2857142857142856,4.333333333333333,2.6666666666666665
1,0,1,44,1,2,2558,4,0,4.142857142857143,3.6666666666666665,4.333333333333333
1,0,1,33,1,2,3662,2,0,4.0,5.0,3.3333333333333335
1,0,1,59,1,2,3377,3,83,3.4285714285714284,4.0,3.6666666666666665
0,0,0,55,1,2,3986,1,1,3.142857142857143,3.0,2.6666666666666665
1,1,1,21,0,2,1838,2,0,3.4285714285714284,4.0,3.3333333333333335
0,0,1,66,0,2,1093,3,0,3.857142857142857,2.3333333333333335,2.3333333333333335
1,0,1,58,1,2,1600,1,0,3.0,4.0,2.6666666666666665
1,1,1,49,0,0,245,5,0,4.285714285714286,4.0,4.666666666666667
0,0,1,16,0,0,1584,0,0,2.7142857142857144,1.0,4.0
1,0,1,49,1,2,2870,3,10,3.857142857142857,3.3333333333333335,4.0
1,0,1,57,1,2,766,1,2,3.4285714285714284,4.0,3.0
1,1,1,61,0,1,2376,4,0,4.285714285714286,4.0,4.666666666666667
0,1,0,45,1,0,1920,2,0,2.2857142857142856,4.0,3.6666666666666665
1,1,1,25,1,0,4560,5,9,4.0,4.333333333333333,3.6666666666666665
0,0,0,22,1,0,2071,5,0,3.142857142857143,3.0,3.3333333333333335
0,0,1,63,0,0,1433,5,0,3.7142857142857144,5.0,3.3333333333333335
1,1,1,51,1,2,3699,1,0,3.4285714285714284,4.333333333333333,3.0
1,0,1,51,0,0,1901,5,0,3.857142857142857,1.3333333333333333,3.0
1,1,1,43,1,2,3968,1,14,3.857142857142857,4.333333333333333,3.6666666666666665
0,1,1,37,1,2,2619,4,0,2.7142857142857144,2.3333333333333335,3.6666666666666665
1,1,1,38,1,2,1872,4,2,3.5714285714285716,4.0,4.0
1,0,1,51,1,2,1688,0,0,2.6,3.3333333333333335,3.3333333333333335
0,0,1,62,0,1,2675,4,0,2.8,2.0,4.666666666666667
0,0,1,12,0,1,2232,5,0,3.2857142857142856,4.0,4.0
1,0,1,46,1,2,2507,4,0,3.2857142857142856,3.6666666666666665,3.0
0,0,0,27,1,0,1733,4,0,3.2857142857142856,5.0,2.6666666666666665
1,1,0,30,1,2,2476,4,0,3.5714285714285716,2.0,3.0
0,1,0,40,1,2,1167,2,6,2.4285714285714284,2.0,3.6666666666666665
0,0,0,30,1,2,2415,2,0,2.142857142857143,1.0,3.6666666666666665
0,0,1,29,0,0,1721,5,0,2.5714285714285716,2.3333333333333335,4.333333333333333
1,0,1,30,1,2,3882,1,29,3.142857142857143,4.0,3.0
1,0,1,10,0,0,1863,2,0,2.75,4.0,3.0
0,0,1,36,1,1,1742,4,0,2.2857142857142856,2.0,3.0
1,0,1,42,1,2,3863,5,42,3.7142857142857144,4.0,4.333333333333333
1,1,1,32,0,2,2061,3,0,3.4285714285714284,5.0,2.3333333333333335
0,0,0,20,1,0,1123,0,0,2.857142857142857,1.0,4.666666666666667
0,1,0,30,1,0,1827,3,30,3.0,3.3333333333333335,3.0
1,0,1,59,1,2,386,5,12,4.428571428571429,4.666666666666667,4.666666666666667
0,0,1,33,1,1,2773,5,3,3.0,3.0,3.0
0,0,0,11,1,0,1820,3,23,2.857142857142857,3.0,3.0
0,1,0,28,1,0,2196,0,0,2.1666666666666665,3.0,4.0
1,1,1,39,1,2,2118,1,0,3.5714285714285716,5.0,3.3333333333333335
0,1,1,47,0,1,1701,4,0,3.2857142857142856,3.6666666666666665,2.0
1,1,1,20,1,2,4636,1,0,4.285714285714286,4.666666666666667,4.333333333333333
1,0,1,40,1,2,3825,3,0,3.4285714285714284,4.0,4.0
1,0,1,57,1,2,1554,4,0,4.571428571428571,5.0,4.333333333333333
0,0,1,57,1,2,92,4,5,3.0,2.3333333333333335,3.6666666666666665
1,0,1,63,0,0,2430,5,37,3.857142857142857,4.333333333333333,4.0
0,1,0,36,1,1,2488,2,25,2.5714285714285716,1.0,3.6666666666666665
0,0,0,20,1,2,1451,1,4,2.5714285714285716,4.0,3.0
0,0,0,25,1,2,2521,3,16,2.857142857142857,5.0,3.6666666666666665
1,0,1,44,1,2,3591,3,0,3.4285714285714284,4.0,3.3333333333333335
1,1,1,54,1,2,1032,3,0,4.142857142857143,4.0,3.6666666666666665
0,0,1,30,0,0,2166,4,38,3.4285714285714284,3.6666666666666665,4.333333333333333
0,0,0,27,1,2,1362,2,0,2.857142857142857,5.0,3.3333333333333335
0,0,1,7,0,0,1482,4,0,3.857142857142857,5.0,3.0
1,0,1,44,1,0,1574,2,0,3.4285714285714284,5.0,2.6666666666666665
0,0,1,14,0,0,2163,4,54,3.5714285714285716,1.0,4.0
0,1,0,20,1,0,2980,3,12,3.4285714285714284,5.0,2.6666666666666665
0,1,1,56,0,1,609,4,0,2.857142857142857,2.6666666666666665,2.0
1,0,1,54,1,2,3825,3,0,2.7142857142857144,3.3333333333333335,2.6666666666666665
1,0,1,56,1,2,2959,4,11,3.2857142857142856,3.6666666666666665,4.0
0,0,1,28,1,2,4113,2,0,2.7142857142857144,2.0,3.0
0,1,0,28,1,2,1950,4,0,4.0,5.0,4.333333333333333
1,0,1,55,1,2,1603,2,0,3.857142857142857,4.0,4.0
1,1,1,51,1,0,601,5,0,2.857142857142857,3.0,4.0
1,0,1,53,0,2,2522,3,0,3.0,2.6666666666666665,3.0
1,1,1,30,0,0,1674,1,39,3.142857142857143,4.0,3.0
0,0,1,12,0,0,2027,5,74,2.2857142857142856,2.0,3.6666666666666665
0,0,1,21,1,2,2633,2,30,2.7142857142857144,4.0,2.3333333333333335
0,1,1,41,1,2,909,0,9,3.2,4.0,3.6666666666666665
0,1,0,11,1,0,2268,5,0,3.4285714285714284,3.6666666666666665,3.6666666666666665
0,0,1,33,0,0,1757,3,0,2.2857142857142856,1.0,3.0
1,1,1,29,1,2,5256,3,3,3.2857142857142856,4.0,3.3333333333333335
1,1,1,16,0,0,1899,2,0,3.857142857142857,4.666666666666667,4.0
1,1,1,56,1,0,220,5,2,4.571428571428571,2.6666666666666665,4.666666666666667
1,1,0,20,1,2,1961,3,0,4.142857142857143,4.0,3.3333333333333335
0,0,1,21,0,1,2309,5,168,3.2857142857142856,4.333333333333333,3.6666666666666665
1,1,1,51,1,0,1451,4,0,3.2857142857142856,4.333333333333333,4.0
1,1,1,59,1,2,2603,3,0,4.0,4.0,4.333333333333333
1,0,0,17,1,2,2140,2,0,3.75,5.0,4.333333333333333
1,1,1,19,0,0,973,1,0,3.2857142857142856,4.333333333333333,3.0
0,0,0,35,1,0,2446,3,112,3.4285714285714284,4.0,3.0
1,1,1,43,1,2,2746,1,26,3.7142857142857144,3.6666666666666665,4.333333333333333
1,1,1,38,1,2,366,3,4,3.5714285714285716,2.3333333333333335,3.6666666666666665
1,1,1,10,0,0,2163,1,0,3.142857142857143,4.666666666666667,3.3333333333333335
0,1,1,66,1,2,962,2,0,2.4285714285714284,2.0,1.6666666666666667
0,1,1,26,1,2,3195,3,10,2.7142857142857144,3.0,3.3333333333333335
1,1,1,34,0,2,1100,1,0,3.7142857142857144,4.666666666666667,3.6666666666666665
1,1,1,46,0,0,1143,4,0,4.0,3.6666666666666665,4.333333333333333
1,0,1,49,1,2,385,2,0,4.0,4.333333333333333,3.6666666666666665
1,1,1,44,1,2,622,3,0,4.142857142857143,4.666666666666667,4.333333333333333
1,1,1,34,0,1,1838,3,7,3.857142857142857,4.333333333333333,4.333333333333333
0,1,0,19,1,0,2909,4,19,3.142857142857143,1.0,3.6666666666666665
1,0,1,20,1,1,1715,2,0,3.4285714285714284,4.333333333333333,3.6666666666666665
1,1,1,41,1,2,2539,1,0,3.2857142857142856,4.333333333333333,3.0
1,0,1,24,1,2,4619,5,0,4.142857142857143,4.0,5.0
1,1,1,57,1,2,2179,1,4,2.857142857142857,4.333333333333333,2.6666666666666665
0,0,1,44,0,1,2874,4,0,2.857142857142857,3.6666666666666665,4.0
1,1,1,56,1,2,3692,5,0,4.571428571428571,4.0,4.333333333333333
0,1,1,30,1,0,1909,5,88,2.0,1.0,4.0
0,1,1,43,1,0,2634,5,31,2.7142857142857144,3.3333333333333335,3.6666666666666665
1,0,1,47,1,2,628,3,3,3.5714285714285716,4.666666666666667,3.3333333333333335
1,0,1,17,0,2,1249,4,0,3.857142857142857,2.0,4.666666666666667
0,0,0,9,1,0,2794,3,8,2.857142857142857,1.0,3.0
0,1,1,29,1,2,2119,3,0,2.2857142857142856,1.0,2.6666666666666665
0,0,1,55,1,2,421,5,0,2.857142857142857,2.6666666666666665,3.3333333333333335
1,0,1,21,1,2,4053,2,0,3.0,4.0,3.6666666666666665
0,0,1,14,0,0,1749,5,47,3.857142857142857,5.0,4.0
0,0,1,66,0,0,1166,4,0,3.4285714285714284,2.0,3.3333333333333335
1,1,1,60,1,2,1690,3,0,4.428571428571429,4.666666666666667,3.6666666666666665
0,1,1,28,1,2,1941,4,18,3.142857142857143,3.0,3.3333333333333335
1,0,1,36,1,2,2909,4,13,3.4285714285714284,4.333333333333333,3.6666666666666665
1,0,1,44,1,2,211,5,23,4.714285714285714,4.0,4.333333333333333
1,1,1,44,1,0,1144,4,75,4.714285714285714,3.3333333333333335,3.6666666666666665
0,1,1,38,1,0,1594,5,0,3.2857142857142856,3.0,3.3333333333333335
0,1,0,34,1,0,1839,3,0,3.0,5.0,2.6666666666666665
1,0,0,64,0,0,2677,5,0,3.4285714285714284,4.0,2.3333333333333335
1,0,1,40,1,2,1985,2,4,2.857142857142857,3.3333333333333335,2.6666666666666665
1,1,1,30,0,1,3799,2,0,3.142857142857143,4.333333333333333,3.6666666666666665
0,0,1,28,1,0,1968,5,0,2.857142857142857,2.0,4.333333333333333
1,0,1,45,1,2,1553,1,17,3.142857142857143,4.333333333333333,3.3333333333333335
1,0,1,38,1,2,2635,4,0,3.4285714285714284,3.3333333333333335,3.3333333333333335
1,1,1,36,1,2,96,4,12,4.142857142857143,2.3333333333333335,4.0
1,1,1,45,1,2,2131,1,0,3.2857142857142856,4.0,2.6666666666666665
1,0,1,39,1,2,358,5,5,4.714285714285714,4.0,4.666666666666667
1,0,0,40,1,0,1279,0,0,2.7142857142857144,1.0,2.6666666666666665
1,1,1,62,0,0,842,5,0,4.428571428571429,3.6666666666666665,4.333333333333333
1,1,1,69,0,0,1616,5,0,4.0,4.0,3.3333333333333335
0,0,1,41,1,0,2215,5,0,2.2857142857142856,1.0,3.6666666666666665
0,1,0,44,1,0,1511,3,14,3.142857142857143,4.0,2.6666666666666665
0,0,1,69,0,0,2605,4,0,3.2857142857142856,1.0,3.0
0,0,1,60,0,1,1389,1,64,1.8571428571428572,1.0,3.3333333333333335
1,0,1,43,1,2,2416,1,0,3.2857142857142856,4.0,2.6666666666666665
0,1,1,37,1,0,2997,4,237,2.2857142857142856,1.3333333333333333,3.0
1,1,1,23,1,2,4411,1,0,3.2857142857142856,4.0,3.6666666666666665
1,0,1,47,1,0,1834,5,11,4.0,5.0,3.6666666666666665
1,0,0,9,1,0,1997,5,17,4.714285714285714,4.666666666666667,4.0
0,0,1,7,0,0,2625,4,68,3.2857142857142856,2.0,3.3333333333333335
1,1,1,52,0,0,352,4,0,3.4285714285714284,3.6666666666666665,4.333333333333333
1,1,1,78,1,2,484,5,13,3.7142857142857144,3.3333333333333335,3.6666666666666665
1,0,0,21,1,2,2099,0,0,4.571428571428571,5.0,3.6666666666666665
1,1,1,10,0,0,1844,2,6,3.2857142857142856,4.0,3.0
0,0,1,34,0,1,1478,2,5,2.0,3.0,2.6666666666666665
1,1,1,54,1,2,460,2,0,3.4285714285714284,3.6666666666666665,3.3333333333333335
1,1,1,17,0,0,2074,1,0,3.142857142857143,4.333333333333333,3.3333333333333335
1,1,1,15,1,2,2734,1,0,3.142857142857143,3.0,3.0
1,1,1,10,0,0,1503,4,0,4.142857142857143,4.333333333333333,4.0
1,0,1,18,1,1,3753,3,3,3.7142857142857144,4.333333333333333,3.6666666666666665
1,1,1,47,1,2,3734,5,3,4.714285714285714,4.0,4.666666666666667
1,0,1,38,1,2,2880,2,0,3.857142857142857,4.333333333333333,4.0
1,1,1,7,0,0,2375,2,0,3.2857142857142856,4.333333333333333,3.0
1,1,1,49,1,2,1127,3,40,3.4285714285714284,4.0,4.0
1,1,1,45,1,2,2132,5,19,4.285714285714286,3.6666666666666665,4.666666666666667
1,0,1,48,1,1,1238,3,0,3.4285714285714284,5.0,3.0
0,0,1,18,0,0,1335,2,0,2.5714285714285716,3.0,3.0
1,1,1,44,0,1,1048,5,0,4.0,2.0,4.666666666666667
1,1,1,13,0,0,2817,5,0,2.8333333333333335,2.0,4.0
1,0,1,33,1,2,1902,1,1,3.2857142857142856,5.0,3.3333333333333335
1,0,1,39,1,2,248,2,0,3.857142857142857,4.333333333333333,3.6666666666666665
0,0,1,70,0,0,1905,4,0,3.2,5.0,3.0
1,0,0,21,1,2,1833,0,0,3.7142857142857144,2.0,4.0
1,1,1,62,1,0,362,1,12,4.0,4.333333333333333,3.3333333333333335
1,1,1,27,1,2,4517,1,26,2.4285714285714284,2.0,2.6666666666666665
0,0,1,15,0,0,1582,5,94,3.7142857142857144,5.0,3.3333333333333335
1,0,1,54,1,2,544,1,0,2.7142857142857144,4.333333333333333,2.6666666666666665
1,0,1,38,1,2,1774,4,12,3.4285714285714284,4.0,4.333333333333333
0,0,1,49,1,0,1707,2,0,2.2857142857142856,2.0,2.6666666666666665
0,0,0,36,1,2,2123,3,0,3.2857142857142856,5.0,3.3333333333333335
1,1,1,15,0,0,1544,1,0,3.7142857142857144,4.333333333333333,3.0
1,1,0,22,1,0,2419,4,0,4.142857142857143,2.0,3.3333333333333335
1,1,1,48,1,2,561,4,0,4.142857142857143,4.0,4.333333333333333
1,0,1,31,0,0,2282,5,10,4.571428571428571,3.6666666666666665,3.0
0,0,1,40,1,2,2245,3,0,1.8571428571428572,3.0,2.0
0,1,1,19,1,2,2634,5,9,2.2857142857142856,2.0,4.0
1,1,1,38,1,2,1759,3,7,4.285714285714286,2.6666666666666665,4.0
0,1,1,30,1,2,2317,4,15,3.0,3.0,3.6666666666666665
0,0,1,53,1,2,2621,1,0,1.4285714285714286,2.0,2.0
1,1,1,59,1,2,3168,4,0,4.714285714285714,4.0,4.666666666666667
0,0,0,29,1,0,2545,4,45,3.2857142857142856,3.0,2.0
1,1,1,35,1,1,2693,1,0,2.4285714285714284,3.0,2.3333333333333335
0,0,1,55,0,1,3532,2,1,3.0,5.0,2.6666666666666665
1,0,1,44,1,2,642,5,0,4.428571428571429,3.6666666666666665,4.0
1,1,0,26,1,0,1584,0,0,3.857142857142857,1.6666666666666667,3.6666666666666665
0,0,1,11,0,0,1769,5,10,3.6,3.0,3.6666666666666665
0,1,0,24,1,0,2282,4,0,3.857142857142857,4.666666666666667,3.0
0,0,1,16,0,0,2210,4,9,2.2857142857142856,2.0,2.3333333333333335
1,0,1,32,0,0,3067,4,0,4.285714285714286,1.0,4.0
0,1,1,13,1,2,2385,4,49,2.5714285714285716,1.0,4.0
1,0,1,42,1,2,2476,1,0,3.7142857142857144,4.0,3.6666666666666665
1,1,1,8,1,2,4573,4,2,4.142857142857143,4.0,4.666666666666667
0,1,0,22,1,0,3833,2,0,3.5714285714285716,5.0,4.0
1,1,0,25,1,2,1751,5,0,4.714285714285714,5.0,4.0
0,0,0,46,1,2,4015,3,7,3.2857142857142856,4.0,4.0
0,0,1,14,0,1,1604,5,0,2.5714285714285716,2.0,3.3333333333333335
1,1,1,34,0,0,1199,2,21,2.75,2.3333333333333335,3.3333333333333335
1,0,1,57,1,2,690,2,33,3.2857142857142856,3.6666666666666665,3.0
0,0,1,24,0,0,1554,4,0,1.8571428571428572,4.0,2.6666666666666665
1,0,1,25,1,2,3673,1,1,3.2857142857142856,5.0,2.3333333333333335
1,1,1,26,0,0,2336,3,8,3.857142857142857,3.6666666666666665,3.0
0,0,1,47,1,0,1779,4,0,3.4285714285714284,4.0,3.6666666666666665
0,0,1,41,0,0,2068,4,10,2.5714285714285716,3.0,3.3333333333333335
0,1,0,23,1,0,2011,2,25,2.857142857142857,3.0,3.0
1,1,1,57,0,1,280,3,0,3.4285714285714284,4.0,3.3333333333333335
0,0,1,24,0,0,2206,4,6,2.0,2.0,2.0
0,0,1,48,0,0,2583,1,0,2.4285714285714284,2.0,3.3333333333333335
0,0,0,22,1,0,2833,0,269,3.2,4.666666666666667,4.0
1,1,1,46,0,1,1620,2,5,3.5,2.6666666666666665,3.6666666666666665
1,1,1,45,1,2,765,4,3,4.285714285714286,4.333333333333333,4.666666666666667
1,1,1,24,1,2,4634,4,0,4.285714285714286,4.0,4.666666666666667
1,1,1,48,1,0,98,2,0,3.4285714285714284,2.6666666666666665,3.0
0,1,0,20,1,0,2386,2,39,3.0,5.0,3.3333333333333335
0,0,1,69,0,0,1779,4,0,3.2857142857142856,3.0,2.6666666666666665
1,1,1,58,1,2,328,5,0,4.142857142857143,4.333333333333333,4.666666666666667
1,1,1,39,1,1,1969,2,0,2.0,2.0,2.6666666666666665
1,1,1,70,0,0,438,4,6,3.2857142857142856,3.3333333333333335,3.3333333333333335
1,1,1,37,1,2,2471,5,0,4.142857142857143,3.6666666666666665,4.333333333333333
0,0,1,42,0,1,1524,5,38,3.4285714285714284,5.0,4.666666666666667
1,0,1,41,1,2,229,5,0,4.285714285714286,4.0,4.666666666666667
1,0,1,58,1,2,1120,4,0,4.428571428571429,5.0,4.666666666666667
0,0,1,23,0,0,3078,5,0,3.7142857142857144,3.0,2.0
0,1,1,68,1,1,1455,4,0,2.857142857142857,3.0,3.0
0,0,1,13,0,0,2566,5,0,2.4285714285714284,5.0,3.0
0,0,1,44,0,0,1700,4,0,3.4285714285714284,5.0,3.3333333333333335
1,0,1,52,1,2,840,5,62,4.285714285714286,2.6666666666666665,3.6666666666666665
1,1,0,25,1,2,2603,1,8,4.142857142857143,4.0,2.3333333333333335
0,0,0,39,1,0,2348,0,383,2.4285714285714284,2.6666666666666665,2.0
1,1,1,54,1,2,457,5,49,4.428571428571429,3.6666666666666665,4.0
0,1,0,27,1,0,2203,3,0,2.857142857142857,3.0,3.0
1,1,1,51,1,2,3966,4,0,4.714285714285714,5.0,4.0
1,1,1,25,0,0,1609,3,0,3.4285714285714284,4.0,3.6666666666666665
1,1,1,14,0,2,1737,4,0,3.2857142857142856,3.6666666666666665,3.3333333333333335
1,0,1,48,1,2,4031,4,0,4.428571428571429,4.666666666666667,4.666666666666667
0,1,0,80,1,2,549,2,11,2.857142857142857,2.6666666666666665,3.3333333333333335
1,1,1,40,1,2,3373,1,48,3.4285714285714284,4.333333333333333,2.6666666666666665
0,1,1,45,1,0,243,1,0,3.142857142857143,2.6666666666666665,3.6666666666666665
1,1,1,38,0,0,2751,4,0,4.285714285714286,4.0,4.666666666666667
0,1,0,44,1,0,1346,0,2,2.4285714285714284,3.0,1.3333333333333333
1,0,1,48,1,2,957,5,12,4.428571428571429,4.333333333333333,4.0
1,1,1,64,0,0,319,3,8,3.5714285714285716,3.6666666666666665,4.0
1,1,1,38,1,2,352,5,13,4.285714285714286,4.666666666666667,4.0
0,0,1,55,0,0,2041,0,27,2.142857142857143,1.0,2.0
1,0,1,26,1,2,4014,4,16,4.428571428571429,5.0,3.0
1,0,1,45,1,2,3005,1,36,3.2857142857142856,4.333333333333333,3.3333333333333335
1,1,1,43,1,2,2941,5,0,4.428571428571429,4.333333333333333,5.0
1,0,1,60,1,2,2628,1,0,4.142857142857143,4.0,3.6666666666666665
0,1,0,27,1,0,1814,4,0,3.857142857142857,4.0,2.6666666666666665
0,0,1,33,0,0,2018,5,0,2.7142857142857144,3.0,3.0
1,1,1,31,1,0,2777,2,9,3.142857142857143,5.0,3.3333333333333335
1,0,1,30,1,2,2219,2,0,3.857142857142857,4.0,3.6666666666666665
0,0,0,23,1,0,1769,4,0,3.5714285714285716,4.0,2.6666666666666665
0,0,1,35,0,0,1608,2,0,2.0,3.0,3.0
1,1,1,8,0,0,1820,3,0,3.7142857142857144,5.0,2.6666666666666665
1,0,1,33,1,1,2094,1,2,2.4285714285714284,4.0,2.3333333333333335
1,0,1,51,1,0,1623,3,20,3.857142857142857,4.0,3.3333333333333335
1,1,1,42,1,0,2632,4,0,4.285714285714286,3.6666666666666665,4.0
1,0,1,59,1,2,2185,5,0,4.571428571428571,4.0,4.333333333333333
0,1,0,38,1,2,1973,3,0,3.4285714285714284,3.0,3.6666666666666665
1,1,1,19,0,0,2418,4,0,3.5714285714285716,2.0,2.6666666666666665
0,1,0,20,1,0,1820,2,0,2.142857142857143,4.0,3.3333333333333335
1,1,1,40,1,2,2435,5,0,4.142857142857143,4.333333333333333,4.0
1,0,1,59,1,2,3104,2,0,3.4285714285714284,4.333333333333333,3.3333333333333335
0,0,1,31,0,0,1807,1,0,3.2857142857142856,4.0,3.0
1,0,1,55,1,2,2633,5,6,4.571428571428571,5.0,4.666666666666667
1,1,1,36,1,2,1820,4,23,4.285714285714286,4.0,4.666666666666667
0,0,1,21,0,0,1901,4,13,2.7142857142857144,1.0,3.0
1,1,1,28,1,2,4792,3,0,4.0,4.0,3.6666666666666665
1,1,1,59,0,0,79,1,0,3.4285714285714284,4.666666666666667,3.3333333333333335
0,1,1,34,1,2,3813,4,26,2.857142857142857,3.6666666666666665,2.6666666666666665
0,1,1,55,1,2,1997,4,2,3.142857142857143,3.0,3.0
0,1,1,60,1,2,372,3,18,3.4285714285714284,3.3333333333333335,3.3333333333333335
1,1,1,51,1,2,2684,2,8,3.2857142857142856,4.333333333333333,3.3333333333333335
0,0,1,54,1,2,2846,1,0,2.2857142857142856,2.0,2.3333333333333335
1,1,1,44,1,2,3478,5,0,3.0,3.3333333333333335,3.3333333333333335
1,1,1,47,0,0,893,3,14,3.857142857142857,4.666666666666667,4.333333333333333
0,1,1,53,0,0,1315,3,0,3.5714285714285716,2.3333333333333335,2.3333333333333335
0,0,1,62,1,0,1675,2,0,3.0,2.0,2.0
1,1,1,13,0,0,1881,2,18,4.0,5.0,3.0
0,0,1,34,0,0,2487,5,4,4.0,3.0,4.0
1,0,1,56,1,2,2081,5,0,3.4285714285714284,3.6666666666666665,3.6666666666666665
1,1,1,39,1,2,1060,4,7,4.285714285714286,5.0,4.0
1,0,1,37,1,0,1558,3,0,3.7142857142857144,5.0,4.0
1,0,1,60,1,0,1337,3,16,3.5714285714285716,5.0,2.6666666666666665
0,0,1,10,1,2,3296,5,0,2.4285714285714284,2.0,3.6666666666666665
1,0,0,71,1,2,3947,4,4,4.0,3.6666666666666665,4.0
1,0,0,12,1,2,2341,0,22,4.0,3.0,3.0
0,1,1,72,1,2,2497,3,2,3.2857142857142856,2.6666666666666665,3.0
1,0,1,22,1,0,3417,5,3,3.7142857142857144,4.0,3.0
1,0,1,38,1,2,2530,2,12,3.142857142857143,2.6666666666666665,2.3333333333333335
1,1,1,47,1,2,3524,4,9,3.4285714285714284,2.3333333333333335,3.6666666666666665
0,0,0,29,1,0,1835,4,0,3.5714285714285716,5.0,3.3333333333333335
0,1,1,44,1,2,2133,2,2,2.142857142857143,1.6666666666666667,1.6666666666666667
0,1,0,18,1,0,1847,1,0,3.7142857142857144,5.0,4.0
1,1,1,52,0,0,545,4,6,4.142857142857143,4.0,4.0
0,0,1,53,0,0,2129,5,10,2.5714285714285716,2.3333333333333335,3.3333333333333335
1,1,1,43,0,0,721,2,0,4.142857142857143,4.333333333333333,4.0
1,1,1,21,0,1,1848,4,0,3.857142857142857,2.0,3.3333333333333335
1,1,1,33,1,2,2492,2,0,3.2857142857142856,4.0,3.3333333333333335
1,0,1,42,1,2,2604,2,0,4.142857142857143,4.666666666666667,3.6666666666666665
1,1,1,26,0,0,1509,4,0,4.142857142857143,4.666666666666667,4.333333333333333
0,0,1,36,0,2,1325,4,0,3.0,5.0,2.6666666666666665
1,1,1,47,1,2,2174,1,4,3.857142857142857,5.0,3.0
0,0,1,17,0,0,1982,0,0,3.7142857142857144,5.0,3.6666666666666665
1,1,1,58,1,2,1647,4,23,4.0,4.666666666666667,4.0
0,0,1,56,1,2,392,3,18,3.2857142857142856,2.3333333333333335,3.0
0,0,1,55,1,1,1534,5,11,2.857142857142857,3.0,3.3333333333333335
0,0,1,57,0,1,1474,4,65,2.5714285714285716,5.0,2.0
1,1,1,66,0,0,709,3,0,4.142857142857143,4.666666666666667,4.0
0,1,1,52,1,0,1041,4,0,3.857142857142857,3.6666666666666665,3.6666666666666665
1,0,1,43,1,2,2726,0,0,4.2,4.666666666666667,3.6666666666666665
1,1,1,17,0,0,1697,4,0,4.285714285714286,3.6666666666666665,3.6666666666666665
1,1,1,70,0,1,1017,2,42,4.428571428571429,4.333333333333333,5.0
0,1,1,62,1,2,3693,3,37,2.7142857142857144,3.0,3.0
0,1,1,16,0,0,1853,5,0,3.4285714285714284,2.0,4.333333333333333
1,1,1,62,1,0,94,3,3,4.142857142857143,3.6666666666666665,4.333333333333333
0,1,1,26,1,2,4638,2,0,2.857142857142857,2.6666666666666665,2.3333333333333335
0,0,1,15,0,0,1535,5,32,3.2857142857142856,3.0,4.0
1,1,1,43,1,2,2214,3,0,3.0,3.3333333333333335,3.3333333333333335
1,0,1,54,1,1,1867,1,0,3.4285714285714284,4.0,3.0
0,1,1,28,0,0,1856,5,20,4.0,2.0,3.3333333333333335
1,1,1,34,1,2,1535,2,1,3.142857142857143,3.3333333333333335,3.0
0,0,1,17,0,0,1111,5,10,2.5714285714285716,1.0,4.0
0,0,1,12,0,0,1908,5,0,2.5714285714285716,2.0,3.3333333333333335
1,0,1,39,1,2,3672,5,2,5.0,4.333333333333333,4.666666666666667
1,1,1,52,1,2,1910,3,0,3.7142857142857144,4.333333333333333,4.0
1,1,1,59,1,1,56,1,0,4.142857142857143,3.6666666666666665,2.6666666666666665
1,0,1,30,1,2,1465,1,0,2.7142857142857144,4.0,2.3333333333333335
1,0,1,60,1,2,345,2,0,4.285714285714286,4.666666666666667,3.3333333333333335
0,1,0,17,1,0,2131,2,0,3.4285714285714284,4.0,3.6666666666666665
0,1,0,30,1,0,2212,2,0,3.142857142857143,5.0,3.0
0,0,1,60,0,0,1370,3,0,3.0,1.0,3.3333333333333335
1,0,1,43,1,2,965,4,28,3.2857142857142856,4.0,4.0
1,1,1,43,0,0,920,1,0,3.142857142857143,4.666666666666667,3.0
1,0,1,50,1,2,212,4,0,3.857142857142857,4.666666666666667,4.333333333333333
1,1,1,58,1,2,2108,4,0,4.0,4.666666666666667,4.333333333333333
1,0,1,48,1,2,466,3,0,3.7142857142857144,4.666666666666667,3.3333333333333335
0,0,1,38,1,2,234,2,4,2.142857142857143,1.6666666666666667,2.6666666666666665
1,0,1,58,1,2,2554,2,9,3.5714285714285716,4.333333333333333,3.3333333333333335
0,1,1,27,0,1,2821,5,0,3.7142857142857144,1.0,3.3333333333333335
1,1,0,26,1,2,2376,4,24,3.857142857142857,2.0,3.3333333333333335
0,0,1,47,1,0,1731,2,46,2.142857142857143,1.0,3.0
0,1,0,25,1,1,1168,3,0,2.857142857142857,3.0,2.0
1,1,0,22,1,0,1789,5,14,2.857142857142857,2.0,3.6666666666666665
1,1,0,25,1,2,2039,0,11,3.7142857142857144,2.0,2.6666666666666665
0,0,1,68,0,0,1976,5,0,3.7142857142857144,4.0,4.333333333333333
1,0,1,32,1,0,1899,5,0,3.5714285714285716,4.0,3.6666666666666665
1,0,1,39,1,0,1702,5,0,3.2857142857142856,4.0,3.0
1,1,1,45,0,0,586,2,0,3.2857142857142856,5.0,2.6666666666666665
1,0,1,41,1,2,2292,1,0,3.2857142857142856,4.666666666666667,2.6666666666666665
0,0,1,56,1,0,2280,4,21,2.5714285714285716,2.0,3.6666666666666665
1,0,1,47,1,2,2199,2,4,3.7142857142857144,4.333333333333333,3.3333333333333335
1,0,1,42,1,2,2223,5,0,3.2857142857142856,3.3333333333333335,3.3333333333333335
1,1,1,34,0,0,1914,3,19,4.0,4.0,4.0
1,1,0,43,1,2,2247,5,164,4.0,4.333333333333333,4.333333333333333
0,1,1,78,1,0,325,1,81,3.2857142857142856,2.6666666666666665,2.0
0,0,1,24,1,2,2184,5,10,3.857142857142857,4.0,3.3333333333333335
0,1,1,31,1,2,2326,5,0,3.4285714285714284,3.0,4.0
0,1,1,22,1,0,2034,5,0,2.4285714285714284,1.6666666666666667,4.0
0,0,0,27,1,2,1332,2,41,2.5714285714285716,3.0,3.6666666666666665
1,1,1,51,0,0,433,1,6,3.7142857142857144,5.0,3.0
1,0,1,45,1,0,1918,1,60,3.142857142857143,4.0,3.3333333333333335
0,0,1,34,0,2,1007,5,0,4.2,4.666666666666667,3.6666666666666665
0,0,1,25,0,1,1663,5,0,3.2857142857142856,2.0,3.0
0,0,1,57,0,0,1960,4,0,3.7142857142857144,4.0,3.0
0,1,0,38,1,0,2328,3,0,3.2857142857142856,4.0,2.6666666666666665
0,1,0,7,0,0,1616,5,0,2.7142857142857144,3.3333333333333335,2.6666666666666665
0,0,1,9,0,0,3629,4,42,2.7142857142857144,1.0,2.0
0,0,0,48,1,0,1725,0,19,2.7142857142857144,5.0,3.3333333333333335
1,0,1,33,1,2,2830,3,0,4.0,5.0,4.333333333333333
1,1,1,52,1,0,518,1,0,4.0,3.0,2.6666666666666665
0,0,1,35,1,2,2108,1,0,2.142857142857143,1.6666666666666667,1.3333333333333333
0,1,0,23,1,0,2330,1,0,2.7142857142857144,3.0,2.3333333333333335
1,0,1,60,1,2,787,2,0,3.4285714285714284,4.666666666666667,3.3333333333333335
1,0,1,45,1,2,3954,3,0,4.285714285714286,4.333333333333333,4.0
1,1,1,60,1,2,1198,4,15,3.5714285714285716,4.0,3.6666666666666665
0,0,1,14,0,0,3063,5,8,3.4285714285714284,5.0,3.6666666666666665
1,1,1,36,0,0,1384,1,0,4.0,2.6666666666666665,1.6666666666666667
0,1,1,9,1,0,2160,4,3,3.5714285714285716,3.0,3.0
0,0,0,20,1,0,1546,0,0,4.0,4.0,3.0
1,1,1,60,0,0,483,3,0,3.857142857142857,4.0,4.0
1,1,1,63,0,0,627,2,0,3.2857142857142856,4.333333333333333,3.6666666666666665
1,1,1,52,1,0,1661,3,0,4.285714285714286,3.6666666666666665,4.333333333333333
1,0,1,41,1,2,3815,5,0,4.142857142857143,4.0,4.666666666666667
1,0,1,44,1,2,3339,3,0,4.0,4.333333333333333,3.3333333333333335
0,0,1,48,1,2,1789,4,52,3.7142857142857144,4.0,3.3333333333333335
0,0,1,47,0,0,2878,5,0,4.142857142857143,4.0,4.333333333333333
0,0,1,60,0,0,930,4,2,2.142857142857143,2.0,3.6666666666666665
1,1,1,54,1,2,3551,0,19,2.2,3.6666666666666665,2.0
1,1,1,59,1,2,3141,1,0,3.7142857142857144,4.666666666666667,3.6666666666666665
1,0,1,32,1,2,2747,4,0,3.4285714285714284,5.0,4.333333333333333
1,1,1,52,0,2,263,2,0,3.857142857142857,4.666666666666667,3.6666666666666665
1,1,1,31,0,0,2219,4,1,4.857142857142857,5.0,3.6666666666666665
1,0,0,23,1,0,1560,5,0,3.857142857142857,4.0,3.3333333333333335
1,0,1,44,1,2,247,5,36,4.714285714285714,4.666666666666667,5.0
1,1,1,40,1,1,1813,1,0,3.142857142857143,3.0,3.0
0,1,1,25,0,1,2193,4,0,4.142857142857143,4.0,3.0
1,1,1,43,1,2,842,4,0,4.571428571428571,4.666666666666667,4.0
1,1,1,23,0,0,1618,5,0,4.142857142857143,4.0,3.6666666666666665
0,0,1,72,1,2,3227,5,4,2.5714285714285716,3.3333333333333335,2.6666666666666665
0,1,1,72,1,2,2317,5,0,3.0,2.3333333333333335,2.3333333333333335
1,1,0,23,1,0,1664,4,18,3.75,3.0,4.0
1,0,1,53,1,2,1639,5,53,4.0,4.0,4.666666666666667
1,1,1,46,1,2,1552,1,0,2.857142857142857,4.333333333333333,3.3333333333333335
1,0,1,59,1,2,1552,3,0,4.0,4.0,3.3333333333333335
0,0,1,45,0,0,1209,4,0,2.2857142857142856,4.0,3.0
1,0,1,42,1,2,2201,5,0,4.0,2.6666666666666665,4.333333333333333
1,0,1,51,1,2,570,3,0,3.857142857142857,4.333333333333333,3.6666666666666665
0,0,0,34,1,0,1792,5,0,3.5714285714285716,3.0,2.3333333333333335
1,1,1,32,0,0,3044,1,0,3.4285714285714284,2.0,3.0
1,1,1,34,1,2,2550,4,0,4.285714285714286,3.0,3.6666666666666665
1,1,1,50,1,2,645,1,0,3.0,4.0,3.0
1,1,1,58,0,0,317,2,36,4.142857142857143,5.0,4.0
1,0,1,35,1,2,311,4,0,3.5714285714285716,2.3333333333333335,4.0
0,0,1,19,1,1,1320,1,11,3.0,3.3333333333333335,3.0
0,1,1,35,1,0,1994,3,55,2.7142857142857144,2.0,2.6666666666666665
0,0,0,33,1,2,1519,3,0,3.857142857142857,5.0,4.0
0,0,1,26,0,0,1429,4,2,3.7142857142857144,2.0,4.0
0,1,1,35,0,0,3395,5,0,3.4285714285714284,2.3333333333333335,3.3333333333333335
1,0,1,39,0,0,2056,4,0,4.285714285714286,1.0,3.6666666666666665
0,0,1,45,0,0,2368,5,0,3.2857142857142856,5.0,4.0
0,0,0,11,1,0,2016,2,0,2.5714285714285716,3.3333333333333335,3.6666666666666665
0,0,1,46,0,0,2095,4,17,3.2857142857142856,5.0,3.6666666666666665
1,0,1,40,1,2,111,5,0,2.6,2.6666666666666665,2.0
0,0,0,25,1,0,2754,3,0,2.5714285714285716,4.0,2.0
1,0,1,55,1,0,1456,2,14,3.0,4.0,2.6666666666666665
0,0,1,7,0,2,1611,4,0,2.5714285714285716,2.0,4.0
0,0,1,45,1,1,2336,2,1,3.0,3.0,3.3333333333333335
1,0,1,44,1,0,2737,1,0,2.857142857142857,4.0,3.0
0,1,0,59,1,0,1034,0,17,2.5714285714285716,3.3333333333333335,2.0
0,0,1,18,0,1,1394,4,80,2.7142857142857144,1.6666666666666667,3.3333333333333335
0,0,1,25,0,0,2334,4,49,3.5714285714285716,5.0,4.0
0,1,1,55,1,2,223,5,0,3.2857142857142856,2.6666666666666665,3.3333333333333335
1,1,1,36,1,0,2415,4,0,2.857142857142857,3.0,3.6666666666666665
1,1,1,59,1,2,1104,3,0,4.142857142857143,4.666666666666667,3.6666666666666665
0,1,1,22,1,1,1916,4,0,3.4285714285714284,3.6666666666666665,2.6666666666666665
0,1,1,39,1,2,867,3,77,2.857142857142857,3.3333333333333335,3.3333333333333335
0,0,1,45,0,1,2364,4,84,3.142857142857143,3.6666666666666665,2.3333333333333335
1,1,1,42,1,2,2649,5,171,4.571428571428571,4.333333333333333,5.0
1,1,1,30,1,2,3514,5,211,4.571428571428571,5.0,4.666666666666667
0,0,1,69,0,0,2201,5,69,2.7142857142857144,2.0,3.0
1,1,1,40,1,2,3044,5,9,4.714285714285714,4.666666666666667,5.0
0,1,1,36,0,0,2051,3,0,3.857142857142857,2.6666666666666665,1.6666666666666667
0,1,0,25,1,1,1621,1,0,2.857142857142857,4.333333333333333,4.0
1,0,1,51,1,0,3065,3,0,4.428571428571429,5.0,3.6666666666666665
1,1,1,40,1,2,2621,3,20,4.142857142857143,4.666666666666667,4.0
1,0,1,53,1,1,1375,5,0,4.0,5.0,3.3333333333333335
1,0,1,58,1,2,2831,1,4,2.7142857142857144,4.0,3.0
1,1,1,58,1,2,96,1,0,3.5714285714285716,4.666666666666667,3.0
1,0,1,40,1,2,3881,1,8,3.4285714285714284,4.666666666666667,3.6666666666666665
1,1,1,45,0,0,1508,3,0,3.857142857142857,4.333333333333333,4.0
0,0,1,31,0,0,1257,3,0,2.2857142857142856,2.3333333333333335,3.3333333333333335
1,1,1,25,0,0,2374,0,0,2.8,3.3333333333333335,3.0
0,0,1,13,1,2,3025,2,133,3.0,3.3333333333333335,3.0
1,1,1,42,1,2,2255,3,0,3.5714285714285716,4.666666666666667,3.6666666666666665
1,1,1,57,1,2,3540,1,1,3.857142857142857,5.0,3.6666666666666665
1,0,1,44,1,2,2751,4,0,4.142857142857143,4.333333333333333,4.333333333333333
1,1,1,66,0,0,1132,2,0,3.0,2.3333333333333335,2.6666666666666665
0,1,1,63,1,0,64,4,0,2.857142857142857,3.0,3.3333333333333335
1,1,1,66,0,0,914,4,5,5.0,4.333333333333333,4.333333333333333
0,1,1,48,1,0,744,4,0,2.142857142857143,2.3333333333333335,2.6666666666666665
0,0,1,14,0,0,1292,4,0,2.7142857142857144,2.0,4.0
0,1,0,29,1,2,2251,3,0,3.5714285714285716,5.0,3.3333333333333335
0,0,1,14,0,0,1229,4,0,2.0,1.0,2.6666666666666665
1,1,1,53,1,2,2488,5,4,4.0,4.0,4.333333333333333
0,0,1,56,0,0,1330,5,26,3.5714285714285716,3.0,3.6666666666666665
1,1,1,12,0,0,2000,5,6,4.0,3.6666666666666665,4.333333333333333
0,1,0,35,1,0,2836,1,147,1.8571428571428572,3.6666666666666665,3.6666666666666665
0,0,1,35,1,2,2310,5,18,1.0,1.6666666666666667,2.3333333333333335
1,1,1,56,1,2,1642,3,15,3.857142857142857,5.0,4.333333333333333
0,0,1,36,1,2,3469,4,0,2.5714285714285716,2.3333333333333335,3.6666666666666665
0,1,0,21,1,0,1966,1,0,2.7142857142857144,3.0,3.3333333333333335
0,0,1,70,0,0,2706,3,0,2.2857142857142856,4.0,2.3333333333333335
0,1,0,26,1,0,2471,3,0,2.5714285714285716,1.0,3.0
0,0,1,57,1,2,466,3,46,3.2857142857142856,3.0,3.0
0,1,0,21,1,0,1618,0,7,3.142857142857143,1.0,4.333333333333333
1,1,1,40,1,0,1262,5,0,3.857142857142857,5.0,3.6666666666666665
1,0,1,55,1,2,525,4,0,4.428571428571429,4.0,4.0
0,1,0,49,1,2,1610,2,0,3.142857142857143,5.0,3.0
1,1,1,23,0,0,3607,2,0,2.5714285714285716,1.6666666666666667,1.6666666666666667
0,1,0,40,1,2,1970,4,35,4.142857142857143,5.0,3.0
0,0,1,37,0,0,2334,4,124,2.4285714285714284,1.6666666666666667,2.6666666666666665
0,1,0,21,1,0,2040,2,0,3.142857142857143,2.0,4.0
1,1,1,69,0,0,893,1,30,3.142857142857143,5.0,3.6666666666666665
0,0,1,11,0,0,2107,1,0,3.0,2.0,3.3333333333333335
1,0,1,43,1,2,874,1,25,2.0,3.3333333333333335,2.0
1,0,1,31,1,2,2031,4,0,4.0,5.0,4.0
0,1,0,16,1,0,1641,2,0,2.4285714285714284,3.0,3.6666666666666665
1,1,1,61,0,0,250,3,0,4.142857142857143,4.666666666666667,3.6666666666666665
0,0,1,60,0,1,1578,5,0,2.142857142857143,1.0,4.333333333333333
0,1,1,21,0,0,3003,2,2,3.5714285714285716,3.0,2.6666666666666665
0,1,0,23,1,0,2280,2,4,2.2857142857142856,3.0,1.6666666666666667
1,1,1,38,1,0,1641,5,0,4.142857142857143,5.0,3.0
1,1,1,60,1,2,1921,2,0,4.0,4.0,4.0
0,0,1,31,1,1,2100,5,0,3.142857142857143,2.0,3.3333333333333335
0,1,1,9,1,2,2018,1,0,2.2857142857142856,2.0,2.6666666666666665
0,0,1,40,1,2,3921,4,0,2.7142857142857144,2.6666666666666665,2.6666666666666665
1,0,1,26,1,2,2239,1,0,2.7142857142857144,4.0,3.3333333333333335
0,1,1,37,1,2,2330,4,0,3.142857142857143,3.3333333333333335,2.6666666666666665
1,0,0,25,1,2,3781,4,286,4.714285714285714,4.666666666666667,4.333333333333333
0,0,1,67,1,0,2630,3,149,3.2857142857142856,2.6666666666666665,3.0
1,1,1,40,1,2,522,3,0,4.0,3.3333333333333335,3.3333333333333335
1,0,1,52,1,2,1253,4,0,3.5714285714285716,3.6666666666666665,4.0
1,0,1,39,1,2,2375,5,0,4.571428571428571,4.333333333333333,4.0
1,0,1,22,1,1,1958,2,0,3.4285714285714284,4.0,2.6666666666666665
1,1,1,60,1,2,2652,5,0,4.0,3.6666666666666665,4.333333333333333
0,1,1,68,1,2,2086,2,0,2.7142857142857144,3.0,2.6666666666666665
1,1,1,53,1,2,2502,4,44,3.7142857142857144,3.6666666666666665,4.0
1,1,1,34,1,2,3532,5,273,4.142857142857143,3.6666666666666665,4.333333333333333
0,1,0,23,1,0,3725,2,0,3.0,4.0,2.3333333333333335
1,0,1,24,1,2,3384,0,0,2.6,2.0,3.0
1,1,1,55,0,0,308,0,0,2.8,3.6666666666666665,3.0
1,1,1,54,1,2,2250,2,0,3.2857142857142856,4.333333333333333,2.3333333333333335
1,1,1,70,0,0,405,2,5,3.142857142857143,4.0,2.6666666666666665
1,1,1,44,1,2,2024,2,180,3.2857142857142856,4.333333333333333,3.6666666666666665
0,1,1,39,1,2,3721,5,42,3.7142857142857144,2.3333333333333335,4.333333333333333
0,0,1,13,0,0,2307,4,1,2.5714285714285716,1.0,2.6666666666666665
1,0,1,15,1,0,3224,4,0,3.5,5.0,4.0
0,1,0,17,1,0,1398,3,119,1.8571428571428572,2.0,3.0
1,0,1,51,0,0,2393,4,0,4.142857142857143,1.0,3.3333333333333335
0,0,1,38,1,2,3390,1,5,2.142857142857143,2.3333333333333335,1.6666666666666667
0,0,1,21,0,1,1893,5,0,3.857142857142857,5.0,3.0
0,0,0,24,1,0,2821,2,131,2.142857142857143,2.6666666666666665,2.3333333333333335
1,0,1,52,1,2,2279,3,0,3.5714285714285716,3.0,3.0
0,1,1,51,1,0,1070,4,50,2.5714285714285716,3.0,3.0
0,1,1,38,0,0,1380,4,0,4.142857142857143,5.0,3.6666666666666665
0,1,1,44,1,1,437,5,0,2.857142857142857,3.0,2.6666666666666665
1,1,1,42,1,2,2103,3,0,3.2857142857142856,3.3333333333333335,3.3333333333333335
0,0,1,49,0,0,1984,4,0,4.0,3.0,4.333333333333333
0,0,1,17,1,1,2028,1,15,2.7142857142857144,3.6666666666666665,2.6666666666666665
1,1,1,20,0,0,1894,2,0,2.4,1.0,2.6666666666666665
0,1,1,58,1,2,3824,4,0,3.142857142857143,3.0,3.0
0,0,1,41,0,2,569,4,0,3.2857142857142856,3.3333333333333335,3.3333333333333335
0,0,0,42,1,2,2092,2,2,3.0,4.0,4.333333333333333
1,0,1,56,1,2,224,5,0,4.571428571428571,3.3333333333333335,5.0
1,1,1,68,0,0,1283,1,0,3.2857142857142856,4.666666666666667,3.6666666666666665
1,1,1,46,1,2,3466,1,0,4.0,4.0,3.0
1,0,1,58,1,2,1774,4,0,4.428571428571429,4.666666666666667,4.666666666666667
1,1,1,56,1,2,2614,4,0,3.5714285714285716,3.6666666666666665,3.6666666666666665
1,1,1,15,1,2,4268,2,0,3.4285714285714284,5.0,3.0
1,1,1,56,1,0,301,3,114,3.5714285714285716,4.333333333333333,4.0
0,1,1,66,0,0,1404,5,3,3.4285714285714284,3.3333333333333335,3.0
1,0,1,50,1,2,2958,3,1,4.0,4.0,4.333333333333333
0,0,1,53,1,1,1894,2,9,2.7142857142857144,2.0,2.0
0,1,1,16,0,0,1610,4,0,4.0,3.0,4.0
1,0,1,45,1,2,237,5,2,4.857142857142857,4.666666666666667,4.333333333333333
1,1,1,39,1,2,3649,1,5,3.142857142857143,3.6666666666666665,3.3333333333333335
1,1,1,31,1,2,2539,3,0,3.2857142857142856,4.0,2.6666666666666665
0,0,1,61,0,0,2951,0,107,3.0,2.3333333333333335,3.6666666666666665
1,1,1,47,1,2,529,2,0,3.7142857142857144,4.0,3.3333333333333335
0,0,1,71,1,0,2025,4,0,2.5714285714285716,1.0,3.6666666666666665
1,1,0,23,1,0,1335,3,0,4.285714285714286,3.0,3.6666666666666665
0,0,1,67,0,0,1773,5,0,2.4285714285714284,2.6666666666666665,4.0
0,0,1,8,0,2,1839,0,45,3.2857142857142856,5.0,4.0
0,0,0,28,1,0,1682,1,0,2.7142857142857144,1.0,2.6666666666666665
1,1,1,37,1,2,2415,1,0,3.0,3.6666666666666665,3.3333333333333335
0,0,1,57,1,2,390,5,25,3.2857142857142856,3.3333333333333335,3.6666666666666665
1,0,1,52,1,0,2070,5,38,3.857142857142857,5.0,4.0
1,1,1,46,1,2,3064,1,21,2.857142857142857,3.3333333333333335,2.3333333333333335
0,1,1,47,1,0,859,5,0,3.142857142857143,2.6666666666666665,3.6666666666666665
1,1,1,38,1,2,228,1,0,3.4285714285714284,3.0,3.3333333333333335
1,0,0,38,1,2,2172,4,173,3.7142857142857144,3.3333333333333335,3.3333333333333335
1,1,1,24,0,0,1733,1,0,3.2857142857142856,4.0,2.0
0,0,1,51,1,2,2680,2,0,2.2857142857142856,2.6666666666666665,2.3333333333333335
0,0,1,70,0,0,1298,4,0,2.857142857142857,4.0,4.333333333333333
1,1,1,51,1,2,1935,5,24,5.0,4.666666666666667,4.333333333333333
0,0,1,59,0,1,4177,1,16,2.7142857142857144,3.3333333333333335,3.3333333333333335
0,0,0,23,1,0,1922,3,0,3.0,3.0,3.6666666666666665
1,1,1,48,1,2,4026,2,1,2.5714285714285716,3.3333333333333335,3.0
0,1,1,12,0,0,1833,4,135,2.4285714285714284,2.6666666666666665,3.0
0,1,0,43,1,0,2328,3,0,2.857142857142857,3.0,3.3333333333333335
0,0,1,33,1,2,2201,4,0,2.142857142857143,1.0,3.6666666666666665
0,0,1,26,0,0,1439,4,0,3.142857142857143,1.0,3.6666666666666665
0,0,0,61,1,2,1394,2,0,2.7142857142857144,1.0,4.333333333333333
1,1,1,45,1,2,3412,3,0,3.142857142857143,4.0,4.333333333333333
1,1,1,26,1,2,5124,5,0,3.142857142857143,5.0,3.3333333333333335
0,0,1,15,0,0,2780,5,11,2.7142857142857144,5.0,3.3333333333333335
0,1,1,37,0,0,1742,4,258,3.5714285714285716,2.0,3.0
1,1,1,16,0,0,1541,1,0,2.857142857142857,3.6666666666666665,3.0
0,1,0,50,1,2,2783,3,0,3.5714285714285716,4.0,4.666666666666667
0,0,0,27,1,2,2951,4,7,4.285714285714286,5.0,3.6666666666666665
0,0,1,13,0,0,1351,0,4,3.4,5.0,4.333333333333333
0,1,1,57,0,0,1745,5,0,3.4285714285714284,4.333333333333333,4.333333333333333
1,0,1,33,1,0,1563,3,0,3.5714285714285716,4.0,3.0
1,1,1,34,0,0,2019,4,9,4.0,4.333333333333333,5.0
0,0,0,17,1,0,2423,1,0,2.2857142857142856,3.0,2.0
1,1,0,24,1,0,2655,5,0,4.428571428571429,5.0,4.0
0,0,1,38,1,2,2797,2,10,2.7142857142857144,2.0,2.6666666666666665
1,0,0,40,1,0,2799,4,2,3.0,1.0,3.0
0,0,1,50,0,0,2267,5,0,2.7142857142857144,4.0,3.6666666666666665
0,1,0,34,1,2,3540,1,5,2.7142857142857144,3.0,3.0
0,1,1,18,0,0,2988,5,3,3.857142857142857,5.0,4.0
1,1,1,31,1,1,1638,5,0,3.5714285714285716,5.0,3.0
0,1,0,36,1,0,2094,4,0,3.857142857142857,5.0,1.3333333333333333
0,0,1,24,0,0,2733,5,0,3.142857142857143,2.0,3.3333333333333335
0,0,0,45,1,0,1665,4,31,2.142857142857143,2.0,2.6666666666666665
0,1,1,29,1,2,2425,1,45,3.142857142857143,4.0,3.0
0,1,0,37,1,2,1411,2,2,2.7142857142857144,2.0,3.6666666666666665
1,0,1,53,1,2,3150,4,55,3.857142857142857,3.6666666666666665,4.333333333333333
1,1,1,31,0,1,1441,2,25,3.2857142857142856,4.0,3.3333333333333335
1,1,1,24,1,2,4631,1,8,3.5714285714285716,4.0,3.3333333333333335
1,1,1,43,1,2,1640,3,0,3.5714285714285716,4.666666666666667,3.6666666666666665
0,0,1,25,0,1,1275,5,20,3.5714285714285716,4.0,5.0
1,1,1,49,1,0,2143,3,225,2.7142857142857144,2.6666666666666665,3.3333333333333335
0,1,1,18,1,0,1752,3,0,2.142857142857143,2.0,2.3333333333333335
0,1,1,50,1,0,716,1,0,1.7142857142857142,1.6666666666666667,2.3333333333333335
1,1,1,48,1,2,565,4,0,3.5714285714285716,4.333333333333333,3.6666666666666665
0,0,1,51,0,0,1305,4,46,3.2857142857142856,2.0,3.3333333333333335
0,0,1,55,1,0,2397,1,25,1.7142857142857142,1.0,2.6666666666666665
1,1,1,46,1,0,588,3,0,3.857142857142857,3.0,2.6666666666666665
1,1,1,26,1,2,4721,1,0,3.142857142857143,5.0,3.6666666666666665
1,0,1,56,1,2,1654,3,0,4.142857142857143,4.666666666666667,3.6666666666666665
1,0,0,22,1,2,1089,0,0,4.285714285714286,4.0,3.0
1,0,1,51,1,2,344,4,0,4.142857142857143,4.0,3.3333333333333335
0,0,1,37,1,2,3050,3,2,1.7142857142857142,2.6666666666666665,1.6666666666666667
0,0,1,35,0,1,3062,4,0,3.2857142857142856,4.0,3.0
0,0,0,85,1,0,2460,5,0,3.5714285714285716,3.3333333333333335,3.6666666666666665
1,1,1,24,0,0,2064,5,43,4.571428571428571,4.666666666666667,4.0
0,1,1,31,1,2,3583,1,0,2.7142857142857144,2.6666666666666665,2.0
0,0,0,40,1,2,1080,2,5,2.5714285714285716,1.0,3.6666666666666665
0,1,1,51,1,1,410,0,27,2.6666666666666665,3.3333333333333335,2.3333333333333335
0,0,1,21,0,0,2117,5,51,3.2857142857142856,5.0,4.0
1,0,1,31,1,2,2844,3,0,3.7142857142857144,4.0,3.3333333333333335
1,1,1,41,1,2,2553,1,1,3.2857142857142856,4.333333333333333,3.0
0,0,1,41,0,0,2441,5,85,2.857142857142857,1.0,3.0
1,0,1,44,1,2,4530,4,342,4.142857142857143,4.0,4.333333333333333
1,0,1,24,1,2,4654,5,0,4.285714285714286,5.0,5.0
1,1,1,37,1,2,606,5,13,4.0,4.333333333333333,4.666666666666667
1,1,1,62,1,2,2555,5,2,4.2,4.0,3.0
0,0,0,22,1,0,2520,2,0,2.5714285714285716,1.0,3.0
0,1,0,39,1,0,1553,0,5,2.2857142857142856,5.0,4.333333333333333
1,1,1,40,1,2,1618,4,66,4.285714285714286,4.0,4.333333333333333
1,0,1,32,1,2,1778,3,0,4.0,4.0,3.6666666666666665
1,1,1,32,1,2,4861,2,16,3.7142857142857144,4.0,3.6666666666666665
1,1,1,23,1,0,2253,4,30,3.7142857142857144,4.333333333333333,2.6666666666666665
0,0,0,38,1,0,1511,4,0,3.5714285714285716,2.3333333333333335,3.3333333333333335
1,0,1,25,1,2,3473,3,7,4.0,5.0,4.0
1,1,1,43,1,2,3960,1,61,3.142857142857143,3.3333333333333335,2.6666666666666665
1,1,1,45,1,2,3388,5,0,4.0,4.0,3.3333333333333335
0,0,1,30,0,0,1449,5,0,4.0,3.0,4.333333333333333
0,0,1,36,1,0,1521,4,38,3.4285714285714284,3.0,3.3333333333333335
1,0,1,61,1,0,1824,1,16,3.5714285714285716,4.0,2.0
0,1,0,85,1,0,2309,2,0,2.2857142857142856,3.0,2.6666666666666665
0,1,1,45,1,2,3476,5,0,3.5714285714285716,3.0,4.0
0,1,0,22,1,0,2058,2,43,2.0,1.0,2.6666666666666665
0,0,1,50,0,0,1476,4,6,3.4285714285714284,5.0,4.0
0,0,1,18,0,2,2351,3,0,3.142857142857143,4.0,2.3333333333333335
0,1,0,26,1,0,1599,2,0,2.7142857142857144,2.0,3.0
0,0,1,36,1,2,3343,3,0,2.142857142857143,2.6666666666666665,2.3333333333333335
0,0,1,57,0,0,2196,4,0,2.5714285714285716,2.0,3.6666666666666665
0,0,1,41,0,0,1747,5,7,3.5714285714285716,3.0,3.6666666666666665
1,1,1,44,1,2,1195,3,0,3.0,3.6666666666666665,3.0
1,0,1,36,1,2,1488,3,0,3.2857142857142856,2.0,3.0
1,0,1,40,1,2,3008,4,0,3.5714285714285716,5.0,3.6666666666666665
0,1,0,36,1,2,1635,2,0,2.857142857142857,3.0,3.6666666666666665
1,1,1,18,0,0,1432,4,0,3.857142857142857,3.6666666666666665,4.0
0,1,0,23,1,0,2071,3,0,3.0,1.0,4.0
1,1,1,54,1,2,1414,3,0,4.142857142857143,4.0,4.0
0,0,1,40,0,2,813,4,64,3.7142857142857144,4.333333333333333,4.0
1,1,1,20,0,0,1873,5,0,3.5714285714285716,2.0,2.6666666666666665
0,0,1,48,0,0,1618,3,1,1.5714285714285714,1.0,3.0
0,0,1,59,0,0,1818,4,25,4.0,5.0,3.6666666666666665
0,0,0,23,1,0,1617,4,0,2.5714285714285716,3.0,3.3333333333333335
0,1,1,69,1,2,2132,1,0,3.142857142857143,3.6666666666666665,2.6666666666666665
0,0,1,7,0,0,1588,4,0,3.142857142857143,5.0,4.333333333333333
1,1,1,47,1,0,493,2,127,4.0,3.3333333333333335,3.3333333333333335
1,1,1,39,0,0,2777,5,16,4.857142857142857,4.333333333333333,5.0
0,0,1,48,0,0,2469,0,0,3.857142857142857,3.6666666666666665,4.0
0,1,0,25,1,1,2515,4,7,2.5714285714285716,5.0,1.0
1,1,1,42,1,2,446,3,18,2.5714285714285716,2.3333333333333335,2.0
0,0,1,56,0,2,407,4,0,2.2857142857142856,3.0,2.3333333333333335
0,0,1,41,0,0,843,5,0,2.5714285714285716,5.0,3.3333333333333335
0,1,0,26,1,2,1797,4,3,3.0,1.0,4.0
0,0,1,47,0,0,1658,4,12,3.4285714285714284,5.0,3.6666666666666665
1,0,1,25,1,2,3769,2,98,2.4285714285714284,5.0,3.3333333333333335
1,1,1,49,0,0,334,2,23,3.857142857142857,2.3333333333333335,2.0
1,1,1,43,1,0,1231,1,16,4.428571428571429,5.0,2.3333333333333335
0,1,0,23,1,0,1082,0,0,3.142857142857143,2.0,3.6666666666666665
1,1,1,49,1,2,3923,3,8,4.0,4.333333333333333,4.0
1,0,1,41,1,2,2516,3,86,4.0,4.0,3.6666666666666665
1,1,1,64,0,0,583,4,33,3.7142857142857144,3.6666666666666665,2.6666666666666665
1,1,1,35,0,0,1586,5,0,4.142857142857143,4.0,4.0
0,0,0,18,1,0,2159,2,244,2.5714285714285716,2.0,3.0
1,0,1,32,1,2,5413,4,0,4.142857142857143,4.0,4.333333333333333
0,1,0,21,0,0,1267,5,0,3.0,1.0,4.333333333333333
1,1,1,42,1,2,2694,4,23,3.4285714285714284,4.0,3.6666666666666665
1,1,0,41,1,2,2112,3,262,3.0,1.6666666666666667,3.6666666666666665
1,1,1,51,1,0,53,3,3,4.142857142857143,2.6666666666666665,3.6666666666666665
0,0,1,63,0,0,2227,5,0,3.0,1.0,3.3333333333333335
1,1,1,70,0,2,592,4,30,3.7142857142857144,3.6666666666666665,3.6666666666666665
1,1,1,56,1,0,273,2,0,2.5714285714285716,3.3333333333333335,3.0
0,0,1,26,1,2,4057,4,3,3.5714285714285716,4.0,3.0
1,0,1,45,1,2,3016,1,0,3.2857142857142856,4.0,3.3333333333333335
1,1,1,29,1,2,3669,1,0,3.7142857142857144,5.0,3.6666666666666665
1,0,1,52,0,0,2412,5,0,3.857142857142857,4.0,4.0
1,1,1,8,0,0,1898,4,32,4.0,4.0,3.6666666666666665
0,0,0,33,1,0,1843,4,36,2.7142857142857144,3.0,3.6666666666666665
1,1,1,49,0,0,81,5,0,2.7142857142857144,4.0,2.3333333333333335
0,0,1,20,0,0,2526,5,0,3.142857142857143,4.0,3.0
0,1,1,28,1,1,1840,4,0,2.857142857142857,3.0,3.0
0,0,1,38,1,0,1521,5,87,2.7142857142857144,2.0,3.0
1,1,1,39,1,2,2490,3,0,3.5714285714285716,4.0,4.0
0,0,0,28,1,2,2377,1,24,2.5714285714285716,3.6666666666666665,3.3333333333333335
0,0,0,18,1,0,1445,4,0,4.0,4.0,2.3333333333333335
1,1,1,69,1,2,1761,1,0,3.2857142857142856,4.333333333333333,3.3333333333333335
1,0,1,45,1,2,3842,3,0,3.4285714285714284,4.0,3.3333333333333335
0,0,1,39,0,2,1132,5,86,3.142857142857143,3.3333333333333335,3.0
0,0,0,22,1,0,1574,5,92,3.857142857142857,5.0,4.0
1,0,1,35,1,2,2314,1,0,3.4285714285714284,4.333333333333333,3.6666666666666665
1,0,1,30,1,2,4779,1,7,3.7142857142857144,5.0,3.3333333333333335
1,0,1,60,1,2,163,4,35,4.285714285714286,5.0,4.333333333333333
1,1,1,20,0,0,1360,3,51,3.857142857142857,2.6666666666666665,2.6666666666666665
1,1,1,62,0,0,1136,5,0,4.428571428571429,5.0,5.0
1,1,1,45,1,2,664,1,0,3.142857142857143,4.333333333333333,3.0
1,1,1,43,1,2,2466,1,0,4.285714285714286,4.666666666666667,3.6666666666666665
1,1,1,47,1,2,4017,2,0,3.7142857142857144,4.0,3.6666666666666665
1,1,1,37,0,1,3441,3,0,3.857142857142857,4.666666666666667,3.3333333333333335
1,1,1,58,1,2,3437,1,1,3.142857142857143,4.0,3.3333333333333335
0,0,0,23,1,0,2431,1,0,2.7142857142857144,2.0,2.6666666666666665
0,1,1,56,0,0,2655,1,118,2.4285714285714284,3.3333333333333335,3.3333333333333335
1,1,1,30,0,0,2228,1,0,2.857142857142857,4.666666666666667,3.0
1,1,1,53,1,2,1808,2,12,2.857142857142857,4.333333333333333,2.6666666666666665
0,0,1,48,0,0,2212,1,14,2.7142857142857144,1.0,3.3333333333333335
0,1,1,27,1,2,4758,2,59,3.2857142857142856,4.0,2.0
1,0,1,43,1,2,2029,3,33,3.7142857142857144,2.6666666666666665,3.0
0,1,0,22,1,0,1141,1,10,2.857142857142857,3.0,2.6666666666666665
0,0,1,8,0,0,2422,5,0,2.4285714285714284,1.0,3.3333333333333335
1,0,1,33,1,2,4054,4,7,3.7142857142857144,4.0,4.0
1,0,1,39,1,2,3020,1,0,3.7142857142857144,4.333333333333333,3.3333333333333335
1,0,1,34,0,1,2018,5,0,4.0,2.6666666666666665,3.0
1,1,1,23,0,0,2897,3,0,3.2857142857142856,3.6666666666666665,2.6666666666666665
0,1,0,31,1,0,1884,2,36,2.2857142857142856,2.0,2.3333333333333335
1,1,1,59,1,2,3420,3,21,3.857142857142857,4.666666666666667,3.6666666666666665
0,0,1,36,0,0,3429,1,4,2.5714285714285716,4.0,3.3333333333333335
1,1,1,48,1,2,2094,1,0,3.5714285714285716,3.6666666666666665,2.3333333333333335
0,0,1,10,0,0,1971,3,2,3.142857142857143,3.0,2.0
1,1,1,55,1,2,473,4,0,3.4285714285714284,4.666666666666667,3.0
1,1,1,52,1,2,337,4,4,3.857142857142857,3.6666666666666665,3.6666666666666665
0,0,1,31,1,0,2704,5,0,2.2857142857142856,1.0,3.0
0,1,1,46,1,2,2063,2,0,2.2857142857142856,2.3333333333333335,2.6666666666666665
0,0,1,45,0,1,1992,3,0,2.142857142857143,4.0,2.6666666666666665
0,1,0,25,1,2,1615,5,13,2.4285714285714284,1.0,3.0
1,0,1,59,1,2,3654,5,31,4.571428571428571,4.333333333333333,4.333333333333333
0,0,1,60,0,1,1882,4,0,2.857142857142857,4.0,3.0
0,1,1,28,1,0,3829,2,0,1.8571428571428572,1.0,2.6666666666666665
0,0,1,58,1,2,1585,3,14,2.142857142857143,1.3333333333333333,2.0
0,0,1,30,0,0,1352,1,8,3.7142857142857144,2.0,3.0
1,1,1,22,0,0,1784,4,5,4.5,4.333333333333333,3.0
0,0,1,67,1,2,1647,1,0,2.5714285714285716,2.3333333333333335,2.3333333333333335
1,0,1,29,1,2,2364,4,0,3.5714285714285716,5.0,4.333333333333333
0,0,1,28,0,0,2312,5,16,3.142857142857143,4.0,3.0
1,1,0,22,1,2,2093,3,17,3.857142857142857,2.0,3.0
0,1,1,13,0,0,1924,4,0,3.5714285714285716,4.0,3.0
1,1,1,39,1,2,1023,5,0,4.428571428571429,4.666666666666667,4.0
1,0,1,28,1,2,3410,1,94,3.2857142857142856,4.0,3.3333333333333335
0,1,1,63,1,0,55,5,6,2.5714285714285716,2.0,3.3333333333333335
0,0,1,69,0,0,1352,2,0,2.4285714285714284,5.0,2.3333333333333335
0,0,1,76,1,0,1639,5,0,2.7142857142857144,2.0,2.6666666666666665
1,1,1,9,1,2,3884,3,0,3.5714285714285716,4.0,4.0
1,0,1,47,1,2,1580,4,0,3.6,4.0,3.6666666666666665
0,0,1,13,0,0,1319,2,0,2.857142857142857,4.0,2.0
1,1,1,70,0,0,398,1,0,3.7142857142857144,4.0,3.3333333333333335
1,1,1,59,1,2,1693,3,0,4.428571428571429,4.666666666666667,4.333333333333333
0,0,1,28,1,2,1674,4,0,3.0,2.0,2.0
1,1,0,20,1,0,2403,5,4,4.0,3.0,4.333333333333333
1,1,1,52,1,2,2928,4,0,4.571428571428571,4.333333333333333,4.333333333333333
1,1,1,68,0,0,380,1,0,3.2857142857142856,4.0,3.0
0,0,1,24,0,0,2118,5,11,1.8571428571428572,2.0,3.6666666666666665
0,1,1,69,0,0,1415,4,0,3.5714285714285716,4.333333333333333,2.3333333333333335
0,0,1,47,1,2,3667,1,0,1.5714285714285714,2.6666666666666665,1.0
1,0,1,33,1,2,1882,2,10,4.285714285714286,5.0,4.0
0,0,0,37,1,2,3436,2,0,3.4285714285714284,5.0,3.0
0,0,1,70,0,1,1587,4,0,2.4285714285714284,2.0,3.6666666666666665
1,1,1,57,0,0,1097,3,0,3.7142857142857144,4.666666666666667,4.0
0,1,0,29,1,2,2159,2,29,3.0,3.3333333333333335,3.0
1,1,1,30,0,0,2831,5,16,3.75,3.0,3.3333333333333335
0,0,0,38,1,0,2253,2,10,2.4285714285714284,2.3333333333333335,3.0
1,0,1,29,1,2,2961,2,8,3.4285714285714284,5.0,3.3333333333333335
0,0,1,32,0,0,3240,5,0,3.4285714285714284,5.0,3.3333333333333335
1,1,1,70,0,1,1007,3,0,4.0,4.0,3.6666666666666665
1,1,1,50,1,2,2719,5,0,4.285714285714286,3.0,4.666666666666667
0,1,0,21,1,0,1056,0,2,4.142857142857143,4.333333333333333,4.0
0,0,1,25,0,0,1577,5,14,3.5714285714285716,3.0,4.666666666666667
1,0,1,19,0,1,1410,2,0,2.7142857142857144,3.6666666666666665,4.0
1,0,1,54,1,2,1785,5,2,4.571428571428571,4.0,5.0
0,1,1,41,0,0,3539,4,132,3.2857142857142856,1.3333333333333333,2.6666666666666665
0,0,1,77,1,2,1631,4,0,2.857142857142857,3.0,3.0
1,0,1,52,1,2,2230,3,12,3.7142857142857144,4.333333333333333,4.0
0,0,1,53,0,0,2734,5,0,4.428571428571429,5.0,4.0
0,0,1,35,0,0,2157,3,0,3.142857142857143,2.0,3.3333333333333335
1,0,1,42,1,2,2209,1,0,3.142857142857143,3.6666666666666665,3.3333333333333335
1,0,1,47,0,1,1750,4,0,3.2857142857142856,1.0,3.6666666666666665
0,0,1,50,1,0,2020,0,0,2.0,2.0,2.6666666666666665
1,1,1,13,0,0,1328,1,0,3.2857142857142856,5.0,3.0
0,0,1,23,0,0,1613,4,2,2.7142857142857144,3.0,3.3333333333333335
1,1,1,45,0,0,461,3,6,2.4285714285714284,3.3333333333333335,3.0
0,0,1,27,0,0,1399,4,20,3.142857142857143,2.0,3.6666666666666665
1,1,1,44,1,2,1575,2,0,3.7142857142857144,3.6666666666666665,3.0
1,1,1,13,0,0,2103,4,33,4.0,4.0,4.333333333333333
1,1,1,36,1,2,3480,4,0,3.857142857142857,4.666666666666667,3.6666666666666665
1,0,1,56,1,2,3180,2,3,4.142857142857143,4.0,3.3333333333333335
0,0,1,57,1,1,1963,5,1,2.857142857142857,2.0,3.3333333333333335
1,1,1,48,1,2,2954,4,0,4.428571428571429,4.333333333333333,4.666666666666667
0,0,1,62,0,1,2366,0,12,3.0,2.3333333333333335,4.0
1,0,1,34,1,2,847,5,84,4.714285714285714,4.333333333333333,4.666666666666667
1,1,1,35,0,0,2771,4,0,3.7142857142857144,4.666666666666667,4.0
0,1,1,62,1,0,453,5,5,3.0,2.3333333333333335,3.0
1,1,1,44,1,0,111,1,0,3.857142857142857,3.0,2.6666666666666665
1,1,1,22,0,0,2292,4,27,3.7142857142857144,4.666666666666667,3.6666666666666665
0,1,0,27,1,0,2342,4,0,4.0,4.0,1.3333333333333333
1,1,1,59,0,0,233,1,0,4.285714285714286,3.6666666666666665,4.333333333333333
1,1,1,52,0,0,251,1,0,3.5714285714285716,4.333333333333333,3.3333333333333335
1,0,1,58,1,2,1689,1,18,3.4285714285714284,4.666666666666667,3.6666666666666665
0,0,1,34,1,2,2161,4,5,3.7142857142857144,3.6666666666666665,4.0
1,0,1,53,1,2,414,5,0,4.142857142857143,3.6666666666666665,4.333333333333333
1,1,1,10,0,0,2388,3,0,4.0,2.6666666666666665,3.3333333333333335
1,1,1,39,1,2,2162,4,4,3.857142857142857,4.333333333333333,4.333333333333333
0,1,0,26,1,0,2176,2,12,2.857142857142857,4.0,3.0
0,0,1,31,1,2,3177,2,36,2.7142857142857144,3.0,3.0
0,0,0,22,1,0,2230,3,0,2.7142857142857144,3.0,2.6666666666666665
1,1,1,42,0,0,338,4,0,3.7142857142857144,4.333333333333333,3.6666666666666665
1,0,1,53,1,2,2061,2,0,4.0,4.333333333333333,3.3333333333333335
0,0,0,16,1,0,1097,2,44,2.857142857142857,1.0,3.3333333333333335
1,1,1,25,1,2,3394,4,32,3.5714285714285716,4.333333333333333,4.0
1,1,1,17,0,0,1753,3,0,3.5714285714285716,2.0,4.0
0,0,1,13,0,0,1368,5,2,2.5714285714285716,1.0,4.666666666666667
1,0,1,47,1,0,2548,5,0,3.4285714285714284,4.0,3.0
1,0,1,29,1,2,3522,5,12,4.571428571428571,4.0,4.333333333333333
0,0,1,70,0,0,1995,5,0,3.0,4.0,3.6666666666666665
0,0,1,15,0,0,2013,3,161,2.857142857142857,4.0,3.3333333333333335
1,0,1,50,1,2,722,1,0,3.5714285714285716,4.666666666666667,3.0
1,1,1,26,1,2,1465,5,6,4.142857142857143,4.0,4.333333333333333
0,0,1,19,0,0,1771,4,0,3.2857142857142856,1.0,3.0
0,1,1,57,0,1,794,5,0,4.142857142857143,4.0,3.6666666666666665
1,1,1,53,1,2,423,3,0,3.142857142857143,4.666666666666667,4.0
1,0,1,40,1,0,1700,3,0,3.5714285714285716,5.0,1.6666666666666667
1,1,1,59,1,2,3644,3,0,4.571428571428571,4.333333333333333,4.0
1,1,1,17,0,0,1942,4,0,3.7142857142857144,4.0,3.6666666666666665
0,1,0,10,1,0,1642,3,50,3.142857142857143,1.0,2.6666666666666665
1,1,1,39,1,2,2594,3,36,3.7142857142857144,4.666666666666667,4.0
0,1,1,67,0,0,595,4,0,3.4285714285714284,3.0,2.0
1,1,0,45,1,2,1489,4,0,4.0,3.0,3.3333333333333335
1,1,1,21,0,0,1575,1,16,3.857142857142857,5.0,3.3333333333333335
0,0,0,38,1,0,1872,2,0,1.7142857142857142,1.0,3.3333333333333335
1,0,0,23,1,2,2116,0,86,4.0,1.0,3.6666666666666665
0,1,1,59,1,1,272,3,0,2.142857142857143,2.3333333333333335,2.6666666666666665
0,0,1,60,0,2,348,4,3,3.2857142857142856,4.0,2.6666666666666665
0,1,0,16,1,0,1723,3,48,3.2857142857142856,1.0,3.6666666666666665
1,0,1,45,1,2,1874,3,0,3.857142857142857,3.6666666666666665,3.6666666666666665
0,1,1,23,0,0,3173,5,0,3.7142857142857144,4.0,3.3333333333333335
1,1,1,40,1,2,3597,5,42,4.714285714285714,4.666666666666667,4.666666666666667
1,0,1,40,1,2,1858,2,19,4.0,4.666666666666667,3.3333333333333335
1,1,1,65,0,0,588,2,99,3.2857142857142856,4.0,3.3333333333333335
1,0,1,44,1,2,1815,4,0,4.142857142857143,4.333333333333333,4.0
1,0,1,41,1,2,2428,2,0,4.142857142857143,4.0,3.6666666666666665
1,1,1,53,1,0,1505,5,0,4.0,4.0,4.333333333333333
0,1,1,27,1,0,2387,2,56,2.142857142857143,1.0,2.3333333333333335
1,1,1,70,0,0,617,2,3,3.4285714285714284,4.0,3.3333333333333335
0,1,0,23,1,0,2456,3,15,3.7142857142857144,5.0,3.0
0,1,0,45,1,0,1172,3,0,2.7142857142857144,1.0,3.0
0,0,1,51,1,0,1152,2,0,2.0,2.0,2.3333333333333335
1,1,1,69,0,0,985,1,20,3.0,3.3333333333333335,2.3333333333333335
1,1,1,45,1,0,871,1,100,4.428571428571429,4.0,2.3333333333333335
1,0,1,24,1,2,4341,1,1,3.5714285714285716,4.0,2.6666666666666665
0,0,0,27,1,2,3118,4,60,4.0,2.0,3.6666666666666665
1,0,1,23,1,2,3164,3,0,4.2,4.333333333333333,4.0
0,1,0,49,1,0,1874,0,84,2.857142857142857,3.3333333333333335,2.6666666666666665
0,0,0,38,1,0,2059,2,0,2.4285714285714284,2.0,3.3333333333333335
0,0,1,32,1,2,3673,5,0,3.2857142857142856,3.0,3.0
0,0,1,31,1,2,2512,2,26,2.2857142857142856,2.0,2.6666666666666665
0,0,1,64,0,0,2354,1,0,2.5714285714285716,3.0,3.3333333333333335
0,0,1,9,0,0,2266,5,0,3.7142857142857144,5.0,4.666666666666667
1,0,1,19,0,0,3109,3,0,3.0,4.0,3.3333333333333335
1,0,1,56,1,2,1725,4,0,2.5714285714285716,3.0,2.6666666666666665
0,1,0,59,1,0,1918,3,0,3.0,2.0,1.0
0,0,1,62,0,2,214,4,0,2.4285714285714284,3.3333333333333335,3.0
1,1,1,46,0,0,381,1,0,3.0,4.0,2.3333333333333335
0,0,1,70,0,0,2304,3,0,2.142857142857143,3.0,2.3333333333333335
1,0,1,15,0,1,1448,5,0,5.0,5.0,3.3333333333333335
1,1,1,16,0,0,1097,2,14,2.857142857142857,4.0,3.0
1,1,1,60,1,2,428,4,4,3.857142857142857,4.0,4.333333333333333
1,1,1,38,1,2,3165,3,4,3.857142857142857,4.0,4.0
1,1,1,43,1,2,4003,5,1,4.571428571428571,4.0,4.333333333333333
0,1,0,34,1,0,2147,1,6,2.7142857142857144,3.3333333333333335,3.6666666666666665
0,1,1,35,1,2,1459,2,0,1.4285714285714286,1.3333333333333333,2.3333333333333335
0,0,1,26,1,2,3087,1,0,2.142857142857143,2.0,1.3333333333333333
1,0,1,28,0,0,1697,2,0,2.857142857142857,2.0,2.6666666666666665
0,1,0,33,1,0,1383,3,0,2.5714285714285716,4.0,3.6666666666666665
1,0,1,40,1,2,634,5,0,5.0,4.333333333333333,4.666666666666667
1,0,1,52,1,2,2044,5,0,4.142857142857143,4.333333333333333,4.0
0,0,0,42,1,2,1955,3,0,3.142857142857143,2.0,3.6666666666666665
1,0,1,52,1,0,1335,1,0,3.0,5.0,1.6666666666666667
1,1,1,43,1,2,1637,4,0,3.857142857142857,4.666666666666667,3.6666666666666665
1,0,1,41,1,2,2997,1,0,2.4285714285714284,4.0,2.6666666666666665
0,0,0,34,1,2,1272,3,0,3.5714285714285716,5.0,3.3333333333333335
1,1,1,20,0,0,2463,5,0,4.285714285714286,4.0,4.333333333333333
1,1,1,23,0,2,1583,3,0,3.4285714285714284,4.333333333333333,4.0
1,0,0,49,1,2,2517,4,7,3.4285714285714284,2.6666666666666665,4.333333333333333
1,0,0,24,1,2,1258,0,0,4.25,3.0,4.333333333333333
1,1,1,18,0,0,1155,1,0,4.142857142857143,2.6666666666666665,2.6666666666666665
0,0,1,47,0,0,2526,3,0,3.857142857142857,4.0,2.6666666666666665
1,1,1,42,1,2,2430,3,29,4.0,4.666666666666667,4.333333333333333
1,1,0,44,1,2,1342,4,0,3.857142857142857,4.0,2.6666666666666665
0,0,1,55,0,2,391,1,0,1.2857142857142858,1.6666666666666667,2.0
1,0,1,57,1,2,3536,5,6,4.428571428571429,3.3333333333333335,3.3333333333333335
0,1,0,39,1,2,4069,1,73,2.7142857142857144,3.0,4.0
0,0,1,61,0,0,1330,2,0,2.0,1.0,3.0
0,0,1,52,0,0,1942,4,0,3.0,4.0,3.3333333333333335
0,0,1,29,0,0,1303,5,26,2.4285714285714284,1.0,4.666666666666667
1,1,1,29,0,0,2478,3,23,4.0,4.666666666666667,3.6666666666666665
1,0,1,43,1,2,761,2,88,3.142857142857143,4.333333333333333,3.3333333333333335
0,1,0,30,1,0,1555,3,0,2.7142857142857144,3.0,3.0
0,1,1,48,1,2,725,4,0,2.7142857142857144,2.0,3.3333333333333335
1,0,1,44,1,0,1682,2,0,2.142857142857143,3.0,1.6666666666666667
0,1,0,28,1,0,1918,4,0,3.142857142857143,4.0,3.3333333333333335
0,0,1,57,0,0,1967,5,3,2.5714285714285716,2.3333333333333335,4.0
1,1,1,32,1,2,4001,2,0,3.4285714285714284,3.0,3.6666666666666665
0,0,1,51,1,2,865,3,0,3.2857142857142856,2.6666666666666665,3.6666666666666665
1,1,1,37,1,0,1831,1,87,3.4285714285714284,5.0,2.0
0,0,1,24,0,0,1484,1,0,3.0,1.0,2.6666666666666665
0,1,0,36,1,0,1815,1,49,2.2857142857142856,2.0,2.3333333333333335
0,0,1,22,1,2,2117,4,0,3.0,2.0,3.0
1,1,1,14,0,0,1841,1,0,2.4285714285714284,4.0,2.3333333333333335
0,0,1,37,1,2,1642,5,0,2.5714285714285716,3.3333333333333335,3.3333333333333335
1,1,1,40,0,0,2352,1,26,3.142857142857143,4.666666666666667,2.6666666666666665
1,1,1,58,0,0,475,2,0,3.5714285714285716,4.333333333333333,3.0
1,0,1,60,1,2,724,3,0,4.285714285714286,4.0,4.0
0,1,0,22,1,0,1986,0,0,3.0,4.0,3.3333333333333335
1,0,1,56,1,2,735,5,0,4.428571428571429,4.666666666666667,5.0
1,1,1,13,0,0,3237,5,0,3.4285714285714284,4.666666666666667,3.6666666666666665
1,1,1,33,1,2,2098,4,0,5.0,5.0,3.6666666666666665
0,0,0,25,1,2,2559,0,4,3.4285714285714284,1.0,3.3333333333333335
1,1,1,25,0,0,3189,1,0,2.142857142857143,3.3333333333333335,2.6666666666666665
0,1,0,33,1,2,1956,3,0,3.857142857142857,5.0,4.333333333333333
1,0,1,42,1,2,3805,4,0,4.0,4.666666666666667,3.6666666666666665
1,0,1,48,1,2,2047,4,27,4.0,4.0,3.6666666666666665
1,1,1,43,1,2,2833,1,13,3.2857142857142856,4.0,3.0
1,0,1,51,0,0,2695,5,0,4.285714285714286,4.0,4.333333333333333
1,1,1,42,1,2,1541,5,0,3.4285714285714284,4.666666666666667,3.6666666666666665
1,0,1,40,1,2,1863,1,55,2.857142857142857,4.0,2.6666666666666665
0,0,1,51,0,0,2349,4,52,3.5714285714285716,2.0,3.0
0,0,1,51,0,0,2269,1,318,2.0,1.6666666666666667,2.3333333333333335
1,0,0,27,1,2,2359,5,42,4.285714285714286,3.0,3.0
1,1,1,31,0,0,2910,3,25,3.2857142857142856,3.3333333333333335,3.6666666666666665
1,1,1,47,1,2,3204,4,1,4.0,5.0,4.333333333333333
0,1,1,33,1,2,878,5,0,3.142857142857143,3.0,3.3333333333333335
0,1,1,51,1,2,2526,5,15,3.5714285714285716,4.0,3.3333333333333335
1,0,1,30,1,2,2061,1,10,3.2857142857142856,4.0,3.6666666666666665
0,1,1,17,0,1,3528,4,0,4.285714285714286,3.0,4.333333333333333
0,0,0,40,1,0,1507,4,0,3.7142857142857144,5.0,2.6666666666666665
1,1,1,37,0,0,2018,2,0,2.857142857142857,4.0,2.6666666666666665
0,1,1,30,1,2,3981,1,0,1.8571428571428572,1.0,2.0
0,1,0,26,1,0,1380,2,2,3.142857142857143,2.0,2.6666666666666665
0,0,1,23,0,0,1488,5,43,3.0,3.0,3.0
0,0,1,48,0,0,2341,3,0,3.2857142857142856,4.666666666666667,4.0
1,0,1,30,1,2,2382,2,0,3.2857142857142856,3.0,3.3333333333333335
0,1,1,35,1,2,2462,4,0,3.142857142857143,3.0,3.6666666666666665
0,0,1,39,0,0,1547,4,5,2.5714285714285716,4.333333333333333,3.3333333333333335
1,1,1,49,1,2,90,4,0,3.5714285714285716,2.3333333333333335,3.3333333333333335
1,0,0,11,1,2,2256,5,0,3.5714285714285716,2.0,3.3333333333333335
0,0,1,15,0,0,2383,4,84,3.142857142857143,4.0,4.333333333333333
0,1,1,10,0,2,3106,4,18,3.7142857142857144,2.0,3.6666666666666665
0,1,1,50,1,2,4035,4,0,2.7142857142857144,3.0,3.3333333333333335
0,0,1,21,1,2,4696,2,0,1.8571428571428572,1.0,2.6666666666666665
1,0,0,64,1,2,2693,5,0,4.428571428571429,2.0,4.333333333333333
1,1,1,68,0,2,2430,5,25,3.7142857142857144,3.3333333333333335,3.6666666666666665
0,0,1,28,0,2,1838,2,0,2.7142857142857144,4.0,2.3333333333333335
0,1,0,9,1,0,1740,2,9,1.8571428571428572,1.0,3.3333333333333335
1,1,1,43,1,2,612,4,1,3.2857142857142856,3.6666666666666665,3.6666666666666665
0,1,1,67,0,0,4211,4,110,3.0,1.6666666666666667,1.6666666666666667
0,0,1,31,1,0,2937,1,0,4.0,4.0,2.6666666666666665
0,0,1,53,1,0,2623,4,16,2.7142857142857144,3.0,3.0
0,0,1,62,0,0,1651,5,0,2.857142857142857,1.0,3.6666666666666665
1,1,1,13,0,0,2178,4,0,4.142857142857143,4.0,4.0
0,0,1,21,0,1,2406,2,12,2.5714285714285716,4.0,2.6666666666666665
0,0,0,57,1,0,2268,3,9,3.0,5.0,1.3333333333333333
1,1,1,8,0,0,1875,5,0,3.857142857142857,5.0,3.6666666666666665
1,1,1,19,0,0,1698,0,0,4.2,4.666666666666667,3.6666666666666665
0,1,1,45,1,0,252,4,0,3.142857142857143,2.6666666666666665,3.6666666666666665
1,1,0,49,1,2,1301,4,0,3.2857142857142856,1.0,3.0
0,0,1,18,0,0,1979,5,54,3.142857142857143,3.0,4.333333333333333
0,0,1,42,1,2,361,3,0,2.857142857142857,2.0,3.0
1,1,1,37,1,0,1154,2,0,4.0,5.0,3.3333333333333335
1,0,1,45,1,2,2640,3,6,4.0,4.0,3.6666666666666665
0,0,1,49,1,2,370,5,7,1.8571428571428572,2.3333333333333335,2.3333333333333335
0,0,1,12,0,1,2384,3,64,3.4285714285714284,4.0,3.0
1,1,1,44,1,1,524,4,0,3.857142857142857,3.3333333333333335,3.0
0,1,1,35,1,0,2018,4,30,3.142857142857143,3.0,3.3333333333333335
1,1,1,55,1,2,2299,4,0,4.142857142857143,4.666666666666667,4.333333333333333
1,0,0,22,1,2,2374,0,0,3.5714285714285716,3.0,4.333333333333333
1,0,1,48,1,2,3581,5,23,3.5714285714285716,3.0,4.333333333333333
0,1,1,45,1,2,2935,1,47,3.7142857142857144,3.3333333333333335,2.3333333333333335
1,0,1,57,1,2,930,1,0,3.142857142857143,4.666666666666667,3.3333333333333335
1,1,1,30,1,2,3119,5,18,4.285714285714286,4.0,3.6666666666666665
1,0,1,36,1,2,530,3,0,3.7142857142857144,5.0,4.0
1,0,1,49,1,2,803,1,3,3.2857142857142856,4.0,3.3333333333333335
1,1,1,42,0,1,414,2,6,2.5714285714285716,3.6666666666666665,2.3333333333333335
1,1,1,53,1,2,808,3,0,3.857142857142857,3.6666666666666665,3.3333333333333335
1,1,1,42,1,2,1772,1,0,3.142857142857143,4.0,3.3333333333333335
1,1,1,12,0,1,1341,1,1,3.7142857142857144,4.0,4.0
1,0,1,32,1,2,3349,5,1,3.857142857142857,4.0,3.6666666666666665
1,1,1,48,1,2,1067,1,20,3.2857142857142856,5.0,3.3333333333333335
1,0,1,20,0,0,3634,5,0,3.4285714285714284,1.0,4.333333333333333
1,1,1,28,1,2,4111,5,0,4.0,5.0,3.0
0,0,1,35,0,0,1613,5,0,3.0,1.0,2.6666666666666665
1,0,1,46,1,2,1662,4,0,2.5714285714285716,2.3333333333333335,3.0
0,1,0,50,1,1,1983,1,48,3.142857142857143,4.0,2.3333333333333335
1,1,1,55,0,0,328,4,63,2.7142857142857144,3.0,2.3333333333333335
1,1,1,56,1,2,451,5,4,4.0,4.0,4.333333333333333
0,1,0,38,1,0,1299,2,0,2.857142857142857,1.0,3.3333333333333335
1,1,1,24,1,2,3785,3,37,4.0,5.0,4.0
0,0,1,17,1,2,3081,5,0,2.857142857142857,2.0,3.3333333333333335
0,0,1,25,0,1,1217,2,8,3.4285714285714284,4.0,3.3333333333333335
1,1,1,48,1,2,955,2,0,3.857142857142857,5.0,3.6666666666666665
0,0,1,41,1,2,418,3,1,2.7142857142857144,2.6666666666666665,3.3333333333333335
1,0,1,46,1,2,2577,1,0,3.0,2.6666666666666665,2.0
0,0,1,50,0,0,2987,1,0,1.7142857142857142,1.0,2.3333333333333335
0,0,1,65,0,2,853,5,0,3.857142857142857,4.333333333333333,3.0
0,0,1,49,0,0,1130,4,44,4.142857142857143,3.0,4.333333333333333
0,0,1,66,1,2,583,4,0,2.857142857142857,3.0,3.3333333333333335
1,1,1,57,1,2,2049,1,0,3.142857142857143,4.0,3.0
1,0,0,24,1,0,1597,0,2,3.7142857142857144,5.0,2.6666666666666665
1,1,1,15,0,0,2308,5,0,4.285714285714286,4.333333333333333,4.0
1,0,1,51,1,2,432,1,0,3.7142857142857144,4.666666666666667,3.3333333333333335
1,0,1,63,1,0,1707,4,0,3.7142857142857144,5.0,2.6666666666666665
1,1,1,32,1,1,1253,1,0,3.5714285714285716,4.0,1.3333333333333333
1,1,1,34,0,0,2042,1,46,3.0,4.0,3.0
1,0,1,35,1,2,3066,1,0,4.142857142857143,5.0,3.0
0,1,1,29,0,0,1390,4,29,3.7142857142857144,2.0,2.6666666666666665
0,1,1,32,1,2,1722,4,38,2.2857142857142856,3.0,2.6666666666666665
1,1,0,23,1,2,2586,0,0,4.142857142857143,1.0,3.6666666666666665
0,0,1,39,1,2,842,4,19,2.5714285714285716,3.3333333333333335,2.3333333333333335
1,0,1,39,1,2,2934,4,0,4.714285714285714,5.0,4.333333333333333
0,0,0,41,1,2,2229,2,0,2.5714285714285716,1.0,3.0
1,1,1,43,1,2,2950,1,0,3.5714285714285716,4.666666666666667,3.0
1,1,1,11,0,0,1584,2,0,4.0,4.0,2.6666666666666665
1,1,1,43,1,2,426,4,16,4.428571428571429,5.0,4.333333333333333
1,0,1,31,1,0,1871,0,0,4.25,3.0,3.6666666666666665
1,1,1,40,1,2,695,3,0,3.5714285714285716,4.333333333333333,3.6666666666666665
1,0,1,52,1,0,1897,4,36,4.142857142857143,4.0,3.0
0,0,1,36,0,0,1663,1,15,2.5714285714285716,5.0,2.3333333333333335
0,0,0,25,1,0,1708,4,2,3.857142857142857,3.0,3.6666666666666665
1,1,1,37,1,2,268,3,0,3.4285714285714284,3.3333333333333335,4.0
1,1,0,44,1,2,2063,4,1,3.857142857142857,5.0,3.3333333333333335
1,1,1,68,0,0,1348,1,0,3.2857142857142856,4.0,3.0
1,1,1,60,1,2,3960,2,33,4.142857142857143,4.0,3.6666666666666665
0,1,0,58,1,0,1984,2,0,2.0,1.0,1.6666666666666667
1,1,1,13,0,0,1399,3,0,3.5714285714285716,4.0,3.0
1,0,1,52,1,2,2326,2,0,2.857142857142857,4.0,3.0
0,0,1,22,0,0,1868,4,0,2.5714285714285716,4.333333333333333,3.0
1,0,1,46,1,2,3386,2,0,2.4285714285714284,3.0,3.0
0,0,1,31,1,1,2243,2,0,2.857142857142857,3.0,2.3333333333333335
0,0,1,28,0,0,1862,4,42,4.0,5.0,3.6666666666666665
1,0,0,39,1,0,1866,0,44,3.857142857142857,4.0,3.0
0,0,1,68,0,0,2313,4,45,4.142857142857143,5.0,3.3333333333333335
0,1,0,39,1,0,1141,0,0,1.5714285714285714,3.0,1.6666666666666667
0,1,1,51,1,0,1257,3,0,2.5714285714285716,2.3333333333333335,2.6666666666666665
0,1,1,40,0,0,2512,2,0,3.142857142857143,4.0,2.6666666666666665
1,0,1,35,1,2,3600,4,0,4.285714285714286,3.0,4.0
1,1,1,16,0,1,1978,3,17,2.5714285714285716,3.3333333333333335,3.3333333333333335
0,1,1,45,1,2,2341,5,0,4.714285714285714,3.3333333333333335,3.6666666666666665
0,0,1,70,0,0,2285,1,0,2.857142857142857,4.666666666666667,3.0
0,0,1,59,0,0,2347,3,0,2.857142857142857,5.0,2.3333333333333335
0,1,1,36,1,2,1825,5,8,3.857142857142857,2.3333333333333335,3.6666666666666665
0,1,0,38,1,2,2001,4,8,3.4285714285714284,3.0,3.0
1,1,1,53,1,2,467,4,0,4.142857142857143,5.0,4.666666666666667
1,1,1,38,1,0,2162,4,23,4.428571428571429,4.0,4.0
1,1,1,43,1,2,263,1,16,3.142857142857143,4.666666666666667,3.0
1,0,1,59,1,2,3851,3,0,3.142857142857143,4.333333333333333,3.0
1,0,1,38,0,1,3867,3,0,3.4285714285714284,1.3333333333333333,2.6666666666666665
0,0,1,33,1,1,1140,1,0,2.4285714285714284,2.0,2.6666666666666665
1,1,1,16,0,2,3213,4,243,4.571428571428571,4.333333333333333,4.0
0,0,1,55,1,2,514,3,27,2.2857142857142856,2.6666666666666665,2.6666666666666665
1,1,1,35,1,2,1679,4,7,4.142857142857143,4.333333333333333,4.333333333333333
0,0,1,20,0,0,1534,3,15,2.5714285714285716,2.0,2.6666666666666665
1,0,1,30,1,2,3664,2,0,2.7142857142857144,4.0,1.0
0,0,0,29,1,0,2145,4,0,4.0,4.333333333333333,3.3333333333333335
0,1,0,25,1,0,1722,3,76,2.0,2.0,1.6666666666666667
1,1,1,56,1,2,3527,2,17,4.0,4.666666666666667,3.6666666666666665
0,0,1,50,0,1,1766,4,0,3.0,3.0,4.0
1,1,0,37,1,2,1215,5,41,3.857142857142857,2.0,4.0
1,0,1,54,1,2,1103,4,0,4.142857142857143,4.333333333333333,4.333333333333333
1,1,1,46,1,2,1316,4,0,4.285714285714286,4.0,4.666666666666667
1,1,1,42,1,2,1416,1,5,3.2857142857142856,4.666666666666667,3.0
1,0,1,31,1,2,3303,4,10,4.0,4.0,4.0
1,1,1,57,1,2,3162,5,1,3.7142857142857144,4.333333333333333,4.0
0,0,1,31,0,0,1872,4,24,2.857142857142857,1.0,3.0
1,0,1,32,1,2,1682,1,0,3.5714285714285716,5.0,2.0
1,0,0,25,1,0,2420,3,53,3.0,2.0,3.6666666666666665
1,0,1,19,1,2,1265,4,0,3.8,3.0,4.333333333333333
1,1,1,28,1,2,3230,3,19,2.7142857142857144,4.0,2.6666666666666665
1,0,1,30,1,0,3203,0,29,3.75,4.0,4.333333333333333
0,0,0,39,1,0,1176,0,0,2.857142857142857,4.0,2.3333333333333335
1,1,1,67,0,0,270,3,0,2.0,3.6666666666666665,3.0
0,1,1,49,1,0,235,1,4,2.7142857142857144,3.3333333333333335,2.3333333333333335
0,0,1,37,0,0,1016,4,60,2.8,4.0,3.3333333333333335
0,1,1,36,1,2,1241,4,0,3.5714285714285716,2.6666666666666665,2.6666666666666665
0,1,0,21,1,1,1996,3,35,3.7142857142857144,1.0,2.6666666666666665
1,0,1,12,0,0,1571,5,0,4.285714285714286,4.333333333333333,3.0
0,1,0,19,1,0,1325,0,0,3.2857142857142856,4.0,2.6666666666666665
1,1,1,37,1,2,1534,2,43,3.2857142857142856,4.666666666666667,3.3333333333333335
1,1,1,33,1,2,2627,5,0,4.571428571428571,4.666666666666667,4.666666666666667
0,1,1,45,0,0,333,3,32,4.142857142857143,3.6666666666666665,3.6666666666666665
0,0,1,28,0,0,2034,5,0,3.857142857142857,2.0,4.0
0,0,1,11,0,1,2011,5,0,2.857142857142857,4.0,3.0
1,1,0,24,1,2,1854,0,11,2.0,2.0,2.6666666666666665
0,1,0,38,1,1,3768,2,2,2.857142857142857,4.666666666666667,4.333333333333333
1,1,1,54,0,0,483,4,0,2.857142857142857,4.0,2.6666666666666665
1,1,1,47,1,2,1763,5,10,4.0,4.666666666666667,4.0
1,1,1,9,0,0,2267,5,49,3.5714285714285716,3.3333333333333335,3.6666666666666665
0,0,1,16,0,0,1744,5,10,2.7142857142857144,5.0,4.333333333333333
0,0,0,38,1,2,1647,3,0,3.7142857142857144,5.0,4.0
0,0,1,14,0,0,2837,4,0,4.0,3.6666666666666665,4.333333333333333
1,0,1,46,1,2,3875,1,0,3.5714285714285716,4.333333333333333,3.3333333333333335
0,1,1,72,1,0,411,5,0,4.285714285714286,3.3333333333333335,4.333333333333333
0,1,1,36,1,2,233,3,0,2.0,2.0,2.6666666666666665
1,1,1,48,1,2,3858,0,0,2.6,3.6666666666666665,2.3333333333333335
0,0,1,16,0,0,973,3,0,2.8,3.0,3.6666666666666665
1,0,1,52,1,2,920,5,0,3.142857142857143,3.3333333333333335,3.6666666666666665
1,1,1,42,0,0,462,3,0,4.0,4.666666666666667,4.333333333333333
1,0,1,19,1,2,4872,4,0,2.857142857142857,4.0,2.3333333333333335
1,1,1,28,0,0,2256,4,97,3.0,4.0,2.6666666666666665
0,1,1,35,1,2,1798,5,0,2.5714285714285716,3.0,3.3333333333333335
0,0,0,32,1,0,961,1,42,2.4285714285714284,2.6666666666666665,2.6666666666666665
0,0,1,25,0,0,2356,0,0,2.4285714285714284,2.3333333333333335,3.0
0,1,0,34,1,0,2178,2,0,3.7142857142857144,1.0,3.0
1,1,1,52,1,2,82,3,116,3.857142857142857,4.0,4.333333333333333
1,1,1,28,1,2,2832,1,0,3.2857142857142856,5.0,3.0
1,1,1,33,1,2,912,4,29,4.285714285714286,4.666666666666667,4.333333333333333
1,1,1,45,1,2,917,4,15,4.571428571428571,5.0,4.0
0,0,1,38,0,0,2581,5,0,2.7142857142857144,3.0,3.3333333333333335
0,1,1,70,1,0,51,1,0,1.8571428571428572,2.3333333333333335,1.3333333333333333
1,1,1,9,0,0,1920,4,0,3.857142857142857,2.0,3.0
1,0,0,49,1,2,1731,4,0,4.428571428571429,4.0,4.666666666666667
1,1,1,43,0,2,403,5,0,4.714285714285714,4.333333333333333,4.333333333333333
1,1,1,31,0,2,2081,4,0,4.571428571428571,5.0,3.3333333333333335
1,1,1,50,1,2,2694,3,0,3.5714285714285716,3.0,3.3333333333333335
0,0,1,43,0,0,1651,5,0,2.857142857142857,4.0,2.3333333333333335
0,1,0,26,1,0,2487,4,15,2.7142857142857144,1.0,3.0
1,0,1,49,1,2,3676,1,0,4.0,4.666666666666667,3.0
1,0,1,33,0,0,1502,5,0,3.75,3.0,4.333333333333333
1,1,1,51,0,0,698,4,0,3.4285714285714284,3.0,4.0
1,0,1,55,0,0,1414,5,0,4.428571428571429,3.0,3.0
1,1,1,27,0,0,1553,3,0,4.428571428571429,4.333333333333333,4.333333333333333
1,0,1,47,1,2,1793,5,0,4.571428571428571,4.0,4.333333333333333
0,0,1,55,0,0,3565,2,5,2.142857142857143,2.0,3.0
1,1,1,46,1,2,3137,2,0,3.5714285714285716,4.333333333333333,3.3333333333333335
0,0,1,30,1,2,2674,5,0,3.2857142857142856,3.0,4.333333333333333
1,1,0,27,1,2,1429,5,0,4.285714285714286,3.0,3.6666666666666665
0,1,1,17,0,0,1800,5,0,2.857142857142857,1.0,4.666666666666667
1,1,1,38,0,0,1165,4,5,3.5714285714285716,5.0,4.0
1,1,1,23,1,1,1470,5,0,3.857142857142857,4.333333333333333,4.0
1,1,1,18,0,0,1805,2,32,3.142857142857143,4.0,3.6666666666666665
1,0,1,39,1,2,2710,2,12,3.5714285714285716,4.333333333333333,3.3333333333333335
1,0,1,44,1,2,2172,2,0,3.4285714285714284,4.333333333333333,3.6666666666666665
1,0,1,35,0,0,3103,5,0,4.0,1.0,3.0
0,0,1,23,0,0,1853,5,0,3.5714285714285716,4.0,3.0
0,0,1,55,0,1,1834,1,0,3.0,5.0,1.3333333333333333
0,1,1,17,0,0,2128,4,0,3.7142857142857144,3.0,3.6666666666666665
1,0,0,23,1,2,2636,4,0,3.5714285714285716,2.0,3.0
0,1,1,48,1,2,2832,4,0,2.4285714285714284,2.6666666666666665,2.6666666666666665
0,0,1,39,0,0,1560,3,0,2.857142857142857,2.6666666666666665,3.0
1,1,1,22,1,2,1311,5,0,4.285714285714286,4.0,5.0
0,0,0,17,1,0,2167,1,57,2.142857142857143,5.0,3.3333333333333335
1,1,0,24,1,0,2353,5,0,4.0,1.0,3.6666666666666665
1,0,1,40,0,0,3927,1,21,3.857142857142857,3.0,3.0
1,1,1,52,0,0,1195,5,27,4.285714285714286,4.333333333333333,4.333333333333333
0,1,1,42,1,2,494,4,0,3.142857142857143,2.3333333333333335,3.0
1,0,1,15,0,0,2076,4,0,4.0,1.0,3.3333333333333335
0,1,0,38,1,0,2992,3,0,3.142857142857143,2.3333333333333335,3.0
1,1,1,51,1,2,1770,3,0,4.142857142857143,4.666666666666667,4.333333333333333
0,0,1,61,0,0,2213,4,1,3.142857142857143,1.0,4.333333333333333
0,1,0,42,1,0,2897,4,0,3.7142857142857144,1.0,2.6666666666666665
0,0,1,48,1,2,1516,4,0,2.142857142857143,2.6666666666666665,3.0
0,1,1,66,1,2,2989,2,0,3.5714285714285716,3.0,2.3333333333333335
0,0,1,62,0,0,1991,3,17,2.5714285714285716,3.0,1.3333333333333333
1,0,1,49,1,2,2022,4,31,3.4,4.333333333333333,4.0
0,1,0,38,1,2,1856,1,78,2.5714285714285716,4.0,3.6666666666666665
0,0,1,10,0,2,2253,4,113,3.142857142857143,4.0,2.3333333333333335
1,1,1,20,0,0,3929,1,4,2.4285714285714284,4.0,2.3333333333333335
1,0,1,43,1,2,603,1,1,2.857142857142857,3.6666666666666665,2.6666666666666665
0,0,1,39,1,0,1170,4,3,2.857142857142857,3.0,3.6666666666666665
0,0,1,46,0,0,2388,2,0,2.2857142857142856,4.0,2.6666666666666665
0,0,1,62,0,0,1963,1,0,3.0,4.0,3.0
1,1,1,40,1,2,459,3,1,3.5714285714285716,3.6666666666666665,3.6666666666666665
1,1,1,27,1,2,2710,1,0,3.0,5.0,1.6666666666666667
0,0,0,35,1,2,2552,4,0,4.0,2.0,3.6666666666666665
0,0,1,47,0,0,1509,4,0,3.4285714285714284,3.0,2.6666666666666665
1,0,1,47,1,2,976,5,0,4.571428571428571,3.6666666666666665,4.333333333333333
0,1,0,31,1,1,2647,3,0,3.857142857142857,3.0,2.6666666666666665
1,1,1,40,1,2,3691,1,0,2.857142857142857,3.6666666666666665,3.3333333333333335
1,1,1,51,1,2,326,0,57,4.0,4.333333333333333,3.6666666666666665
0,0,1,51,0,0,1850,4,0,3.5714285714285716,2.0,4.0
1,1,1,13,0,0,2369,1,7,2.857142857142857,3.6666666666666665,3.0
1,1,1,68,1,1,1026,2,0,3.2857142857142856,4.333333333333333,3.0
0,0,1,40,0,1,1514,5,0,3.5714285714285716,2.0,3.3333333333333335
1,1,1,41,1,2,2004,3,0,3.5714285714285716,4.333333333333333,3.6666666666666665
0,0,0,16,1,0,2034,1,21,1.5714285714285714,3.0,3.0
0,0,1,47,0,0,1954,2,0,2.2857142857142856,4.0,3.0
1,1,0,23,1,2,2292,5,0,3.7142857142857144,2.0,3.0
1,1,1,49,1,0,238,5,84,3.5714285714285716,3.0,3.3333333333333335
0,0,0,19,1,2,1850,3,99,2.5714285714285716,1.6666666666666667,3.0
0,0,0,44,1,0,2565,1,12,2.4285714285714284,4.0,2.6666666666666665
1,0,1,27,1,2,2676,1,99,2.857142857142857,2.0,1.6666666666666667
0,0,1,54,0,0,2242,5,1,3.142857142857143,3.0,4.333333333333333
1,0,1,47,1,2,3390,1,0,3.142857142857143,4.0,2.3333333333333335
0,0,1,58,0,2,323,3,11,2.857142857142857,2.3333333333333335,2.0
0,0,1,16,0,0,1145,4,0,2.4285714285714284,1.0,3.0
1,1,1,15,0,2,2659,2,0,3.7142857142857144,4.333333333333333,3.0
1,1,1,68,0,1,1111,3,0,4.142857142857143,4.333333333333333,4.333333333333333
0,0,1,36,0,0,1893,4,22,2.2857142857142856,2.0,3.6666666666666665
1,1,1,35,1,2,1969,1,0,3.0,2.0,3.0
1,0,1,55,1,2,1851,1,0,4.428571428571429,5.0,2.6666666666666665
1,1,1,23,0,0,1696,2,56,3.5714285714285716,3.0,3.0
0,0,0,59,1,0,1753,0,2,3.142857142857143,1.0,3.3333333333333335
1,1,1,53,1,2,1518,2,1,3.2857142857142856,4.333333333333333,3.6666666666666665
1,0,1,26,1,2,4001,5,0,4.142857142857143,4.0,4.333333333333333
0,1,1,80,1,2,3831,1,1,3.5714285714285716,3.6666666666666665,2.0
1,0,1,45,1,2,2799,4,7,3.2857142857142856,2.3333333333333335,3.0
1,1,1,39,1,2,234,2,2,3.857142857142857,2.6666666666666665,3.0
0,0,1,15,0,1,2730,3,0,3.0,2.0,2.0
1,1,1,54,1,2,1460,4,12,3.857142857142857,4.0,3.6666666666666665
0,1,0,17,1,0,2743,4,0,3.0,2.0,2.3333333333333335
0,1,0,29,1,0,2142,2,0,3.0,2.0,2.3333333333333335
1,0,1,42,1,2,2522,1,0,3.142857142857143,4.666666666666667,3.0
0,0,1,34,1,2,417,4,76,3.4285714285714284,2.6666666666666665,3.6666666666666665
1,0,1,58,1,2,3170,2,0,3.142857142857143,4.0,3.0
1,1,1,25,1,1,2898,4,0,3.0,3.0,3.3333333333333335
0,0,1,60,1,2,866,4,0,1.5714285714285714,2.3333333333333335,2.6666666666666665
1,0,1,76,1,2,2319,2,56,3.2857142857142856,4.333333333333333,3.0
0,0,1,35,0,0,2151,4,0,2.857142857142857,3.3333333333333335,4.0
1,0,1,39,1,2,2470,5,5,2.6,2.6666666666666665,3.0
0,0,1,19,0,1,3530,4,0,2.5714285714285716,2.0,4.666666666666667
1,1,1,38,0,1,2174,4,9,4.142857142857143,5.0,2.6666666666666665
1,0,1,26,1,2,4671,3,123,3.7142857142857144,3.0,2.6666666666666665
0,0,0,35,1,2,3110,3,0,4.0,5.0,3.6666666666666665
0,1,1,59,1,0,410,1,0,2.2857142857142856,2.3333333333333335,2.0
0,0,0,30,1,0,1357,2,21,2.2857142857142856,3.6666666666666665,3.3333333333333335
0,0,1,45,1,0,2923,4,15,2.7142857142857144,3.0,3.0
1,1,1,19,0,0,1660,2,0,3.142857142857143,4.333333333333333,3.0
1,0,1,46,1,2,1203,2,26,3.142857142857143,4.0,3.3333333333333335
0,1,0,36,1,1,1812,2,14,2.857142857142857,3.0,2.6666666666666665
0,0,1,24,0,0,2010,4,0,3.4285714285714284,4.0,3.3333333333333335
1,1,1,38,1,2,324,3,0,3.7142857142857144,3.6666666666666665,3.3333333333333335
1,0,1,48,1,2,1771,4,34,4.0,4.0,4.333333333333333
1,1,1,27,1,2,4461,3,38,3.857142857142857,5.0,3.0
0,0,1,34,1,1,1510,0,0,2.2,3.0,3.3333333333333335
1,1,1,56,1,2,582,4,0,4.428571428571429,4.333333333333333,4.333333333333333
1,1,1,55,0,0,224,3,0,2.2,3.3333333333333335,3.3333333333333335
0,0,1,35,0,0,2123,4,23,3.0,3.3333333333333335,3.0
0,0,1,40,1,2,1742,1,65,3.2857142857142856,3.3333333333333335,2.3333333333333335
1,1,1,68,0,0,552,4,44,3.857142857142857,4.0,4.0
1,1,1,46,1,2,3986,5,114,4.0,4.0,4.333333333333333
0,1,1,11,0,0,2524,5,5,3.857142857142857,2.0,4.0
0,1,0,22,1,0,2636,2,0,2.7142857142857144,2.0,3.0
0,0,0,39,1,0,2166,2,0,3.0,5.0,2.6666666666666665
1,1,1,61,1,0,981,5,0,3.857142857142857,3.0,3.3333333333333335
0,0,1,32,0,0,2268,1,5,3.0,4.0,3.0
1,1,1,57,1,2,3786,2,0,3.4285714285714284,4.0,3.6666666666666665
1,1,1,30,0,0,1426,1,80,3.142857142857143,3.6666666666666665,3.3333333333333335
0,0,0,15,0,0,2484,4,0,2.5714285714285716,5.0,3.3333333333333335
1,1,1,14,0,0,1733,2,0,3.142857142857143,4.0,2.3333333333333335
1,0,1,26,1,2,5554,5,0,4.0,5.0,3.0
0,1,1,40,0,0,2897,1,0,3.2857142857142856,2.0,3.0
0,0,1,49,0,0,1916,5,0,3.142857142857143,5.0,3.0
1,0,1,36,1,2,1884,5,11,3.142857142857143,3.0,4.333333333333333
1,1,1,51,1,2,3125,0,0,2.8,3.3333333333333335,2.6666666666666665
0,0,1,21,0,0,971,5,0,2.7142857142857144,1.0,3.6666666666666665
0,1,0,71,1,0,2406,3,68,2.5714285714285716,4.0,2.6666666666666665
1,1,1,21,0,2,2111,1,0,3.2857142857142856,4.0,2.6666666666666665
0,1,0,45,1,0,1801,4,0,2.4285714285714284,2.0,3.6666666666666665
1,0,1,50,1,2,676,3,4,4.0,4.0,4.333333333333333
0,0,1,17,0,1,1658,3,20,2.2857142857142856,4.0,3.6666666666666665
1,1,1,13,0,0,1063,5,111,3.5714285714285716,4.0,4.0
0,0,1,66,0,0,1907,2,0,3.142857142857143,3.6666666666666665,2.6666666666666665
0,0,0,30,1,0,2518,1,0,2.0,4.0,2.3333333333333335
0,1,0,23,1,1,2902,0,13,2.0,2.0,2.3333333333333335
1,1,1,46,1,2,2365,3,0,3.7142857142857144,4.333333333333333,4.0
1,1,1,35,1,2,3037,1,0,3.857142857142857,4.333333333333333,3.3333333333333335
1,1,1,62,0,0,83,1,0,3.2857142857142856,4.666666666666667,3.3333333333333335
1,0,1,47,1,2,2230,5,21,3.4,3.6666666666666665,4.0
0,1,1,69,0,0,703,4,72,4.0,3.6666666666666665,3.6666666666666665
1,1,1,53,1,2,317,4,0,4.142857142857143,5.0,4.333333333333333
0,1,0,23,1,0,2285,1,0,2.142857142857143,4.0,1.6666666666666667
1,1,1,45,1,0,1752,5,0,4.714285714285714,3.6666666666666665,4.333333333333333
1,1,1,29,0,0,3794,1,0,3.5714285714285716,3.3333333333333335,2.6666666666666665
0,0,1,46,0,0,2298,5,0,3.4285714285714284,1.0,3.6666666666666665
1,0,1,36,1,2,885,2,0,4.142857142857143,4.666666666666667,3.6666666666666665
0,0,0,22,1,0,2649,1,0,1.7142857142857142,4.0,3.3333333333333335
0,0,1,54,1,0,3457,4,3,2.5714285714285716,2.0,3.3333333333333335
0,0,1,61,0,0,1988,4,0,3.142857142857143,3.0,4.333333333333333
1,0,1,54,1,2,3274,4,275,4.142857142857143,4.666666666666667,4.666666666666667
0,1,0,16,1,0,3472,1,4,2.7142857142857144,4.0,3.0
0,1,1,66,0,1,2109,5,210,3.4285714285714284,2.3333333333333335,3.0
1,0,1,48,1,1,1811,3,0,3.142857142857143,3.0,1.6666666666666667
1,1,1,33,1,2,745,2,0,3.4285714285714284,2.6666666666666665,3.6666666666666665
1,1,1,30,0,0,2668,5,0,3.7142857142857144,1.0,4.333333333333333
0,1,1,35,1,2,3964,4,0,2.142857142857143,2.0,3.0
0,0,1,70,0,2,219,4,7,4.142857142857143,4.666666666666667,3.3333333333333335
1,1,1,43,1,2,1005,2,99,3.5714285714285716,4.0,3.6666666666666665
1,1,1,26,1,2,3856,2,10,3.5714285714285716,4.0,2.6666666666666665
0,1,0,18,1,0,2567,2,0,3.142857142857143,2.0,3.0
1,1,1,36,1,0,1344,4,33,3.857142857142857,4.0,3.0
0,0,1,42,1,2,383,1,15,1.8571428571428572,2.3333333333333335,1.6666666666666667
0,0,1,49,0,1,2644,5,2,3.857142857142857,4.0,3.6666666666666665
1,0,0,28,1,2,2514,4,47,3.7142857142857144,2.0,4.0
1,0,1,41,1,0,2366,4,79,3.4285714285714284,5.0,4.0
1,1,1,59,0,0,543,4,0,3.5714285714285716,3.0,1.6666666666666667
1,0,1,45,1,2,2248,5,12,4.571428571428571,4.0,5.0
0,0,1,62,1,0,2133,0,0,3.0,4.0,2.3333333333333335
1,1,1,58,0,0,542,1,0,3.0,4.0,3.3333333333333335
0,0,1,60,0,0,1992,1,0,3.2857142857142856,4.0,3.0
0,0,1,12,0,0,2205,5,0,2.5714285714285716,3.3333333333333335,3.3333333333333335
1,1,1,8,0,0,1869,5,3,4.142857142857143,3.6666666666666665,4.333333333333333
1,1,1,31,1,2,2508,1,2,2.857142857142857,4.0,3.0
0,0,1,15,0,0,3392,4,194,3.5714285714285716,4.333333333333333,4.0
0,0,1,46,0,0,2546,3,5,2.4285714285714284,2.0,3.0
0,1,0,25,1,2,2049,4,0,4.142857142857143,5.0,4.0
0,1,1,45,1,2,3236,4,186,2.7142857142857144,2.6666666666666665,3.0
1,1,1,15,0,0,1256,5,0,4.571428571428571,3.0,2.6666666666666665
0,1,1,19,0,0,2406,5,0,3.0,2.0,4.0
1,1,1,49,1,2,1637,2,0,3.5714285714285716,4.0,3.3333333333333335
1,0,1,60,1,2,3996,4,0,4.714285714285714,4.333333333333333,4.0
0,1,1,66,0,0,238,4,15,4.0,3.6666666666666665,3.3333333333333335
1,1,1,25,1,2,5271,5,0,4.428571428571429,5.0,5.0
1,1,1,50,1,2,3468,4,16,4.714285714285714,4.333333333333333,4.0
0,1,1,40,1,0,2243,3,0,2.7142857142857144,3.0,2.3333333333333335
0,0,0,23,1,0,1843,5,0,2.7142857142857144,2.0,4.0
1,0,1,44,1,0,1660,3,0,3.5714285714285716,5.0,2.3333333333333335
1,1,1,65,0,0,200,1,0,3.2857142857142856,4.333333333333333,3.0
0,0,1,14,0,0,1465,4,28,2.4285714285714284,4.0,4.0
0,1,0,44,1,0,1641,4,57,2.4285714285714284,5.0,3.0
1,0,1,51,1,2,1080,3,0,3.0,3.6666666666666665,3.0
0,0,1,50,0,0,1373,4,9,3.142857142857143,3.0,4.0
1,0,1,43,1,2,2902,4,0,4.285714285714286,3.6666666666666665,4.0
1,1,1,52,1,2,2494,1,0,3.857142857142857,5.0,3.3333333333333335
0,1,1,50,1,0,389,3,0,1.5714285714285714,3.0,1.6666666666666667
1,1,1,56,1,0,1229,4,0,4.0,3.3333333333333335,3.3333333333333335
1,0,1,56,1,2,412,3,2,3.857142857142857,4.0,3.6666666666666665
1,1,1,57,1,2,2047,3,0,3.5714285714285716,3.6666666666666665,3.3333333333333335
1,1,1,42,1,2,1614,4,0,2.857142857142857,3.3333333333333335,3.3333333333333335
1,0,1,47,1,2,3823,2,16,4.142857142857143,5.0,3.3333333333333335
1,1,1,57,1,0,890,3,0,2.2857142857142856,3.0,3.3333333333333335
0,0,1,38,1,0,1647,2,5,2.4285714285714284,2.0,3.3333333333333335
1,1,1,55,0,0,1177,1,0,2.7142857142857144,4.333333333333333,2.3333333333333335
0,0,1,11,0,0,2643,2,0,2.7142857142857144,3.0,2.3333333333333335
0,0,1,60,1,0,2371,3,0,2.5714285714285716,2.0,2.6666666666666665
0,1,0,9,1,0,2018,3,1,2.2857142857142856,1.0,3.6666666666666665
0,1,1,51,1,2,1815,5,0,2.5714285714285716,2.0,3.0
1,1,1,57,0,0,1580,5,51,3.2857142857142856,3.6666666666666665,2.3333333333333335
0,1,0,26,1,0,2701,1,173,2.4285714285714284,4.666666666666667,3.6666666666666665
1,1,1,46,1,0,478,2,0,3.7142857142857144,4.666666666666667,2.6666666666666665
1,1,1,62,1,2,2124,1,0,3.4285714285714284,4.333333333333333,3.6666666666666665
0,0,1,34,0,0,2005,1,0,3.4285714285714284,3.0,2.6666666666666665
0,1,1,24,1,0,3396,4,15,3.142857142857143,2.6666666666666665,4.0
1,1,1,52,1,1,205,5,0,3.857142857142857,4.0,4.0
1,1,1,57,1,2,686,4,0,4.285714285714286,4.0,4.666666666666667
0,0,0,37,1,0,1462,3,0,3.2857142857142856,5.0,2.0
0,0,1,60,0,0,2427,5,0,2.4285714285714284,2.0,2.6666666666666665
1,0,1,35,1,0,1261,2,8,3.7142857142857144,3.0,3.6666666666666665
0,0,0,26,1,0,2150,3,54,2.7142857142857144,2.0,3.0
1,0,1,52,1,2,3261,5,0,4.285714285714286,3.6666666666666665,4.666666666666667
1,0,1,53,1,0,1998,5,7,3.857142857142857,5.0,4.0
1,1,1,28,0,0,3870,1,0,3.5714285714285716,3.6666666666666665,3.0
1,1,1,53,0,0,1793,2,0,4.0,5.0,3.3333333333333335
0,1,1,38,0,0,1586,5,0,2.857142857142857,2.3333333333333335,4.333333333333333
1,0,1,41,1,2,2180,1,1,2.5714285714285716,3.6666666666666665,2.6666666666666665
1,1,1,43,1,0,2254,3,167,3.5714285714285716,3.6666666666666665,3.6666666666666665
1,1,1,51,1,2,3044,3,0,3.857142857142857,3.6666666666666665,3.0
0,1,1,61,1,0,276,2,0,3.5714285714285716,3.6666666666666665,2.3333333333333335
1,0,1,40,1,2,3529,3,8,3.0,3.3333333333333335,4.0
0,1,0,33,1,2,1865,3,10,3.7142857142857144,3.0,4.666666666666667
0,0,0,28,1,0,2551,4,209,2.4285714285714284,3.0,2.6666666666666665
1,0,1,58,1,2,457,3,17,3.5714285714285716,4.333333333333333,3.6666666666666665
1,1,1,64,0,0,1664,5,0,3.25,3.0,2.6666666666666665
0,1,0,37,1,2,1530,1,0,2.142857142857143,1.0,3.0
1,1,1,64,0,1,721,5,0,3.8,4.333333333333333,4.0
0,1,1,12,0,0,1741,4,197,3.6,3.3333333333333335,2.6666666666666665
1,0,1,48,1,2,3615,1,130,2.7142857142857144,4.333333333333333,2.3333333333333335
0,1,0,18,1,0,1975,2,0,3.0,4.0,4.333333333333333
0,0,0,39,1,2,2477,1,0,2.857142857142857,5.0,3.3333333333333335
1,1,1,44,1,2,1628,4,0,4.142857142857143,4.333333333333333,4.0
0,0,0,15,1,0,2460,2,0,2.7142857142857144,5.0,2.6666666666666665
0,0,1,32,1,2,3741,1,4,3.0,2.0,2.0
0,0,1,40,0,0,2318,5,0,3.7142857142857144,4.333333333333333,1.3333333333333333
0,0,0,27,1,0,2148,4,0,3.0,2.0,3.3333333333333335
1,0,1,55,1,0,2073,5,0,3.2857142857142856,5.0,4.666666666666667
1,1,1,56,0,0,1394,2,18,2.5714285714285716,5.0,1.3333333333333333
1,0,1,62,1,2,234,1,0,3.0,4.0,3.0
0,0,1,52,1,2,3872,1,0,3.4285714285714284,3.0,2.0
1,1,1,30,1,1,1837,0,0,3.0,2.0,4.0
1,1,1,17,0,0,1520,4,0,4.285714285714286,4.333333333333333,4.0
0,0,1,44,0,0,1884,5,0,3.2857142857142856,1.0,4.0
0,0,1,10,0,1,1660,5,0,3.2857142857142856,5.0,3.3333333333333335
1,1,1,36,0,0,1643,4,0,3.7142857142857144,5.0,3.0
0,1,1,51,0,1,740,1,0,3.857142857142857,4.0,3.6666666666666665
0,0,1,10,0,0,2850,5,9,3.2857142857142856,3.6666666666666665,3.3333333333333335
1,0,1,21,1,2,5020,5,0,4.571428571428571,5.0,3.3333333333333335
0,1,0,25,1,0,2772,3,0,3.142857142857143,4.0,4.0
0,1,0,18,1,0,1405,0,0,3.2857142857142856,5.0,3.6666666666666665
1,1,1,63,1,2,3807,1,15,3.5714285714285716,4.0,3.0
0,0,0,71,1,2,2886,3,18,2.7142857142857144,1.0,3.6666666666666665
0,0,1,49,1,0,1378,4,0,3.2857142857142856,2.0,2.6666666666666665
0,1,1,38,1,0,1738,1,65,2.7142857142857144,2.0,1.6666666666666667
1,0,1,58,1,0,1280,3,0,3.7142857142857144,4.0,3.0
0,1,0,17,1,0,2815,3,0,2.4285714285714284,4.0,3.0
0,0,1,59,0,0,2708,5,1,3.2857142857142856,3.0,4.0
1,0,1,20,1,0,1914,3,0,3.7142857142857144,5.0,3.3333333333333335
1,1,1,63,0,0,365,4,85,3.857142857142857,4.666666666666667,4.333333333333333
1,1,1,37,1,2,2279,3,0,3.5714285714285716,4.666666666666667,4.333333333333333
0,0,0,42,1,2,1193,3,60,2.5714285714285716,4.0,2.6666666666666665
1,1,1,56,0,0,433,3,98,3.25,5.0,3.0
1,1,1,46,1,2,2455,4,0,3.2857142857142856,4.0,3.6666666666666665
1,0,1,48,1,0,2995,5,50,3.142857142857143,2.0,5.0
0,1,1,49,1,2,631,4,0,2.857142857142857,2.3333333333333335,3.0
0,1,1,63,1,1,761,3,13,1.7142857142857142,1.6666666666666667,2.0
1,0,1,48,1,2,2505,5,15,4.428571428571429,4.0,5.0
0,0,1,41,1,2,332,1,6,2.2857142857142856,2.6666666666666665,1.3333333333333333
0,1,1,31,1,2,1733,5,0,4.142857142857143,4.0,3.6666666666666665
1,0,1,60,1,2,3272,1,7,3.7142857142857144,4.666666666666667,3.0
1,1,1,56,0,0,256,1,82,4.142857142857143,4.333333333333333,3.6666666666666665
1,0,1,56,1,2,2314,1,0,3.0,4.0,3.3333333333333335
0,1,1,40,1,2,1675,2,0,2.4285714285714284,2.6666666666666665,2.3333333333333335
0,0,1,22,1,1,1845,5,0,2.857142857142857,3.3333333333333335,3.3333333333333335
1,1,1,21,0,0,2182,4,0,4.428571428571429,4.333333333333333,4.0
1,0,1,52,1,2,3647,2,0,3.142857142857143,2.6666666666666665,3.6666666666666665
1,0,1,49,0,0,2630,1,42,3.7142857142857144,2.0,1.3333333333333333
1,1,1,41,1,0,2478,1,0,2.857142857142857,3.0,2.3333333333333335
1,0,1,57,1,0,1190,2,0,2.857142857142857,4.0,2.6666666666666665
0,1,1,29,1,2,4644,1,18,2.0,2.0,2.3333333333333335
0,1,0,23,1,2,1664,1,0,2.4285714285714284,2.0,3.6666666666666665
1,1,1,34,1,2,3908,0,0,4.6,4.666666666666667,4.0
0,1,1,38,1,2,239,5,0,2.5714285714285716,3.3333333333333335,2.6666666666666665
1,0,1,52,1,2,2020,3,129,4.142857142857143,4.666666666666667,4.0
1,0,1,36,1,2,2266,4,0,4.428571428571429,4.333333333333333,4.333333333333333
0,0,1,34,1,1,1961,2,16,3.857142857142857,4.0,3.3333333333333335
0,0,1,38,1,1,2854,4,85,2.857142857142857,3.0,3.0
0,1,1,69,0,0,643,5,44,3.4285714285714284,4.0,2.3333333333333335
0,1,0,35,0,0,2533,3,0,2.2857142857142856,4.666666666666667,2.3333333333333335
1,1,1,52,1,2,1639,2,0,4.142857142857143,4.666666666666667,4.0
0,0,1,38,1,2,964,3,0,3.4285714285714284,3.3333333333333335,2.6666666666666665
0,1,0,28,1,0,1959,3,0,2.7142857142857144,3.0,3.3333333333333335
1,0,1,45,1,2,433,3,0,3.5714285714285716,4.333333333333333,4.0
0,0,0,23,1,0,1859,0,0,3.2857142857142856,5.0,4.0
0,1,1,57,1,0,483,5,9,2.142857142857143,2.3333333333333335,2.3333333333333335
1,1,1,45,0,0,1258,5,0,3.0,3.6666666666666665,2.6666666666666665
0,1,0,26,1,0,1794,0,1,3.142857142857143,3.0,3.3333333333333335
1,1,1,50,0,0,3999,5,113,4.142857142857143,4.666666666666667,4.0
0,1,0,54,1,0,2021,1,1,3.2857142857142856,5.0,2.6666666666666665
0,1,1,37,1,1,1482,5,6,2.857142857142857,2.0,3.3333333333333335
0,0,0,24,1,0,1739,0,0,4.142857142857143,4.0,3.0
1,0,1,45,1,2,3104,2,0,3.857142857142857,4.333333333333333,3.3333333333333335
1,1,1,18,0,0,1646,4,56,3.2857142857142856,5.0,3.3333333333333335
0,1,1,46,1,0,921,4,0,3.0,2.3333333333333335,3.3333333333333335
0,1,1,68,1,0,423,4,1,3.142857142857143,2.3333333333333335,2.6666666666666665
1,0,1,49,1,2,794,2,24,3.5714285714285716,4.666666666666667,3.6666666666666665
0,0,1,31,0,0,2146,5,0,2.7142857142857144,1.0,4.666666666666667
0,1,1,37,1,2,253,2,14,2.5714285714285716,2.6666666666666665,2.6666666666666665
1,0,1,59,1,0,1592,5,124,4.0,4.0,4.333333333333333
0,0,1,32,1,0,1366,3,23,2.5714285714285716,2.0,2.3333333333333335
0,0,0,22,1,0,1538,4,0,2.7142857142857144,4.0,3.0
0,1,1,44,1,0,531,1,59,2.2857142857142856,2.3333333333333335,2.3333333333333335
1,0,1,48,1,2,424,4,3,4.571428571428571,4.333333333333333,4.666666666666667
0,1,0,37,1,0,1884,0,58,3.0,4.0,2.3333333333333335
0,0,0,34,1,2,2002,1,0,2.857142857142857,4.333333333333333,3.6666666666666665
1,1,1,47,0,0,250,1,0,3.4285714285714284,3.6666666666666665,2.6666666666666665
0,0,1,25,0,0,1895,2,0,2.2857142857142856,3.0,3.0
1,0,1,51,1,2,1747,2,14,3.857142857142857,4.666666666666667,4.0
1,1,1,56,1,2,453,5,3,4.142857142857143,4.0,3.6666666666666665
1,1,1,61,0,0,407,1,0,2.1666666666666665,3.0,2.6666666666666665
0,1,0,23,1,0,2123,3,0,2.7142857142857144,1.0,3.3333333333333335
0,0,1,9,0,0,2009,4,0,4.0,5.0,3.3333333333333335
1,0,1,50,1,2,2281,5,23,4.142857142857143,4.333333333333333,4.666666666666667
1,0,1,50,0,0,1395,5,10,4.571428571428571,4.0,3.6666666666666665
1,1,1,43,0,0,303,1,0,4.428571428571429,4.333333333333333,4.0
0,0,1,58,0,0,1934,5,31,3.2857142857142856,1.0,4.333333333333333
0,0,1,48,0,0,714,3,0,2.2857142857142856,4.0,2.6666666666666665
0,0,0,24,1,0,1980,0,0,4.285714285714286,4.0,4.0
0,1,1,72,1,1,622,4,0,3.142857142857143,3.0,3.0
0,1,0,42,1,0,1490,5,10,3.0,3.0,3.6666666666666665
1,1,1,34,1,1,2369,5,8,3.4285714285714284,3.0,4.333333333333333
1,0,1,37,1,2,742,4,0,4.285714285714286,3.6666666666666665,4.333333333333333
0,0,0,24,1,0,1716,2,0,2.4285714285714284,2.0,3.3333333333333335
0,0,1,53,0,0,2239,1,0,2.2857142857142856,1.0,2.0
0,1,0,39,1,2,1856,1,0,1.4285714285714286,1.0,2.3333333333333335
1,0,1,46,1,2,1758,1,4,3.142857142857143,4.666666666666667,2.6666666666666665
0,1,0,20,1,0,2505,4,0,3.857142857142857,5.0,3.3333333333333335
0,1,0,65,1,0,2237,3,60,3.0,2.0,2.6666666666666665
1,1,1,39,0,1,1824,2,0,3.142857142857143,3.0,3.3333333333333335
1,1,1,18,0,1,1516,1,0,3.857142857142857,5.0,3.6666666666666665
0,0,1,57,0,0,1909,4,0,2.2857142857142856,2.0,3.0
0,0,0,40,1,0,1081,4,0,3.2857142857142856,4.0,2.6666666666666665
1,1,1,29,0,0,1459,4,0,4.571428571428571,4.0,4.333333333333333
1,0,1,62,1,0,1639,5,19,3.857142857142857,5.0,4.333333333333333
0,1,0,38,1,0,2385,4,0,2.4285714285714284,5.0,3.0
1,1,1,49,1,2,636,2,81,3.5714285714285716,4.333333333333333,3.6666666666666665
1,1,1,12,0,2,1925,1,0,2.142857142857143,3.3333333333333335,2.6666666666666665
1,0,1,48,0,0,2004,4,0,4.0,4.0,3.6666666666666665
1,0,1,60,1,2,442,3,29,4.428571428571429,4.333333333333333,4.0
0,1,0,13,0,0,2921,3,39,4.142857142857143,5.0,2.3333333333333335
1,1,0,23,1,2,2553,0,4,4.5,4.0,4.0
0,0,1,30,0,0,1381,2,0,2.2857142857142856,2.3333333333333335,3.6666666666666665
1,0,1,41,1,1,2625,3,0,3.5714285714285716,5.0,3.0
1,1,1,40,1,2,528,4,30,4.285714285714286,4.333333333333333,4.333333333333333
0,1,0,26,1,0,1475,4,0,2.5714285714285716,4.0,2.6666666666666665
1,1,1,42,1,2,101,5,0,2.2,4.0,2.6666666666666665
1,1,1,42,0,0,1736,2,0,3.4285714285714284,4.666666666666667,3.0
1,1,1,27,0,0,2125,5,76,3.5714285714285716,4.0,4.333333333333333
1,1,1,51,1,2,78,1,0,3.0,4.0,3.6666666666666665
0,1,1,39,1,2,1946,4,0,2.857142857142857,3.0,3.0
0,0,1,30,1,2,2573,1,14,2.7142857142857144,2.0,2.0
0,1,0,39,1,2,1476,2,0,2.4285714285714284,2.0,3.0
1,0,1,25,1,2,1640,4,0,4.0,5.0,4.333333333333333
1,1,1,21,0,0,1767,5,0,4.571428571428571,4.666666666666667,5.0
1,0,0,21,1,0,2436,4,0,4.142857142857143,5.0,4.0
1,0,1,46,1,2,379,3,18,4.142857142857143,5.0,3.6666666666666665
0,1,0,22,1,2,2671,1,30,1.8571428571428572,2.0,2.6666666666666665
0,0,1,9,1,2,1764,1,0,2.857142857142857,4.0,2.3333333333333335
1,1,1,39,1,0,1246,2,0,3.142857142857143,4.0,2.6666666666666665
0,0,0,24,1,0,2131,4,0,3.7142857142857144,2.0,4.0
1,0,1,40,1,0,1538,3,0,4.142857142857143,4.0,3.0
0,1,1,58,1,1,259,1,0,3.2857142857142856,3.6666666666666665,2.3333333333333335
0,0,1,36,0,0,1308,5,0,1.4285714285714286,1.0,3.6666666666666665
0,1,0,45,1,2,1981,3,117,3.857142857142857,4.0,4.333333333333333
0,1,1,27,1,2,4413,4,38,2.5714285714285716,2.0,2.6666666666666665
1,0,1,45,1,2,1186,2,65,3.857142857142857,4.333333333333333,3.3333333333333335
1,1,1,50,1,2,2631,2,0,3.857142857142857,4.333333333333333,3.6666666666666665
1,1,1,48,1,0,209,2,1,3.2857142857142856,3.3333333333333335,3.6666666666666665
1,1,1,53,1,2,3778,3,5,3.857142857142857,4.333333333333333,4.0
0,0,1,23,1,2,4134,3,0,2.7142857142857144,2.0,3.0
0,0,0,20,1,0,1729,1,4,3.142857142857143,4.0,3.0
1,1,1,51,0,2,341,1,0,3.5714285714285716,4.333333333333333,3.0
0,1,1,9,1,0,2489,3,6,3.5714285714285716,3.6666666666666665,2.6666666666666665
1,1,1,61,0,0,291,2,0,2.0,2.3333333333333335,2.0
0,0,1,67,0,0,1842,5,10,3.5714285714285716,4.0,4.0
1,1,1,27,0,1,1684,3,0,3.4285714285714284,3.0,3.6666666666666665
0,0,1,52,0,2,1355,4,0,4.142857142857143,4.666666666666667,3.6666666666666665
1,1,1,9,0,0,2214,4,0,3.5,4.0,4.0
0,1,0,64,1,1,2163,3,0,2.5714285714285716,2.3333333333333335,2.3333333333333335
1,0,1,50,1,2,3319,3,0,3.857142857142857,4.0,3.6666666666666665
0,0,1,36,1,0,1669,3,0,2.4285714285714284,2.0,3.3333333333333335
1,0,0,21,1,2,1499,5,22,4.0,5.0,4.0
0,0,1,26,1,2,4163,0,0,2.6,2.6666666666666665,2.3333333333333335
0,0,1,21,0,2,1615,5,0,3.0,3.3333333333333335,2.6666666666666665
0,1,1,40,1,2,510,4,0,2.142857142857143,1.6666666666666667,2.0
0,0,1,8,0,0,2130,3,0,3.5714285714285716,3.0,2.0
0,0,1,53,1,2,496,5,0,4.0,4.0,4.0
1,0,1,39,1,2,1708,2,0,4.0,4.666666666666667,3.6666666666666665
1,1,1,30,0,0,1703,1,48,3.5714285714285716,4.666666666666667,3.0
1,0,1,26,1,2,2194,2,0,3.0,3.0,3.6666666666666665
1,1,1,21,0,0,3079,4,0,3.857142857142857,4.0,4.333333333333333
0,1,0,35,1,0,2490,3,0,2.857142857142857,4.0,2.0
0,0,1,67,0,0,2728,5,0,3.5714285714285716,2.6666666666666665,2.6666666666666665
1,1,1,66,0,0,244,4,0,4.428571428571429,4.666666666666667,4.333333333333333
1,0,1,28,1,2,2720,4,0,3.4285714285714284,4.0,3.3333333333333335
0,0,1,42,1,2,710,3,0,3.0,2.3333333333333335,3.3333333333333335
0,1,0,39,1,2,2997,4,24,3.5714285714285716,3.0,2.6666666666666665
0,1,0,27,1,0,2166,2,10,3.0,3.0,2.6666666666666665
1,0,0,23,1,2,2396,0,0,4.285714285714286,2.3333333333333335,3.3333333333333335
1,1,1,29,1,1,1835,2,0,4.285714285714286,5.0,2.6666666666666665
0,1,0,44,1,0,2227,2,0,1.8571428571428572,1.3333333333333333,3.0
1,1,1,43,1,0,452,5,1,4.428571428571429,4.0,3.6666666666666665
1,1,1,58,0,0,1104,4,33,4.428571428571429,4.666666666666667,4.666666666666667
1,1,1,27,0,0,2197,5,16,4.714285714285714,3.6666666666666665,4.0
1,1,1,47,0,0,322,2,0,3.5714285714285716,4.333333333333333,3.3333333333333335
1,1,1,42,1,2,2066,3,0,4.0,4.0,4.0
0,1,1,54,1,2,2403,5,20,2.857142857142857,2.0,4.0
1,0,1,48,1,2,781,1,0,3.857142857142857,4.666666666666667,3.0
1,1,1,26,0,1,2587,3,0,4.285714285714286,3.3333333333333335,3.0
0,0,1,33,1,0,1757,4,9,3.5714285714285716,4.0,2.6666666666666665
1,0,1,48,1,2,679,2,0,3.5714285714285716,3.6666666666666665,3.0
1,1,1,50,0,0,354,4,0,4.142857142857143,3.3333333333333335,3.3333333333333335
1,1,1,39,1,2,2217,4,33,4.714285714285714,4.333333333333333,4.333333333333333
1,1,1,50,1,2,581,5,0,3.142857142857143,2.3333333333333335,4.0
0,1,0,25,1,0,1578,0,50,2.6,3.0,3.0
0,0,0,22,1,2,2022,1,26,2.2857142857142856,5.0,2.3333333333333335
0,1,0,29,1,0,2490,3,0,2.7142857142857144,4.0,2.6666666666666665
1,1,1,32,1,2,1690,1,3,3.7142857142857144,5.0,2.6666666666666665
0,1,0,25,1,2,2039,0,34,3.142857142857143,1.0,2.6666666666666665
0,0,1,23,0,0,2195,4,26,3.142857142857143,2.0,3.3333333333333335
1,1,1,20,0,0,2501,3,0,3.5714285714285716,4.0,4.333333333333333
0,1,1,59,1,2,1558,1,51,4.0,4.333333333333333,3.0
0,1,1,28,1,2,1896,3,52,1.8571428571428572,1.0,2.6666666666666665
0,0,0,37,1,2,1494,3,0,2.5714285714285716,2.3333333333333335,2.0
0,0,1,59,0,0,2383,3,0,3.7142857142857144,4.0,4.333333333333333
0,1,1,65,0,1,1723,5,102,3.857142857142857,4.333333333333333,3.6666666666666665
1,1,1,21,1,2,2529,3,17,3.4285714285714284,4.0,3.6666666666666665
0,0,1,65,0,0,1812,3,0,2.2857142857142856,3.0,1.6666666666666667
0,1,0,37,1,0,1650,0,0,2.5714285714285716,1.0,3.0
1,0,1,38,1,2,79,3,0,3.5714285714285716,4.666666666666667,4.0
1,1,1,42,1,2,1476,4,0,3.857142857142857,4.666666666666667,3.3333333333333335
0,0,0,25,1,2,2184,0,20,2.7142857142857144,4.0,4.0
1,0,0,38,1,2,2269,4,19,3.2857142857142856,2.0,3.6666666666666665
0,1,0,36,1,2,1350,1,12,3.0,4.0,4.333333333333333
1,1,1,53,0,0,589,5,0,4.428571428571429,4.0,4.0
1,1,1,46,0,0,1413,5,13,3.857142857142857,2.0,4.666666666666667
0,1,1,38,1,2,3348,3,0,2.2857142857142856,1.6666666666666667,2.0
0,1,1,52,1,2,3012,5,12,3.142857142857143,3.0,3.6666666666666665
1,1,1,50,1,1,78,1,0,3.7142857142857144,2.3333333333333335,3.3333333333333335
0,0,1,9,0,0,2137,5,0,2.857142857142857,1.3333333333333333,2.0
1,0,1,46,1,2,1998,4,5,3.4285714285714284,4.0,4.0
0,0,1,34,1,0,889,1,0,2.5714285714285716,3.0,2.3333333333333335
0,1,1,37,1,2,2354,5,0,3.4285714285714284,3.0,3.3333333333333335
1,1,1,56,1,0,223,1,0,3.4285714285714284,2.3333333333333335,3.0
0,0,0,28,1,0,2122,1,0,2.4285714285714284,5.0,1.6666666666666667
1,0,1,48,1,2,3058,5,0,4.142857142857143,3.6666666666666665,4.333333333333333
1,1,1,43,0,0,2139,4,0,3.7142857142857144,3.6666666666666665,3.3333333333333335
0,0,1,37,1,2,709,4,0,2.7142857142857144,3.0,3.3333333333333335
1,0,0,22,1,0,1945,0,0,4.0,2.0,5.0
0,0,1,32,1,2,3069,1,69,2.4285714285714284,2.0,1.6666666666666667
1,1,1,22,1,2,2338,5,0,4.0,5.0,4.0
1,1,1,58,1,2,2539,3,0,3.5714285714285716,4.0,3.3333333333333335
0,0,1,29,0,0,3010,4,0,3.0,1.0,3.6666666666666665
0,0,1,31,0,0,2166,4,0,3.2857142857142856,2.0,4.333333333333333
0,0,1,49,1,2,59,3,0,1.5714285714285714,2.0,3.0
0,0,0,23,1,0,2565,2,2,2.2857142857142856,4.0,3.6666666666666665
1,0,1,46,1,2,2914,2,7,4.142857142857143,4.666666666666667,4.0
1,1,1,29,0,0,2020,5,25,4.0,4.0,3.3333333333333335
0,1,0,25,1,0,2314,1,46,2.5714285714285716,1.0,2.6666666666666665
0,0,1,50,0,2,61,2,0,2.8,2.6666666666666665,4.0
1,1,1,35,1,2,2451,4,0,3.2857142857142856,2.6666666666666665,3.6666666666666665
1,1,1,50,1,2,2663,4,3,3.4285714285714284,4.333333333333333,3.6666666666666665
0,0,0,38,1,0,3582,2,19,2.5714285714285716,2.0,3.3333333333333335
1,1,1,56,0,0,97,1,0,3.7142857142857144,4.666666666666667,3.0
1,1,1,77,1,2,2187,4,1,4.142857142857143,5.0,4.0
1,1,0,30,1,2,2252,4,9,4.428571428571429,4.0,3.6666666666666665
0,1,1,56,1,2,2393,3,0,2.5714285714285716,2.0,2.3333333333333335
1,1,1,51,1,2,3859,4,0,4.857142857142857,4.0,3.3333333333333335
0,1,0,28,1,0,2697,1,0,2.142857142857143,1.0,2.3333333333333335
1,1,1,59,0,2,261,2,5,3.7142857142857144,4.666666666666667,3.3333333333333335
0,0,1,38,0,0,1939,5,0,2.8,1.0,4.333333333333333
1,0,1,30,0,0,1986,1,6,2.857142857142857,2.0,2.6666666666666665
1,1,1,13,0,0,1884,5,0,3.7142857142857144,4.0,5.0
0,1,0,40,1,2,2037,2,5,2.7142857142857144,1.0,2.0
0,0,0,19,1,0,1173,3,30,4.0,5.0,2.6666666666666665
1,0,1,37,1,2,1989,5,0,4.571428571428571,4.666666666666667,5.0
0,0,1,8,0,0,2806,4,0,4.0,4.0,2.3333333333333335
1,0,0,16,1,0,1362,3,0,3.2857142857142856,1.0,2.3333333333333335
1,0,1,49,1,2,3341,2,0,3.857142857142857,4.0,3.3333333333333335
1,0,1,47,1,2,298,5,35,4.142857142857143,4.333333333333333,4.0
1,1,1,29,1,1,1753,3,0,3.857142857142857,4.0,2.3333333333333335
0,0,1,14,0,0,1841,4,0,2.5714285714285716,1.0,3.3333333333333335
1,0,1,35,1,2,1793,2,0,3.2857142857142856,4.333333333333333,3.6666666666666665
1,1,1,43,1,2,3411,4,0,4.285714285714286,4.666666666666667,4.0
0,0,0,26,1,2,1707,5,45,3.5714285714285716,4.0,4.666666666666667
0,0,1,43,0,0,2170,5,0,2.142857142857143,1.0,4.0
1,0,1,50,1,2,3623,1,25,3.2857142857142856,4.333333333333333,3.3333333333333335
1,0,1,39,1,2,974,5,0,4.0,4.666666666666667,4.333333333333333
0,0,1,37,0,0,2079,4,0,3.7142857142857144,3.0,4.0
1,1,1,37,1,0,1368,3,17,3.4285714285714284,5.0,3.0
0,1,1,31,1,2,3576,1,3,2.2857142857142856,3.0,2.6666666666666665
0,0,1,28,0,0,1717,1,0,2.4285714285714284,4.0,2.3333333333333335
1,1,1,50,1,2,3482,4,0,4.0,4.333333333333333,4.666666666666667
1,0,1,39,1,0,1533,3,0,3.142857142857143,4.0,3.6666666666666665
0,1,0,27,1,0,1445,4,17,2.2857142857142856,3.0,2.6666666666666665
1,1,1,35,1,2,321,0,0,2.2,1.6666666666666667,2.3333333333333335
0,0,1,44,1,0,1606,1,0,3.0,4.0,2.3333333333333335
1,1,1,41,0,0,2226,4,11,3.5714285714285716,4.333333333333333,3.0
1,1,1,26,0,0,2059,3,8,4.285714285714286,5.0,3.3333333333333335
0,0,1,62,0,1,1409,0,72,3.7142857142857144,5.0,3.6666666666666665
0,0,1,43,1,0,2972,5,20,3.4285714285714284,2.0,3.0
1,0,1,38,1,2,3916,5,0,3.857142857142857,4.0,4.333333333333333
0,0,1,70,0,0,1983,4,0,3.4285714285714284,5.0,4.0
1,0,1,19,1,2,4753,3,19,3.142857142857143,2.0,3.6666666666666665
1,0,1,53,1,2,2059,3,15,4.142857142857143,4.333333333333333,4.0
1,0,1,22,1,2,2035,4,15,3.857142857142857,4.0,4.666666666666667
0,1,1,54,1,2,654,4,0,2.2857142857142856,1.6666666666666667,2.3333333333333335
1,1,1,29,1,0,1723,1,1,2.7142857142857144,4.0,2.3333333333333335
1,1,1,55,1,2,1513,4,0,3.142857142857143,3.6666666666666665,3.0
0,0,1,21,1,1,1238,4,0,2.7142857142857144,2.3333333333333335,3.6666666666666665
0,1,1,31,1,2,3479,4,185,1.8571428571428572,2.6666666666666665,3.3333333333333335
0,0,0,38,1,2,2184,1,0,2.2857142857142856,1.0,3.3333333333333335
0,0,1,53,0,0,2398,4,11,3.142857142857143,2.3333333333333335,3.6666666666666665
1,0,1,58,1,0,2304,3,0,2.7142857142857144,3.0,3.0
0,0,1,65,0,0,3439,1,0,2.7142857142857144,4.333333333333333,4.0
1,0,1,44,1,2,2399,0,0,4.6,5.0,4.333333333333333
0,0,1,33,0,0,1366,5,0,2.857142857142857,2.0,3.6666666666666665
0,0,1,56,0,0,2133,1,3,2.2857142857142856,4.0,2.0
1,1,0,20,1,2,1492,0,21,4.285714285714286,2.6666666666666665,3.6666666666666665
1,1,1,45,1,2,2838,3,0,4.142857142857143,4.333333333333333,4.0
0,0,1,41,0,2,2362,2,0,3.2857142857142856,3.3333333333333335,3.3333333333333335
0,0,1,65,0,0,2916,5,46,3.142857142857143,4.0,3.6666666666666665
0,0,1,47,1,2,3718,2,0,3.857142857142857,3.0,3.0
0,0,1,36,0,1,3185,5,2,3.2857142857142856,2.0,4.0
1,0,1,46,0,0,1797,4,0,3.857142857142857,4.0,3.3333333333333335
1,0,1,43,1,2,1558,1,24,2.857142857142857,3.6666666666666665,3.0
1,1,1,7,0,0,2345,4,34,3.857142857142857,4.0,3.6666666666666665
0,1,1,69,1,2,3298,5,3,3.5714285714285716,2.3333333333333335,3.3333333333333335
1,1,1,28,0,0,1985,3,0,3.0,3.0,3.6666666666666665
0,1,1,54,1,0,989,5,35,3.2857142857142856,3.6666666666666665,4.0
1,0,1,10,0,0,2772,5,7,3.25,2.3333333333333335,3.3333333333333335
0,0,1,53,0,0,1910,4,43,2.857142857142857,1.0,4.0
0,1,0,20,1,0,2019,0,0,2.857142857142857,4.0,3.0
0,1,0,36,1,2,2154,3,0,3.857142857142857,4.0,3.6666666666666665
1,0,1,43,1,0,2314,5,0,3.5714285714285716,4.0,3.6666666666666665
0,0,1,55,0,0,1529,5,1,3.5714285714285716,5.0,2.6666666666666665
1,1,1,20,0,0,1815,2,50,4.0,4.0,3.6666666666666665
0,1,1,64,1,1,697,4,0,3.4285714285714284,2.3333333333333335,3.0
0,0,0,31,1,2,2988,1,0,2.0,1.0,3.0
1,1,1,56,1,2,1548,5,0,4.0,4.0,4.333333333333333
0,0,1,52,0,0,1706,4,0,2.7142857142857144,2.0,4.0
1,1,0,22,1,0,2095,4,6,3.5714285714285716,1.0,3.0
1,1,1,24,1,2,3461,3,15,4.571428571428571,5.0,4.333333333333333
1,0,1,40,1,2,3872,1,0,2.2857142857142856,3.6666666666666665,2.6666666666666665
0,1,1,23,0,0,3673,4,183,4.0,4.666666666666667,4.0
0,1,1,15,1,2,1488,3,0,2.2857142857142856,2.0,3.3333333333333335
1,1,0,15,1,0,2885,4,0,3.7142857142857144,2.0,3.3333333333333335
0,0,0,33,1,0,1850,0,0,3.7142857142857144,3.0,3.3333333333333335
1,1,0,24,1,0,2029,4,0,3.2857142857142856,2.0,3.3333333333333335
0,0,1,37,0,0,2158,5,0,3.5714285714285716,4.0,3.3333333333333335
1,1,1,43,0,0,1250,1,0,3.2857142857142856,3.3333333333333335,3.6666666666666665
0,0,0,38,1,0,1627,3,0,2.5714285714285716,3.0,1.3333333333333333
1,0,1,48,1,2,2978,1,0,3.142857142857143,4.333333333333333,2.6666666666666665
1,0,1,47,1,2,705,3,25,3.142857142857143,3.6666666666666665,2.6666666666666665
1,0,1,9,0,0,1825,5,0,2.75,1.0,3.6666666666666665
1,1,1,60,1,2,3835,2,0,4.142857142857143,4.0,3.3333333333333335
1,0,1,16,0,0,2486,0,7,3.857142857142857,5.0,3.3333333333333335
1,1,1,58,0,0,67,3,19,4.0,3.3333333333333335,3.0
1,1,1,47,1,2,1476,3,2,3.0,2.6666666666666665,3.6666666666666665
1,0,1,23,1,2,3232,2,14,3.7142857142857144,4.0,3.6666666666666665
0,0,0,26,1,0,2335,2,3,2.2857142857142856,1.0,3.6666666666666665
1,0,1,34,1,2,3938,5,1,4.142857142857143,4.666666666666667,4.0
0,0,0,35,1,2,1755,3,0,3.5714285714285716,3.0,4.0
1,0,1,41,1,2,2092,5,9,4.857142857142857,5.0,4.333333333333333
0,0,1,56,0,0,2159,4,0,3.5714285714285716,2.0,3.3333333333333335
1,0,1,47,0,0,1312,5,0,4.428571428571429,3.3333333333333335,3.6666666666666665
1,1,1,55,1,2,2193,3,0,4.285714285714286,4.0,4.0
0,0,1,45,1,2,2107,2,13,1.4285714285714286,2.0,2.3333333333333335
0,1,0,45,1,0,1820,0,0,2.7142857142857144,2.0,2.6666666666666665
0,1,1,26,1,2,4279,1,111,3.142857142857143,4.0,3.0
0,0,1,38,0,0,2736,5,0,3.142857142857143,5.0,4.0
1,0,1,49,1,2,3148,1,0,3.0,4.333333333333333,3.0
1,0,1,31,1,2,1420,5,0,4.285714285714286,5.0,4.333333333333333
1,1,1,32,0,0,2009,1,12,4.0,5.0,3.6666666666666665
1,0,1,52,1,2,2496,3,80,4.0,4.666666666666667,3.6666666666666665
0,1,0,50,1,0,1479,4,0,1.8571428571428572,1.0,3.3333333333333335
0,0,1,42,1,2,3554,3,53,2.7142857142857144,2.0,2.6666666666666665
0,1,1,54,1,2,3501,4,0,2.4285714285714284,1.6666666666666667,3.3333333333333335
0,1,0,34,1,0,1651,4,31,2.857142857142857,1.0,2.6666666666666665
0,0,1,53,1,2,1919,1,46,1.8571428571428572,2.3333333333333335,1.3333333333333333
0,1,0,61,1,0,1787,1,0,2.857142857142857,3.0,3.3333333333333335
0,0,1,41,1,2,1952,1,3,2.0,3.0,1.3333333333333333
0,0,1,47,1,2,2804,1,93,3.2857142857142856,2.6666666666666665,2.6666666666666665
0,1,0,58,1,2,1968,4,0,3.857142857142857,2.0,3.3333333333333335
0,1,1,17,1,2,4717,5,0,3.0,3.0,3.6666666666666665
1,1,1,53,1,2,1617,2,0,3.7142857142857144,3.6666666666666665,3.0
1,1,1,53,1,2,481,4,0,4.714285714285714,4.666666666666667,4.333333333333333
1,0,1,55,1,2,3593,3,0,3.857142857142857,4.0,3.6666666666666665
1,1,1,43,0,2,1272,5,7,4.571428571428571,4.0,4.333333333333333
0,0,1,32,0,0,1494,4,0,3.2857142857142856,4.0,3.0
0,1,1,53,1,2,318,1,2,2.5714285714285716,2.6666666666666665,1.3333333333333333
0,0,1,32,1,2,2689,5,0,1.7142857142857142,1.0,3.6666666666666665
0,1,1,50,1,2,1105,1,4,3.0,3.3333333333333335,2.6666666666666665
1,0,1,39,1,0,3369,1,0,4.285714285714286,5.0,3.6666666666666665
1,0,1,56,1,2,1394,5,0,4.0,4.0,4.666666666666667
1,0,1,45,1,2,211,1,0,3.2857142857142856,4.666666666666667,3.0
0,1,0,29,1,1,1791,4,1,4.142857142857143,4.0,3.6666666666666665
1,1,1,58,1,2,3355,1,0,3.4285714285714284,4.333333333333333,3.3333333333333335
1,1,1,46,1,0,83,3,0,4.0,3.3333333333333335,4.0
1,1,1,61,1,2,236,4,0,2.4,3.0,2.3333333333333335
1,1,1,51,1,2,981,1,0,3.5714285714285716,4.333333333333333,3.6666666666666665
1,1,1,17,1,2,5306,4,181,4.285714285714286,5.0,4.666666666666667
0,1,0,18,1,0,1893,1,0,3.142857142857143,5.0,2.3333333333333335
1,0,1,42,1,0,1948,2,37,3.5714285714285716,4.0,2.0
0,1,1,49,1,1,956,3,101,3.4285714285714284,3.3333333333333335,2.3333333333333335
0,0,0,38,1,0,1655,0,5,3.2857142857142856,4.0,2.6666666666666665
0,0,1,9,0,0,1581,5,0,3.0,5.0,3.0
0,0,1,65,0,0,2016,5,146,2.857142857142857,4.333333333333333,3.6666666666666665
1,0,1,34,1,2,426,3,33,3.2857142857142856,2.6666666666666665,3.3333333333333335
1,1,1,50,1,2,1622,3,6,2.7142857142857144,3.0,2.6666666666666665
0,0,1,51,1,2,415,4,0,3.4285714285714284,3.0,2.6666666666666665
0,1,1,76,1,2,2082,5,0,2.2857142857142856,1.6666666666666667,3.0
1,0,1,46,1,2,3431,4,5,4.285714285714286,4.666666666666667,4.333333333333333
0,0,1,70,0,0,1195,4,2,2.857142857142857,1.0,3.3333333333333335
1,1,1,59,1,0,435,4,66,3.7142857142857144,4.666666666666667,4.333333333333333
1,1,1,55,1,2,2294,3,0,4.142857142857143,4.0,4.0
1,1,1,32,1,2,4904,5,0,4.285714285714286,5.0,4.333333333333333
1,1,1,11,0,0,1275,2,0,4.0,3.3333333333333335,3.3333333333333335
0,0,0,25,1,0,1633,0,46,3.2857142857142856,5.0,3.6666666666666665
0,0,1,58,0,0,1299,5,0,2.5714285714285716,3.6666666666666665,3.6666666666666665
0,0,1,20,0,0,2360,2,23,2.7142857142857144,4.0,3.6666666666666665
1,0,1,35,1,2,2749,1,7,2.7142857142857144,3.3333333333333335,3.3333333333333335
0,1,1,31,0,0,2200,2,76,3.4285714285714284,2.6666666666666665,2.6666666666666665
1,1,1,50,1,2,2184,3,0,3.2857142857142856,3.6666666666666665,3.0
0,1,1,48,0,0,733,3,1,4.0,3.3333333333333335,3.6666666666666665
0,1,0,17,1,0,2545,2,39,2.5714285714285716,2.6666666666666665,3.3333333333333335
0,0,1,10,0,0,4027,4,0,2.7142857142857144,2.0,3.0
1,1,1,29,0,0,1581,5,0,4.142857142857143,4.333333333333333,4.666666666666667
0,0,1,43,1,0,2711,3,0,3.5714285714285716,4.0,2.3333333333333335
1,1,1,16,0,0,2879,5,0,4.0,3.6666666666666665,4.0
1,1,1,52,1,2,241,1,14,3.7142857142857144,4.333333333333333,3.0
0,0,0,36,1,2,2196,2,0,3.0,2.0,4.0
1,1,1,51,1,0,857,2,0,3.7142857142857144,3.6666666666666665,3.3333333333333335
1,1,1,15,0,0,1834,1,68,3.857142857142857,4.333333333333333,3.3333333333333335
0,1,1,26,1,2,2731,2,0,2.0,1.0,2.6666666666666665
0,0,1,20,0,0,2518,4,0,3.142857142857143,4.0,3.3333333333333335
0,0,0,25,1,2,1986,5,20,2.857142857142857,4.0,4.666666666666667
1,1,1,55,1,2,351,5,0,3.4285714285714284,4.0,4.333333333333333
1,0,1,40,1,2,949,2,0,3.857142857142857,4.666666666666667,3.3333333333333335
1,1,1,39,1,1,1816,2,0,3.2857142857142856,4.0,1.6666666666666667
0,1,1,26,0,0,2868,4,5,4.0,4.0,5.0
1,1,1,42,1,2,218,4,7,3.1666666666666665,4.0,2.6666666666666665
0,0,1,29,0,0,1812,0,0,3.4285714285714284,1.0,3.6666666666666665
1,1,1,8,0,0,2403,2,0,3.857142857142857,5.0,3.3333333333333335
1,1,1,24,0,0,1875,4,0,3.857142857142857,4.333333333333333,4.0
1,1,1,34,1,2,212,1,0,3.5714285714285716,3.6666666666666665,3.3333333333333335
1,1,1,54,0,0,1370,2,0,3.4285714285714284,4.333333333333333,3.6666666666666665
1,0,1,10,0,0,1548,4,0,2.8,5.0,2.3333333333333335
0,0,1,53,1,2,1416,3,0,3.0,2.6666666666666665,2.3333333333333335
1,0,0,55,1,0,2033,0,0,4.142857142857143,5.0,2.6666666666666665
1,1,1,61,1,0,419,1,0,3.7142857142857144,4.333333333333333,2.3333333333333335
1,1,1,15,0,2,1880,3,3,2.8333333333333335,2.0,2.6666666666666665
0,0,1,43,1,0,2079,1,0,2.7142857142857144,2.0,4.0
1,0,1,60,1,1,2044,2,0,3.142857142857143,5.0,2.3333333333333335
0,0,1,58,0,0,1711,5,46,3.2857142857142856,3.0,3.3333333333333335
0,0,1,46,0,0,2506,3,145,1.4285714285714286,2.0,2.0
1,1,1,52,0,1,1210,5,26,3.4285714285714284,5.0,3.0
1,0,1,60,1,2,512,3,44,3.5714285714285716,3.6666666666666665,3.3333333333333335
1,1,1,25,0,1,1771,5,90,3.25,2.3333333333333335,3.6666666666666665
0,0,1,33,0,0,1819,4,21,3.4285714285714284,3.0,4.333333333333333
1,0,1,43,1,2,609,4,93,4.571428571428571,5.0,4.666666666666667
0,1,1,55,1,2,2221,5,14,3.4285714285714284,3.0,3.6666666666666665
0,0,1,24,1,0,1827,4,0,2.7142857142857144,2.3333333333333335,3.6666666666666665
0,1,0,31,1,0,3107,1,145,2.5714285714285716,2.3333333333333335,3.0
0,1,0,26,1,2,2284,1,0,2.7142857142857144,4.0,4.333333333333333
1,1,1,52,0,0,510,3,0,4.0,5.0,4.0
0,0,1,60,0,0,2313,4,209,3.0,1.0,1.6666666666666667
0,0,1,38,1,2,3242,5,0,3.142857142857143,3.0,2.6666666666666665
0,0,1,36,0,1,2139,4,19,4.0,4.0,4.333333333333333
0,0,1,9,0,0,2269,1,0,3.0,5.0,2.6666666666666665
1,1,1,41,1,2,3283,5,0,4.142857142857143,4.0,4.0
0,0,1,33,1,1,1869,3,86,2.7142857142857144,2.0,3.6666666666666665
0,0,1,42,1,2,381,4,44,2.4285714285714284,2.3333333333333335,3.0
0,0,1,73,1,0,1984,5,98,2.5714285714285716,2.0,3.3333333333333335
1,1,1,42,1,0,308,4,0,3.7142857142857144,4.0,4.333333333333333
1,0,0,56,0,0,1097,2,0,3.25,3.0,3.3333333333333335
0,0,1,63,1,2,2292,2,15,2.5714285714285716,2.3333333333333335,2.3333333333333335
1,1,1,46,1,2,370,2,0,3.857142857142857,5.0,3.6666666666666665
1,0,0,39,1,2,1371,5,0,4.285714285714286,3.0,3.6666666666666665
0,1,0,21,1,0,2616,4,0,3.857142857142857,4.0,3.3333333333333335
0,0,1,19,0,0,1526,3,0,3.2857142857142856,4.0,3.3333333333333335
0,1,1,39,1,2,3446,1,0,2.7142857142857144,2.6666666666666665,1.3333333333333333
1,1,1,36,1,1,1772,2,0,3.142857142857143,4.0,1.6666666666666667
0,1,1,22,1,0,2038,3,0,3.2857142857142856,2.3333333333333335,3.0
0,1,1,22,1,2,2310,5,0,3.142857142857143,3.0,4.333333333333333
1,1,1,43,1,2,2641,5,0,4.0,4.0,4.666666666666667
0,0,1,60,0,0,1382,4,21,4.0,4.0,4.0
0,1,1,49,1,1,898,1,0,2.2857142857142856,2.3333333333333335,2.0
0,0,1,43,0,0,1740,4,0,3.142857142857143,3.0,3.6666666666666665
1,0,1,47,1,2,1609,4,18,4.571428571428571,4.333333333333333,4.0
1,0,1,53,1,2,2487,2,0,3.5714285714285716,3.6666666666666665,3.0
0,0,1,23,1,2,1659,2,0,2.0,2.0,3.0
1,1,1,30,0,0,3560,5,0,2.857142857142857,3.0,2.6666666666666665
1,0,1,29,1,2,3382,2,0,3.5714285714285716,5.0,4.0
0,1,0,23,1,0,1363,1,8,1.8571428571428572,3.0,3.6666666666666665
1,0,1,30,1,2,4135,1,0,3.142857142857143,5.0,2.0
0,0,0,19,1,0,1743,4,54,3.2857142857142856,2.0,2.6666666666666665
1,1,1,45,1,1,558,4,0,3.5714285714285716,2.6666666666666665,3.0
1,0,1,51,1,2,3947,3,0,3.5714285714285716,4.0,3.3333333333333335
1,1,1,52,1,1,427,1,0,3.7142857142857144,3.3333333333333335,2.3333333333333335
1,1,1,43,0,0,488,4,0,4.285714285714286,4.0,3.3333333333333335
1,0,1,51,1,2,2187,5,0,4.142857142857143,4.333333333333333,4.333333333333333
1,1,1,11,0,0,2035,5,0,4.0,4.0,4.0
1,1,1,35,1,2,2740,2,75,3.857142857142857,3.0,3.3333333333333335
0,0,1,37,1,2,2915,1,3,2.4285714285714284,2.3333333333333335,2.0
1,1,1,58,1,2,467,1,5,3.0,3.6666666666666665,3.0
1,0,1,53,1,2,882,2,0,3.4285714285714284,4.333333333333333,3.3333333333333335
1,1,1,63,0,0,798,1,0,3.4285714285714284,4.333333333333333,3.3333333333333335
1,1,1,25,1,2,4099,3,0,3.2857142857142856,4.0,3.6666666666666665
1,1,1,51,0,0,317,1,0,3.142857142857143,2.0,2.0
1,0,1,39,1,2,618,5,11,4.571428571428571,4.333333333333333,4.333333333333333
0,0,0,24,1,0,1640,0,0,2.4285714285714284,2.0,3.0
0,1,0,29,1,0,1613,0,0,2.7142857142857144,4.0,3.0
0,0,1,39,0,0,1923,4,15,2.5714285714285716,1.0,3.3333333333333335
0,1,1,52,1,2,3447,3,41,2.142857142857143,1.6666666666666667,2.0
1,0,1,40,1,2,2599,4,0,2.7142857142857144,3.0,3.6666666666666665
1,1,1,62,0,0,2172,5,0,4.142857142857143,3.3333333333333335,2.6666666666666665
1,1,1,34,0,2,210,4,0,4.142857142857143,4.0,4.0
1,1,0,22,1,0,2087,5,0,4.142857142857143,1.6666666666666667,2.3333333333333335
1,1,1,57,1,2,3147,5,0,4.0,4.0,4.0
1,0,1,25,1,2,4599,4,116,4.285714285714286,4.666666666666667,4.333333333333333
0,0,1,46,1,2,268,1,0,2.4285714285714284,2.3333333333333335,1.6666666666666667
1,1,1,46,1,2,2456,4,0,3.4285714285714284,3.3333333333333335,3.3333333333333335
1,0,1,43,1,1,1807,5,0,2.857142857142857,2.0,3.0
1,1,1,40,1,2,3013,4,17,4.285714285714286,3.6666666666666665,3.6666666666666665
1,1,1,28,0,1,1335,2,0,3.4285714285714284,4.666666666666667,3.6666666666666665
0,0,0,38,1,2,3655,4,14,3.7142857142857144,4.0,4.0
0,1,1,11,1,2,2761,1,0,2.5714285714285716,3.0,2.6666666666666665
1,1,1,27,0,0,1866,3,0,2.75,2.0,2.3333333333333335
0,1,1,68,0,0,819,5,0,3.2857142857142856,4.0,4.333333333333333
1,0,1,18,1,2,3815,4,0,3.7142857142857144,4.0,4.333333333333333
1,1,1,53,1,2,1510,4,0,4.285714285714286,5.0,4.333333333333333
1,0,1,49,1,2,1924,1,3,3.5714285714285716,4.0,3.3333333333333335
0,0,1,57,1,0,2107,2,0,2.7142857142857144,3.0,2.0
1,1,1,53,1,2,1415,4,12,4.0,4.333333333333333,3.6666666666666665
1,0,1,46,1,2,353,5,0,4.857142857142857,4.0,4.333333333333333
1,1,0,22,1,2,1598,4,0,4.0,3.0,3.0
0,0,0,27,1,0,1890,2,3,2.142857142857143,4.0,3.3333333333333335
0,0,1,7,0,0,2010,2,0,3.5714285714285716,5.0,2.6666666666666665
1,0,1,57,1,2,3576,1,5,2.7142857142857144,3.3333333333333335,2.6666666666666665
0,1,1,51,1,0,468,2,8,3.0,2.6666666666666665,2.0
1,1,1,57,1,2,472,5,3,4.285714285714286,4.666666666666667,4.666666666666667
0,1,1,54,1,0,643,3,0,2.142857142857143,2.3333333333333335,2.3333333333333335
1,0,1,62,1,1,1939,2,7,3.2857142857142856,4.0,2.6666666666666665
0,0,1,47,0,0,2248,5,0,2.857142857142857,3.0,2.0
1,0,1,57,0,0,2263,5,4,4.428571428571429,3.0,4.0
1,1,1,38,1,2,3181,0,2,2.6,3.0,3.0
1,1,1,58,0,0,566,2,0,3.857142857142857,3.6666666666666665,3.3333333333333335
0,0,1,70,0,0,2050,3,3,2.857142857142857,1.6666666666666667,4.0
0,1,0,42,1,0,1646,3,93,2.7142857142857144,1.0,2.6666666666666665
1,0,1,53,1,2,3353,3,0,3.4285714285714284,3.6666666666666665,3.6666666666666665
0,0,0,35,1,2,1978,2,0,3.142857142857143,4.333333333333333,3.3333333333333335
1,1,1,30,0,0,2378,3,66,3.4285714285714284,4.0,4.0
1,0,0,9,1,2,1537,0,0,4.0,4.0,3.0
1,1,0,27,1,2,2691,4,19,4.428571428571429,5.0,3.3333333333333335
0,0,0,25,1,0,1627,3,59,1.8571428571428572,1.0,3.0
1,1,1,53,0,0,709,0,0,4.2,4.666666666666667,4.666666666666667
1,0,1,57,1,2,1867,5,4,4.285714285714286,4.333333333333333,4.333333333333333
0,0,1,55,0,2,263,4,0,3.142857142857143,2.6666666666666665,2.3333333333333335
0,0,1,67,0,0,1745,5,0,3.2857142857142856,3.0,2.3333333333333335
1,0,1,41,1,0,1625,4,2,3.142857142857143,4.0,3.0
0,0,1,47,0,0,1954,5,0,2.5714285714285716,1.0,4.0
1,0,1,25,1,2,4772,5,2,3.5714285714285716,4.0,3.6666666666666665
1,0,1,55,1,2,1192,3,42,3.5714285714285716,3.6666666666666665,4.0
0,1,0,22,1,0,2603,3,17,3.0,4.0,1.0
0,1,0,23,1,0,1824,0,14,3.5714285714285716,4.0,2.6666666666666665
0,1,1,49,1,2,3875,4,67,2.7142857142857144,2.3333333333333335,2.3333333333333335
0,0,1,8,1,2,2235,2,0,2.7142857142857144,2.0,2.0
0,1,1,41,1,2,329,1,0,2.857142857142857,3.3333333333333335,2.6666666666666665
1,1,0,21,1,0,2174,5,16,3.857142857142857,3.0,2.6666666666666665
1,0,1,22,1,2,3009,5,57,4.571428571428571,5.0,5.0
1,1,1,16,1,2,4842,4,0,3.7142857142857144,5.0,3.6666666666666665
0,0,0,25,1,0,2729,2,0,2.142857142857143,2.0,2.6666666666666665
0,0,1,41,1,0,2158,3,0,2.5714285714285716,3.0,3.6666666666666665
0,1,0,26,1,0,1338,3,14,3.0,1.0,3.0
0,1,1,59,1,0,83,1,0,1.8571428571428572,2.3333333333333335,2.0
1,1,1,8,0,0,1992,3,0,3.7142857142857144,3.3333333333333335,2.6666666666666665
1,0,0,22,1,0,1643,1,14,4.0,3.0,3.6666666666666665
1,0,1,42,1,2,2433,5,0,4.0,4.666666666666667,4.0
0,1,0,39,1,2,2412,2,0,3.0,5.0,3.3333333333333335
1,0,1,42,1,2,2348,1,0,3.2857142857142856,4.333333333333333,3.0
1,0,1,56,1,0,2113,1,172,4.0,4.666666666666667,3.3333333333333335
0,1,0,42,1,0,1491,1,0,3.142857142857143,1.0,2.3333333333333335
1,0,1,30,1,2,3389,1,4,3.5714285714285716,5.0,2.6666666666666665
0,1,1,59,1,2,3869,4,13,3.142857142857143,2.6666666666666665,2.6666666666666665
1,0,1,49,1,2,3564,2,0,3.7142857142857144,3.0,3.3333333333333335
1,1,1,32,1,2,3898,3,10,4.285714285714286,5.0,4.0
1,1,1,55,1,2,2582,2,0,3.4285714285714284,3.6666666666666665,3.0
1,1,1,36,1,2,1453,1,0,2.857142857142857,3.6666666666666665,3.0
1,1,1,62,1,0,118,3,0,4.0,3.3333333333333335,3.6666666666666665
0,0,1,39,0,0,1980,5,0,1.4285714285714286,1.0,2.3333333333333335
0,0,1,52,1,0,1872,5,0,1.8571428571428572,1.0,4.333333333333333
1,1,1,65,0,0,715,1,0,3.0,3.6666666666666665,3.3333333333333335
0,0,0,37,1,0,1746,5,25,2.857142857142857,4.333333333333333,3.6666666666666665
1,1,1,44,1,2,3469,5,8,4.428571428571429,4.0,4.666666666666667
0,0,1,43,1,2,635,5,12,2.7142857142857144,2.3333333333333335,3.3333333333333335
1,0,1,49,1,0,1506,4,52,3.5714285714285716,4.0,4.0
0,0,1,62,0,0,1637,5,8,4.0,5.0,3.6666666666666665
1,1,1,43,1,2,2625,1,49,3.857142857142857,4.0,3.3333333333333335
0,0,1,61,0,2,253,5,0,3.4285714285714284,4.0,3.6666666666666665
1,1,1,52,1,2,1207,1,18,2.5714285714285716,3.6666666666666665,3.0
0,0,1,15,1,2,1732,4,0,2.142857142857143,1.0,3.3333333333333335
1,0,1,46,1,2,507,2,0,4.142857142857143,4.0,4.0
1,1,1,29,1,2,5497,1,0,3.4285714285714284,5.0,1.3333333333333333
0,1,0,29,1,0,1318,0,39,2.142857142857143,5.0,3.0
1,1,1,32,0,0,1285,3,2,3.857142857142857,4.666666666666667,4.0
1,0,1,42,1,2,553,3,27,3.7142857142857144,3.6666666666666665,3.6666666666666665
0,1,1,36,1,2,273,1,0,3.0,3.0,2.0
0,0,1,53,1,2,1631,5,4,3.857142857142857,2.6666666666666665,3.3333333333333335
0,1,1,14,0,0,1628,4,10,4.428571428571429,5.0,4.0
1,1,1,23,0,0,2151,5,1,4.285714285714286,3.6666666666666665,3.6666666666666665
1,1,1,42,1,2,3530,5,6,4.428571428571429,4.0,4.666666666666667
1,0,1,42,1,2,962,5,76,4.285714285714286,4.0,4.333333333333333
1,0,0,47,1,0,2228,4,0,3.5714285714285716,1.0,3.6666666666666665
1,0,1,39,1,2,486,3,0,4.285714285714286,4.333333333333333,3.6666666666666665
1,1,1,16,0,0,1186,5,0,4.571428571428571,4.666666666666667,4.666666666666667
1,1,1,30,1,2,2653,3,4,4.285714285714286,4.0,4.0
1,1,1,57,1,2,2356,1,0,3.142857142857143,4.666666666666667,2.6666666666666665
1,0,1,44,1,0,3779,1,0,3.857142857142857,3.6666666666666665,3.0
0,1,0,27,1,2,2686,4,1,3.5714285714285716,3.0,4.666666666666667
1,0,1,38,1,2,2046,3,124,3.4285714285714284,2.0,3.0
0,1,1,61,1,2,2343,1,0,2.4285714285714284,2.0,2.3333333333333335
1,1,1,54,1,2,906,3,0,4.285714285714286,5.0,4.0
1,1,1,25,1,2,5037,4,0,3.0,3.0,3.0
1,1,1,28,1,2,3159,2,0,3.2857142857142856,4.0,3.0
1,0,1,31,1,2,4988,1,0,3.5714285714285716,5.0,1.6666666666666667
0,1,1,25,1,2,4108,5,0,3.2857142857142856,3.0,3.3333333333333335
0,1,1,38,1,0,1746,1,0,3.0,3.0,2.3333333333333335
0,0,1,70,0,0,2659,2,0,3.0,3.0,2.6666666666666665
1,1,1,23,1,2,2800,1,1,3.2857142857142856,5.0,3.6666666666666665
0,0,0,36,1,2,1291,1,18,2.7142857142857144,5.0,3.3333333333333335
0,0,1,21,0,0,2009,3,0,2.857142857142857,3.0,2.6666666666666665
1,1,1,67,0,0,225,4,0,4.142857142857143,2.3333333333333335,3.6666666666666665
0,0,1,38,1,2,452,4,10,3.2857142857142856,2.3333333333333335,2.6666666666666665
0,0,0,36,1,0,2075,0,0,2.7142857142857144,4.333333333333333,3.6666666666666665
1,1,1,30,1,2,5064,3,0,4.0,5.0,4.0
1,1,1,39,1,2,1664,3,0,4.428571428571429,4.0,3.3333333333333335
1,1,1,59,0,1,123,3,0,3.5714285714285716,4.0,3.3333333333333335
1,1,1,43,1,2,1734,4,5,3.7142857142857144,4.333333333333333,3.6666666666666665
0,1,0,50,1,2,1638,3,21,3.4285714285714284,3.0,3.3333333333333335
1,1,1,45,1,0,268,2,0,3.142857142857143,4.0,2.3333333333333335
1,1,1,17,0,1,1029,1,0,4.0,3.0,2.6666666666666665
0,1,1,54,1,2,91,3,28,2.857142857142857,2.6666666666666665,3.6666666666666665
1,1,1,35,1,2,2705,3,0,4.285714285714286,4.333333333333333,3.0
1,0,1,51,1,2,4020,5,53,4.714285714285714,4.666666666666667,5.0
1,1,1,49,0,1,2390,3,0,3.7142857142857144,2.3333333333333335,3.3333333333333335
1,1,0,48,1,2,3519,4,2,4.142857142857143,4.0,3.6666666666666665
1,1,1,62,0,0,341,4,32,3.5714285714285716,3.6666666666666665,4.666666666666667
0,1,1,59,1,0,1275,4,0,2.857142857142857,2.3333333333333335,3.0
0,1,0,29,1,0,2270,1,0,2.4285714285714284,4.333333333333333,3.6666666666666665
1,0,1,48,1,2,92,5,0,3.857142857142857,4.0,4.333333333333333
1,1,1,45,1,2,2095,5,5,4.428571428571429,4.333333333333333,4.333333333333333
1,0,1,31,0,0,2473,4,44,4.0,2.0,3.6666666666666665
0,1,1,52,0,1,609,5,50,3.857142857142857,4.0,3.0
0,0,1,85,1,2,3765,2,14,2.2857142857142856,2.3333333333333335,2.6666666666666665
0,1,1,37,1,2,1967,4,0,2.857142857142857,3.3333333333333335,3.6666666666666665
0,0,1,17,0,0,3265,3,0,3.4285714285714284,2.6666666666666665,2.6666666666666665
0,1,0,29,1,1,1686,3,24,2.857142857142857,3.0,2.6666666666666665
1,1,1,46,1,2,2276,2,0,3.2857142857142856,4.333333333333333,3.3333333333333335
0,1,1,24,0,0,3584,3,249,2.5714285714285716,2.3333333333333335,3.0
1,0,1,47,1,2,2488,4,0,4.0,4.0,4.0
1,1,1,64,0,0,1082,2,0,1.8571428571428572,3.6666666666666665,3.0
1,1,1,56,1,2,1610,2,0,3.857142857142857,3.6666666666666665,2.6666666666666665
0,0,1,48,1,0,2378,4,42,3.4285714285714284,4.0,4.0
0,0,1,55,0,0,2207,4,0,2.5714285714285716,1.0,3.3333333333333335
0,0,1,50,0,0,2084,5,5,3.2857142857142856,4.0,4.0
1,1,1,32,1,0,1730,4,0,3.4285714285714284,5.0,2.6666666666666665
1,0,1,32,1,2,2740,2,8,3.5714285714285716,4.0,3.6666666666666665
1,0,1,33,1,2,1482,4,0,2.857142857142857,4.0,3.3333333333333335
1,1,1,40,0,1,2884,2,0,3.7142857142857144,4.0,3.6666666666666665
1,1,1,24,1,2,2346,4,0,4.571428571428571,5.0,3.6666666666666665
1,1,1,41,0,0,2024,1,0,4.142857142857143,5.0,1.6666666666666667
0,0,0,29,1,0,2190,2,6,2.142857142857143,1.0,3.3333333333333335
1,0,1,25,1,2,2059,1,36,2.7142857142857144,2.0,2.6666666666666665
1,1,1,50,1,2,2376,5,0,4.571428571428571,4.0,4.666666666666667
0,0,1,45,1,2,697,2,0,2.142857142857143,2.3333333333333335,2.0
1,1,1,39,1,2,3577,3,0,3.7142857142857144,4.333333333333333,4.0
1,1,1,43,0,0,2741,0,10,4.75,4.666666666666667,2.0
1,1,1,39,0,0,1493,3,0,4.0,4.0,3.6666666666666665
1,1,1,32,1,2,4817,5,0,4.0,4.0,3.6666666666666665
1,0,1,34,1,2,1060,1,30,3.142857142857143,3.6666666666666665,2.6666666666666665
1,1,1,33,1,2,813,3,0,4.142857142857143,4.0,4.0
1,0,1,39,1,0,3386,1,5,3.5714285714285716,3.3333333333333335,3.3333333333333335
1,1,1,41,0,0,1995,4,0,3.857142857142857,2.0,3.3333333333333335
1,0,1,25,1,2,4086,2,9,2.857142857142857,3.6666666666666665,3.3333333333333335
0,0,1,54,1,2,79,1,3,2.2857142857142856,2.6666666666666665,2.3333333333333335
0,0,1,39,1,2,3214,4,13,3.4285714285714284,3.3333333333333335,2.6666666666666665
0,0,1,42,0,0,3635,3,0,2.857142857142857,5.0,3.6666666666666665
0,1,1,47,0,0,1075,5,20,3.0,3.0,3.6666666666666665
0,1,0,18,1,0,1340,3,0,2.7142857142857144,1.0,3.6666666666666665
1,1,1,27,0,0,1836,3,0,4.0,4.333333333333333,3.6666666666666665
0,0,1,22,0,0,1453,0,0,3.2857142857142856,3.0,3.6666666666666665
1,0,1,40,1,2,2898,5,0,3.142857142857143,3.3333333333333335,3.3333333333333335
1,1,1,49,0,0,523,5,0,4.0,3.6666666666666665,4.333333333333333
1,1,1,40,1,2,3651,3,166,4.0,5.0,3.6666666666666665
0,1,0,25,1,0,2024,1,0,2.5714285714285716,3.0,2.0
1,0,0,20,1,0,1117,0,0,4.428571428571429,2.0,3.0
1,1,1,34,1,2,581,3,0,4.0,4.0,3.6666666666666665
0,1,0,24,1,0,2362,4,0,3.142857142857143,2.0,3.0
1,0,1,65,0,0,3143,4,30,4.142857142857143,3.3333333333333335,3.6666666666666665
0,0,1,38,0,0,1496,3,0,2.2857142857142856,4.0,2.6666666666666665
1,1,1,41,0,0,1903,4,0,3.5,3.0,3.6666666666666665
0,0,1,34,0,0,1059,5,0,1.8571428571428572,3.0,2.3333333333333335
1,1,1,31,0,0,1545,1,0,3.142857142857143,4.333333333333333,3.0
0,1,1,24,1,2,2310,1,22,2.142857142857143,3.0,2.6666666666666665
1,1,1,10,0,0,2075,0,25,4.5,2.6666666666666665,4.333333333333333
1,1,1,59,1,2,2630,4,96,4.142857142857143,4.0,4.333333333333333
1,0,1,41,1,2,2826,1,8,2.4285714285714284,3.3333333333333335,3.0
0,0,1,46,1,0,1089,1,12,2.0,2.0,1.6666666666666667
0,0,1,17,1,0,3043,4,19,3.0,2.3333333333333335,3.3333333333333335
0,0,1,8,0,0,1530,5,0,3.4285714285714284,5.0,3.6666666666666665
0,1,1,55,1,0,668,5,0,3.5714285714285716,2.6666666666666665,3.6666666666666665
0,1,1,53,1,2,248,1,0,2.7142857142857144,2.3333333333333335,2.3333333333333335
1,0,1,55,1,2,3050,2,0,3.4285714285714284,4.666666666666667,3.0
0,0,0,70,1,2,1703,3,0,3.142857142857143,2.0,4.333333333333333
1,1,1,28,1,2,3728,5,4,4.571428571428571,5.0,4.333333333333333
0,0,1,47,1,2,527,3,0,3.142857142857143,2.6666666666666665,2.6666666666666665
0,0,1,48,1,0,2339,3,0,3.857142857142857,4.0,3.3333333333333335
1,1,0,21,1,0,2552,5,0,4.285714285714286,5.0,2.0
1,0,1,32,1,0,2063,4,0,4.0,4.0,3.0
0,1,1,29,1,2,4257,1,0,3.2857142857142856,5.0,2.3333333333333335
1,0,0,12,1,2,2868,4,0,4.0,3.0,4.666666666666667
1,1,1,45,1,2,393,2,0,3.5714285714285716,4.0,3.0
1,0,0,42,1,2,4636,3,43,3.142857142857143,5.0,3.6666666666666665
1,1,1,8,0,0,1176,4,1,3.0,1.0,2.6666666666666665
1,1,1,27,1,2,2165,3,11,3.7142857142857144,3.0,4.0
0,1,0,23,1,0,1547,3,0,2.2857142857142856,2.0,2.6666666666666665
0,1,1,30,1,2,2798,4,15,2.4285714285714284,1.0,4.0
0,0,0,21,1,0,1925,3,0,3.7142857142857144,4.0,2.3333333333333335
0,1,1,58,1,0,271,2,0,2.2857142857142856,1.6666666666666667,1.6666666666666667
1,1,1,39,1,2,3997,2,0,3.4285714285714284,4.0,3.3333333333333335
1,0,1,39,1,2,2584,1,0,3.5714285714285716,3.6666666666666665,3.6666666666666665
0,0,1,49,0,0,2284,4,0,2.5714285714285716,3.0,4.333333333333333
1,1,1,34,0,0,1777,5,0,4.142857142857143,4.0,4.333333333333333
0,0,1,32,0,0,3930,3,0,3.0,4.0,2.3333333333333335
0,1,1,17,0,0,1534,4,19,4.0,3.0,3.6666666666666665
1,0,1,21,1,2,2768,5,0,4.142857142857143,3.0,4.666666666666667
1,0,1,31,1,2,2999,2,1,3.4285714285714284,2.0,3.3333333333333335
1,0,1,22,0,0,2114,5,0,4.142857142857143,4.333333333333333,3.6666666666666665
0,0,0,36,1,2,1429,3,0,3.4285714285714284,4.0,4.666666666666667
1,0,1,22,1,2,5312,4,0,4.285714285714286,4.0,4.0
0,0,1,14,1,2,4455,3,10,1.7142857142857142,1.0,2.6666666666666665
0,1,0,27,1,0,2124,2,0,2.0,1.0,3.3333333333333335
1,0,0,29,1,2,1551,5,27,4.428571428571429,4.0,3.6666666666666665
0,0,1,24,1,2,5190,5,5,2.142857142857143,1.0,3.6666666666666665
0,0,1,54,0,0,1961,5,0,3.5714285714285716,1.0,4.0
1,0,0,26,1,2,2292,5,0,4.428571428571429,2.3333333333333335,3.3333333333333335
1,1,1,45,0,0,1122,0,0,4.0,4.0,3.3333333333333335
1,1,0,20,1,2,1927,4,0,3.2857142857142856,1.0,4.0
0,1,0,37,1,2,1597,4,0,3.5714285714285716,3.0,4.0
1,1,1,60,0,0,477,2,0,3.2857142857142856,4.0,2.0
0,1,0,42,1,2,2378,1,3,2.857142857142857,2.0,3.3333333333333335
0,0,1,37,1,0,1739,2,0,3.142857142857143,3.0,3.0
0,1,0,17,1,0,2422,4,0,3.5714285714285716,3.0,2.6666666666666665
0,0,1,19,0,0,1014,5,6,3.6,4.0,3.0
1,0,1,45,1,2,1436,1,0,3.4285714285714284,4.333333333333333,3.3333333333333335
1,1,1,53,1,2,1549,5,0,4.285714285714286,5.0,4.666666666666667
0,1,1,34,0,1,2669,1,185,3.857142857142857,3.6666666666666665,4.0
1,0,1,25,1,0,1818,5,13,3.857142857142857,4.0,5.0
0,0,1,48,1,2,1021,5,0,4.0,3.6666666666666665,4.333333333333333
0,0,1,72,1,1,2945,4,55,2.2857142857142856,2.0,2.6666666666666665
1,1,1,61,1,2,1705,2,5,3.5714285714285716,3.6666666666666665,3.6666666666666665
1,1,1,53,1,2,3478,2,0,3.857142857142857,5.0,3.6666666666666665
1,0,1,55,1,2,3100,4,4,3.5714285714285716,3.6666666666666665,4.0
1,1,1,46,1,2,940,3,17,4.142857142857143,4.0,4.333333333333333
1,1,1,49,1,2,3740,5,0,4.285714285714286,4.0,4.0
1,0,1,33,1,1,2008,0,0,3.25,5.0,3.6666666666666665
0,1,1,14,0,0,2117,5,55,4.142857142857143,4.333333333333333,3.3333333333333335
0,1,1,21,1,1,3381,1,154,2.7142857142857144,3.3333333333333335,2.6666666666666665
1,1,1,45,0,0,1578,3,12,4.428571428571429,2.6666666666666665,4.333333333333333
1,1,1,36,1,0,1774,5,77,3.5714285714285716,4.0,3.3333333333333335
0,0,1,24,0,0,4694,4,12,3.4285714285714284,3.6666666666666665,3.0
1,1,1,52,1,2,3779,2,0,3.142857142857143,4.0,3.6666666666666665
1,1,1,46,0,0,795,5,5,4.571428571428571,4.333333333333333,4.666666666666667
0,1,0,28,1,2,1780,3,8,3.2857142857142856,1.0,3.0
0,1,1,38,0,0,2115,5,0,3.2857142857142856,3.0,3.6666666666666665
1,1,1,29,0,0,2726,0,34,4.25,4.333333333333333,3.3333333333333335
0,0,1,43,1,2,1624,2,72,2.5714285714285716,2.6666666666666665,2.6666666666666665
0,0,1,8,0,0,2233,5,5,3.857142857142857,4.0,3.6666666666666665
0,1,1,27,1,2,4183,4,40,2.857142857142857,4.0,2.3333333333333335
1,0,1,50,1,0,2201,3,0,3.142857142857143,4.0,3.0
1,1,1,37,1,2,1760,5,15,4.714285714285714,4.666666666666667,4.666666666666667
1,1,1,36,0,0,1422,3,54,4.142857142857143,4.666666666666667,4.333333333333333
1,1,1,54,1,2,3421,5,0,4.142857142857143,3.6666666666666665,3.6666666666666665
0,0,1,67,0,0,1269,4,17,3.857142857142857,4.0,3.0
1,1,1,26,1,0,1854,3,0,3.5714285714285716,3.3333333333333335,2.3333333333333335
0,0,1,42,1,0,1555,1,0,2.142857142857143,3.0,2.6666666666666665
1,1,1,54,0,0,1151,5,0,3.857142857142857,2.6666666666666665,2.3333333333333335
1,0,0,37,1,0,1970,3,1,3.142857142857143,1.0,2.3333333333333335
1,1,1,15,0,0,2161,3,85,4.142857142857143,4.333333333333333,4.333333333333333
1,0,1,32,0,0,2937,4,0,4.714285714285714,4.0,3.6666666666666665
1,0,1,49,1,2,563,5,0,3.7142857142857144,4.0,4.0
0,0,1,36,0,0,1604,2,0,2.7142857142857144,1.0,3.3333333333333335
1,1,1,24,0,0,3764,1,0,4.0,2.3333333333333335,2.3333333333333335
1,1,1,66,1,0,650,3,0,3.2857142857142856,4.0,3.3333333333333335
1,1,1,48,0,0,1977,4,11,4.6,4.0,3.0
1,0,1,58,1,2,1659,1,58,3.857142857142857,4.666666666666667,3.0
1,1,1,68,0,2,503,2,0,4.0,3.0,3.0
0,1,1,51,1,2,468,4,1,1.8571428571428572,2.3333333333333335,2.0
1,0,0,55,1,2,2983,5,0,4.428571428571429,5.0,4.666666666666667
1,1,1,51,0,0,218,4,0,4.285714285714286,5.0,3.0
1,1,1,60,1,2,1943,4,0,4.142857142857143,5.0,4.333333333333333
1,0,1,58,1,2,2789,1,0,3.2857142857142856,4.666666666666667,3.3333333333333335
0,0,1,51,1,2,2779,5,0,2.7142857142857144,2.3333333333333335,3.0
0,1,0,15,1,0,1847,4,75,3.5714285714285716,5.0,3.6666666666666665
0,0,1,59,0,1,1246,3,34,2.4285714285714284,1.0,2.3333333333333335
0,1,1,40,1,0,1738,2,0,2.7142857142857144,2.0,3.3333333333333335
0,0,1,15,0,0,1831,3,72,2.7142857142857144,5.0,3.0
0,0,1,38,0,0,2164,2,0,2.857142857142857,4.0,3.6666666666666665
0,0,1,49,1,1,2363,1,185,2.2857142857142856,2.3333333333333335,2.0
1,0,1,35,1,0,1801,2,10,4.0,5.0,4.0
0,0,1,25,1,2,3323,5,0,3.4285714285714284,3.0,3.6666666666666665
1,0,1,56,1,2,67,5,0,3.5714285714285716,2.3333333333333335,3.6666666666666665
0,0,1,18,0,0,1921,5,1,4.285714285714286,4.333333333333333,4.666666666666667
1,0,1,33,1,2,2631,5,5,4.0,5.0,5.0
1,0,1,43,1,2,288,0,11,4.4,4.0,4.0
1,0,1,42,1,2,2179,4,10,4.0,4.333333333333333,4.0
1,1,1,54,1,0,890,2,0,4.285714285714286,4.666666666666667,3.3333333333333335
1,1,1,57,0,0,868,1,24,3.7142857142857144,3.0,2.6666666666666665
1,1,1,45,1,2,1625,1,0,3.7142857142857144,4.666666666666667,3.3333333333333335
0,0,1,52,0,0,1642,5,3,3.142857142857143,4.0,4.0
1,0,1,45,1,2,3614,2,0,4.0,4.666666666666667,4.0
0,1,0,25,1,2,1915,0,2,4.142857142857143,5.0,3.3333333333333335
1,0,1,40,1,2,2033,5,30,4.0,4.0,4.333333333333333
0,1,1,15,1,1,2435,5,169,3.0,3.6666666666666665,4.0
1,0,1,46,1,2,296,3,0,4.285714285714286,3.0,4.0
0,1,0,23,1,0,1843,3,12,2.7142857142857144,3.0,2.3333333333333335
0,0,1,23,0,0,2796,1,4,2.7142857142857144,3.0,3.3333333333333335
1,1,1,15,0,2,2648,5,30,3.142857142857143,4.333333333333333,3.3333333333333335
0,1,0,41,1,2,1834,2,0,2.7142857142857144,4.0,4.0
0,0,1,24,0,1,1912,4,0,3.7142857142857144,5.0,3.6666666666666665
1,1,1,57,1,2,2232,3,0,4.285714285714286,4.666666666666667,3.6666666666666665
0,0,0,21,1,0,1929,3,0,2.857142857142857,5.0,1.3333333333333333
0,1,0,24,1,0,1457,3,0,2.5714285714285716,2.0,3.3333333333333335
1,1,1,22,0,1,2095,2,0,3.2857142857142856,4.0,3.3333333333333335
0,0,1,20,0,0,1403,5,17,3.142857142857143,3.0,4.333333333333333
1,0,0,13,1,0,1549,4,0,3.7142857142857144,3.0,3.0
1,0,1,49,0,0,2762,2,0,2.75,2.6666666666666665,3.6666666666666665
1,0,1,48,1,2,2936,1,3,3.2857142857142856,4.666666666666667,2.6666666666666665
1,1,1,55,0,0,736,1,0,2.857142857142857,4.0,3.0
0,0,0,22,1,0,1614,1,24,2.4285714285714284,2.3333333333333335,4.0
0,0,0,27,1,0,1922,3,2,3.0,3.0,4.0
1,1,1,60,0,0,259,1,0,2.5714285714285716,3.6666666666666665,2.3333333333333335
1,0,1,51,1,2,3222,1,5,4.571428571428571,4.666666666666667,4.333333333333333
1,1,1,52,0,1,276,2,84,3.7142857142857144,5.0,2.6666666666666665
1,1,1,55,0,0,937,5,15,3.7142857142857144,4.666666666666667,3.6666666666666665
0,0,1,46,0,0,2018,5,0,3.142857142857143,2.0,2.3333333333333335
1,1,1,32,1,0,2307,0,0,3.25,4.0,2.3333333333333335
0,1,1,13,1,0,2173,3,1,2.142857142857143,2.0,3.3333333333333335
0,1,1,17,1,2,2832,3,0,3.0,3.0,2.6666666666666665
1,1,1,28,0,0,1207,4,10,3.2857142857142856,1.0,2.6666666666666665
0,0,1,24,1,2,4217,1,4,2.142857142857143,2.0,2.0
1,1,1,41,0,0,2109,2,0,4.0,5.0,2.6666666666666665
0,1,1,55,1,0,110,1,0,2.5714285714285716,3.3333333333333335,2.0
0,1,1,11,1,0,1911,3,21,2.857142857142857,3.0,2.3333333333333335
0,1,1,38,1,2,1964,2,0,3.142857142857143,3.3333333333333335,3.0
1,1,1,46,1,0,434,1,0,2.7142857142857144,3.3333333333333335,2.6666666666666665
0,0,1,36,1,0,1447,5,20,2.857142857142857,2.0,4.0
0,0,1,35,1,2,3242,4,0,2.142857142857143,2.6666666666666665,2.3333333333333335
0,0,1,27,0,0,2015,5,0,2.857142857142857,1.0,3.6666666666666665
0,0,1,31,0,0,2345,5,33,3.5714285714285716,5.0,3.0
1,0,1,48,1,2,472,5,0,3.857142857142857,3.3333333333333335,4.666666666666667
0,1,0,23,1,0,2031,3,22,3.4285714285714284,1.0,4.333333333333333
1,0,1,60,1,2,3595,4,381,4.142857142857143,3.6666666666666665,4.0
1,0,1,48,1,0,2114,5,0,4.0,5.0,2.6666666666666665
1,1,1,65,0,0,547,5,0,3.4285714285714284,3.0,3.3333333333333335
1,1,1,60,1,2,2716,5,13,4.571428571428571,5.0,4.333333333333333
0,0,1,54,0,0,2737,4,18,2.7142857142857144,2.0,3.3333333333333335
0,1,1,30,1,0,1842,3,6,3.142857142857143,3.0,4.0
1,1,1,51,1,2,1984,3,6,4.0,4.333333333333333,4.333333333333333
1,1,1,60,1,2,259,2,0,3.5714285714285716,3.6666666666666665,3.3333333333333335
0,0,0,38,1,2,1443,3,0,3.4285714285714284,5.0,3.6666666666666665
1,1,1,25,0,1,1536,2,0,4.142857142857143,4.0,4.0
1,0,1,50,1,2,1081,3,0,2.857142857142857,3.6666666666666665,2.0
1,1,1,69,0,0,592,2,19,3.7142857142857144,3.0,3.6666666666666665
0,1,0,20,1,0,1069,0,0,2.0,1.0,3.0
1,0,1,46,1,2,1412,2,0,3.7142857142857144,4.0,3.6666666666666665
1,1,1,61,0,1,2342,1,17,3.2857142857142856,4.666666666666667,3.6666666666666665
0,0,1,21,0,0,2684,2,15,3.7142857142857144,5.0,3.6666666666666665
1,0,1,55,1,2,1846,3,4,4.142857142857143,4.333333333333333,4.333333333333333
0,1,0,65,1,1,1005,2,14,2.857142857142857,4.333333333333333,2.6666666666666665
0,1,0,23,1,0,1647,2,24,2.2857142857142856,2.0,2.6666666666666665
0,1,1,49,1,2,418,4,0,2.2857142857142856,2.0,2.0
1,1,1,45,1,2,3484,1,2,3.0,4.0,3.6666666666666665
1,1,1,60,0,0,2201,4,0,4.0,3.6666666666666665,3.6666666666666665
1,1,1,29,1,2,3702,4,0,3.2857142857142856,5.0,3.6666666666666665
0,1,1,55,1,2,888,4,0,3.857142857142857,3.3333333333333335,3.3333333333333335
0,1,0,23,1,0,1857,2,0,2.142857142857143,4.0,3.6666666666666665
0,0,0,24,1,0,1837,4,0,2.0,2.0,2.6666666666666665
0,1,0,35,1,2,2140,2,19,2.4285714285714284,1.0,3.6666666666666665
1,0,1,31,1,2,1822,5,0,4.428571428571429,5.0,4.666666666666667
0,0,1,67,0,0,3100,4,0,3.2857142857142856,4.0,3.0
1,1,1,57,1,2,2482,1,0,2.857142857142857,4.0,3.0
0,1,1,25,1,2,4539,5,0,3.2857142857142856,3.0,3.6666666666666665
0,1,0,55,1,0,2075,3,0,3.0,2.0,3.0
1,1,1,59,1,2,2813,2,20,4.142857142857143,4.666666666666667,3.6666666666666665
1,1,0,20,1,2,3824,5,2,4.571428571428571,4.333333333333333,3.3333333333333335
1,0,1,40,1,2,521,5,26,3.7142857142857144,3.6666666666666665,3.6666666666666665
1,0,0,52,1,2,2822,5,200,4.428571428571429,4.0,4.333333333333333
0,1,1,39,1,0,1699,5,48,3.2857142857142856,3.0,4.333333333333333
1,1,1,47,1,2,3665,0,6,2.8,3.6666666666666665,2.6666666666666665
0,0,0,38,1,2,2806,2,0,2.2857142857142856,3.0,2.3333333333333335
0,1,1,27,1,2,2654,5,8,2.5714285714285716,2.0,3.6666666666666665
1,0,1,39,1,2,2990,1,0,2.2857142857142856,4.0,3.0
1,1,1,60,0,0,269,2,39,4.0,4.0,4.0
1,0,1,33,1,0,1145,5,0,4.0,5.0,3.6666666666666665
0,0,0,36,1,2,1549,2,0,3.142857142857143,3.0,4.333333333333333
1,1,1,20,0,0,1235,1,0,3.4285714285714284,4.333333333333333,3.6666666666666665
1,1,1,31,0,2,3054,0,12,4.142857142857143,4.0,3.3333333333333335
1,1,1,30,0,0,1458,2,0,4.0,4.666666666666667,3.3333333333333335
1,1,1,52,0,0,1706,2,0,2.7142857142857144,3.0,3.0
1,0,1,42,1,2,2097,5,0,4.571428571428571,4.666666666666667,4.333333333333333
0,1,1,55,1,1,857,4,4,3.0,2.3333333333333335,3.3333333333333335
0,1,1,26,0,0,1856,3,0,3.7142857142857144,5.0,3.3333333333333335
0,0,1,41,0,1,1469,4,0,3.2857142857142856,4.0,2.6666666666666665
1,0,1,25,1,2,1563,3,2,3.2857142857142856,4.0,3.6666666666666665
1,1,1,39,1,2,3743,1,25,3.857142857142857,4.0,3.6666666666666665
1,1,0,25,1,2,2044,2,1,4.285714285714286,5.0,3.6666666666666665
1,1,1,19,1,2,1885,2,0,3.5714285714285716,5.0,3.0
1,0,0,24,1,2,1730,0,0,3.7142857142857144,2.0,3.6666666666666665
1,0,1,40,1,2,582,4,10,4.571428571428571,5.0,4.666666666666667
1,0,1,51,1,2,1074,4,0,4.285714285714286,4.333333333333333,4.333333333333333
0,1,1,55,1,0,506,5,77,2.0,2.6666666666666665,3.0
1,0,1,34,1,2,2215,0,0,3.4,3.3333333333333335,4.666666666666667
0,0,1,30,0,0,2829,2,0,2.7142857142857144,1.0,3.0
0,0,1,63,0,0,1273,2,1,2.5714285714285716,2.0,2.3333333333333335
0,1,0,38,1,0,1847,2,0,2.4285714285714284,3.0,4.0
1,1,1,25,1,2,4126,1,10,2.857142857142857,2.0,3.3333333333333335
0,0,1,53,0,0,1125,4,42,2.5714285714285716,4.0,4.333333333333333
1,0,1,30,1,2,1642,1,0,3.857142857142857,5.0,3.3333333333333335
0,1,0,62,1,0,1603,3,113,2.5714285714285716,2.0,2.0
0,1,0,23,1,0,1499,0,6,2.857142857142857,1.0,4.0
1,1,1,14,0,0,1761,5,24,4.428571428571429,3.6666666666666665,3.6666666666666665
0,0,1,68,1,0,2260,5,26,3.5714285714285716,4.0,3.6666666666666665
1,1,0,24,1,0,2359,4,360,3.5714285714285716,2.0,3.3333333333333335
0,1,1,22,1,2,3118,3,0,2.2857142857142856,2.0,3.3333333333333335
1,1,1,50,1,2,2484,3,0,3.7142857142857144,2.3333333333333335,4.0
0,1,0,33,1,2,1856,3,0,3.142857142857143,3.0,3.0
1,0,1,49,1,2,977,1,0,3.142857142857143,3.6666666666666665,3.0
1,0,1,35,1,2,2918,5,0,3.7142857142857144,4.333333333333333,4.666666666666667
0,0,1,71,1,1,1785,3,75,2.857142857142857,3.0,2.6666666666666665
1,0,1,65,0,0,2846,5,0,3.857142857142857,4.0,3.6666666666666665
1,1,1,15,1,2,4721,2,0,3.7142857142857144,5.0,3.3333333333333335
0,1,0,45,1,2,1996,3,0,3.142857142857143,2.0,3.3333333333333335
1,1,1,39,1,2,3895,1,0,3.5714285714285716,4.0,2.6666666666666665
1,0,1,50,0,0,1863,2,0,3.142857142857143,2.0,3.3333333333333335
0,0,1,53,0,0,1542,5,28,2.857142857142857,1.0,3.6666666666666665
1,1,1,58,1,2,1941,0,0,3.2,2.0,2.3333333333333335
1,1,1,31,1,2,2768,1,0,3.2857142857142856,5.0,3.0
1,1,0,23,1,0,1740,0,0,4.285714285714286,4.0,2.0
1,1,1,57,1,0,845,2,16,4.0,4.333333333333333,3.0
0,1,0,37,1,0,2491,4,0,4.0,5.0,1.3333333333333333
0,1,0,38,1,0,1527,0,12,2.0,4.0,4.0
0,1,0,17,1,0,2755,1,0,1.8571428571428572,3.0,2.3333333333333335
0,1,1,50,1,2,1458,4,45,3.2857142857142856,2.6666666666666665,2.3333333333333335
1,1,1,47,1,2,1917,3,0,2.857142857142857,3.6666666666666665,3.6666666666666665
1,0,1,46,1,0,1386,4,75,3.857142857142857,4.0,4.0
1,1,1,22,1,2,3642,5,0,3.4285714285714284,5.0,3.6666666666666665
1,1,1,25,1,2,4247,3,53,4.142857142857143,5.0,4.0
0,0,1,48,0,0,2102,5,0,3.2857142857142856,2.0,4.0
1,0,1,44,1,2,512,1,0,3.2857142857142856,4.0,2.6666666666666665
1,0,1,46,1,2,766,1,0,3.5714285714285716,3.3333333333333335,2.6666666666666665
0,0,1,25,0,0,2025,1,0,2.142857142857143,4.0,4.0
1,1,1,11,0,0,2337,3,0,3.2857142857142856,4.0,3.0
0,0,1,44,1,2,3650,5,44,2.7142857142857144,3.0,3.6666666666666665
1,1,1,48,0,0,587,5,0,4.0,4.0,4.0
1,1,1,18,0,0,2313,5,0,3.5714285714285716,2.0,3.6666666666666665
1,1,1,39,1,2,1631,3,0,2.5714285714285716,3.3333333333333335,2.6666666666666665
0,0,1,14,0,0,1547,5,24,3.4285714285714284,3.0,3.6666666666666665
0,1,0,27,1,0,2615,1,0,2.4285714285714284,1.0,2.3333333333333335
0,0,1,57,0,0,1449,4,0,3.5714285714285716,4.0,3.0
1,1,1,23,1,2,2036,3,27,3.5714285714285716,5.0,2.0
0,1,1,36,1,2,1563,4,44,2.7142857142857144,2.6666666666666665,3.3333333333333335
1,1,1,32,1,2,5281,2,170,2.2857142857142856,4.333333333333333,2.6666666666666665
0,1,0,24,1,2,1361,1,28,3.142857142857143,3.0,3.6666666666666665
1,1,1,9,0,0,2593,5,0,3.142857142857143,1.3333333333333333,3.3333333333333335
1,0,1,36,1,2,362,3,3,4.428571428571429,4.333333333333333,3.6666666666666665
1,0,1,46,1,2,848,3,20,3.857142857142857,4.666666666666667,3.3333333333333335
1,0,1,26,1,2,1759,1,20,3.0,4.0,2.6666666666666665
1,1,1,41,1,2,3704,2,276,3.7142857142857144,3.6666666666666665,3.6666666666666665
1,1,1,62,0,0,1413,2,56,3.2857142857142856,4.333333333333333,3.3333333333333335
1,1,0,46,1,2,3085,4,348,3.5714285714285716,2.3333333333333335,2.3333333333333335
0,0,1,36,0,0,1772,4,92,2.857142857142857,1.0,3.6666666666666665
0,0,0,38,1,2,1748,2,0,3.2857142857142856,4.0,3.3333333333333335
0,1,0,71,1,1,1657,4,0,3.2857142857142856,2.0,3.3333333333333335
1,0,1,58,1,2,596,4,0,4.571428571428571,5.0,4.333333333333333
0,1,1,49,1,0,898,2,0,2.0,3.0,2.0
1,0,1,62,1,2,1537,1,5,3.0,4.333333333333333,3.0
0,0,0,39,1,2,1434,1,0,3.0,3.6666666666666665,4.333333333333333
1,1,1,43,0,2,421,0,1,2.6,3.0,3.0
0,1,1,22,1,0,2088,4,13,2.2857142857142856,2.3333333333333335,3.0
0,1,1,32,1,0,1480,1,0,2.2857142857142856,2.0,1.6666666666666667
1,0,1,56,1,2,3260,1,0,3.2857142857142856,4.333333333333333,3.3333333333333335
1,0,1,52,1,2,3036,3,15,4.0,4.0,3.6666666666666665
0,1,1,18,1,0,2855,5,5,2.857142857142857,3.3333333333333335,3.0
1,1,1,32,1,2,4607,5,0,3.857142857142857,2.0,3.0
1,1,1,24,0,0,2301,5,18,4.142857142857143,2.6666666666666665,4.333333333333333
1,1,1,52,1,2,576,3,26,4.285714285714286,4.0,3.6666666666666665
0,0,1,33,0,0,2569,4,0,2.857142857142857,4.0,5.0
1,0,0,22,1,2,2166,4,0,3.5,3.0,4.333333333333333
1,1,0,44,1,2,2887,4,0,4.285714285714286,3.0,4.333333333333333
1,1,1,22,1,2,1870,5,88,4.714285714285714,4.0,5.0
1,0,1,24,1,2,3303,2,6,3.4285714285714284,4.0,2.0
0,0,0,8,1,0,4086,2,0,2.4285714285714284,3.0,2.0
1,1,1,46,1,2,681,5,6,4.571428571428571,4.333333333333333,4.666666666666667
1,1,1,50,1,2,1353,1,0,3.7142857142857144,5.0,3.0
1,0,1,36,1,2,551,1,0,5.0,4.666666666666667,4.666666666666667
1,0,1,52,1,2,3871,2,76,3.2857142857142856,4.0,3.0
0,0,1,50,0,0,1738,2,0,2.4285714285714284,1.0,3.0
1,1,1,30,0,1,2209,1,22,2.5714285714285716,4.0,2.3333333333333335
1,1,1,38,1,2,837,1,12,2.0,3.0,2.6666666666666665
0,0,1,26,0,0,2125,4,11,2.5714285714285716,3.0,2.3333333333333335
0,0,1,50,0,0,1428,5,0,3.142857142857143,3.0,3.3333333333333335
1,1,1,34,0,0,1117,0,68,2.4,3.3333333333333335,2.3333333333333335
1,0,1,46,1,2,767,1,0,3.0,4.333333333333333,3.3333333333333335
1,1,1,53,1,2,354,4,0,3.857142857142857,4.333333333333333,3.6666666666666665
0,1,1,25,1,0,2059,2,3,3.4285714285714284,4.0,2.6666666666666665
0,1,0,36,1,2,1695,2,3,2.5714285714285716,2.0,4.333333333333333
1,1,1,52,0,0,2011,0,14,3.6,3.0,2.0
1,1,1,66,0,0,95,1,7,3.4285714285714284,4.0,2.6666666666666665
0,1,0,39,1,2,2009,1,0,1.4285714285714286,1.0,2.6666666666666665
0,1,0,51,1,2,1656,1,0,2.5714285714285716,3.0,4.666666666666667
1,0,1,24,1,2,5058,1,0,3.142857142857143,3.0,3.6666666666666665
0,0,1,60,0,0,2799,5,6,2.5714285714285716,3.0,3.0
1,1,1,33,0,0,1797,5,10,4.571428571428571,4.0,4.0
0,1,0,41,1,2,3517,3,7,3.857142857142857,4.666666666666667,4.0
0,0,1,52,0,0,1438,5,20,3.4285714285714284,4.333333333333333,4.333333333333333
0,1,1,27,1,0,2005,4,0,2.142857142857143,2.0,3.3333333333333335
1,0,1,30,1,2,2961,4,0,3.7142857142857144,4.0,3.6666666666666665
0,0,1,45,0,0,1887,4,86,2.4285714285714284,2.0,3.3333333333333335
0,1,0,20,1,0,2397,2,0,2.5714285714285716,2.0,3.0
0,1,1,23,1,2,4510,1,0,3.0,3.3333333333333335,2.0
1,0,1,35,1,0,2349,4,3,3.4285714285714284,3.0,4.333333333333333
1,1,1,38,1,2,1855,5,0,4.142857142857143,4.666666666666667,3.6666666666666665
0,0,0,26,1,0,2352,2,18,2.5714285714285716,1.0,3.3333333333333335
1,0,0,21,1,2,2718,0,0,4.25,5.0,4.333333333333333
1,0,1,19,1,2,3387,4,54,3.4285714285714284,4.0,2.3333333333333335
1,1,1,11,0,0,1787,0,0,3.2,4.0,3.3333333333333335
0,0,1,23,0,0,1111,2,0,3.142857142857143,5.0,3.0
0,0,1,44,0,0,1526,4,30,3.0,3.3333333333333335,4.0
1,1,1,49,0,0,907,5,25,4.714285714285714,5.0,5.0
0,0,1,69,0,0,2181,3,9,2.4285714285714284,4.0,4.333333333333333
1,1,1,44,1,2,2417,5,13,4.714285714285714,4.0,4.333333333333333
0,0,1,32,0,0,1692,4,0,2.857142857142857,1.0,4.0
1,1,1,39,1,2,81,5,0,4.0,4.333333333333333,4.666666666666667
1,0,1,71,1,2,76,2,1,3.5714285714285716,3.6666666666666665,2.6666666666666665
1,1,1,25,1,2,3314,5,0,4.285714285714286,4.0,4.666666666666667
1,1,1,39,1,2,1047,3,0,3.7142857142857144,4.333333333333333,3.6666666666666665
1,1,1,8,0,0,1909,3,8,3.2857142857142856,2.0,4.333333333333333
0,1,1,39,1,2,1535,1,55,2.7142857142857144,3.3333333333333335,2.6666666666666665
0,1,0,25,1,2,1437,5,11,3.4285714285714284,2.0,4.0
1,0,1,30,1,2,3157,1,88,3.2857142857142856,4.0,2.6666666666666665
0,1,0,15,1,0,2615,2,0,2.7142857142857144,5.0,3.6666666666666665
0,0,1,45,1,2,1838,5,23,3.0,2.0,3.3333333333333335
0,1,0,45,1,2,2548,2,0,2.5714285714285716,1.0,3.6666666666666665
0,1,0,42,1,0,1203,0,0,2.7142857142857144,1.0,3.6666666666666665
1,1,0,22,1,2,2303,5,0,4.142857142857143,3.6666666666666665,3.3333333333333335
1,1,1,28,1,2,4265,2,0,3.2857142857142856,4.0,2.0
0,1,1,60,0,0,821,1,0,3.0,2.3333333333333335,2.6666666666666665
0,0,1,42,1,0,2433,2,29,2.2857142857142856,2.0,3.0
0,0,0,48,1,2,2159,3,180,3.142857142857143,4.333333333333333,3.6666666666666665
1,1,1,36,1,2,2554,5,29,3.857142857142857,4.333333333333333,4.0
0,1,0,37,1,0,1511,3,15,2.4285714285714284,3.0,3.0
0,0,0,45,1,2,1913,1,19,2.7142857142857144,3.0,3.6666666666666665
1,1,1,16,0,0,1740,4,41,3.2857142857142856,4.333333333333333,4.0
1,0,1,56,1,1,1956,1,0,4.0,5.0,3.6666666666666665
1,0,1,42,1,0,1476,4,35,4.714285714285714,4.0,3.3333333333333335
1,1,1,52,1,2,569,5,9,4.714285714285714,4.333333333333333,4.666666666666667
0,0,1,46,1,0,945,1,35,3.5714285714285716,4.0,2.0
0,1,1,44,0,0,205,5,57,3.8,4.333333333333333,2.6666666666666665
0,0,1,42,0,1,1151,4,115,1.5714285714285714,2.3333333333333335,1.6666666666666667
1,1,1,49,1,2,1274,3,0,4.142857142857143,4.666666666666667,4.0
1,1,1,64,1,2,848,5,0,4.428571428571429,4.0,4.666666666666667
1,0,1,54,1,2,1036,3,0,3.7142857142857144,4.0,4.0
1,0,1,35,1,0,2515,3,34,4.142857142857143,4.0,3.6666666666666665
1,1,1,70,0,1,360,1,96,3.5714285714285716,5.0,2.0
1,0,1,42,0,0,3076,5,0,4.0,3.6666666666666665,4.0
1,1,1,22,1,2,4493,4,0,4.0,4.0,3.0
1,1,1,44,1,2,383,2,0,3.4285714285714284,3.6666666666666665,3.6666666666666665
1,1,1,26,0,0,2367,4,0,4.714285714285714,5.0,4.0
1,0,1,26,1,0,2489,3,13,2.857142857142857,4.333333333333333,3.3333333333333335
0,0,0,18,1,0,2507,1,2,2.2857142857142856,2.0,4.0
1,0,1,44,1,0,2042,5,0,4.571428571428571,4.0,4.333333333333333
0,0,1,31,1,2,5186,3,0,2.7142857142857144,2.0,3.0
1,0,1,60,1,0,2407,2,0,3.0,4.0,3.6666666666666665
1,1,1,56,1,2,424,3,0,3.5714285714285716,4.333333333333333,3.6666666666666665
1,1,1,42,1,2,1514,2,15,3.0,4.0,3.0
0,1,1,55,1,0,487,3,3,1.7142857142857142,1.3333333333333333,2.3333333333333335
1,1,1,27,0,2,1902,2,0,3.5714285714285716,4.666666666666667,3.0
1,0,1,55,1,0,1476,2,0,3.4285714285714284,5.0,2.3333333333333335
0,0,1,46,0,0,3712,5,0,3.0,4.0,3.6666666666666665
1,0,1,32,1,2,2930,3,0,4.0,3.0,3.6666666666666665
1,1,1,11,0,0,2406,5,0,3.857142857142857,4.0,4.666666666666667
1,1,1,44,1,2,1791,3,0,4.0,4.333333333333333,3.6666666666666665
0,0,1,17,0,0,1830,2,0,3.142857142857143,1.0,3.0
0,1,1,44,0,0,461,5,0,3.142857142857143,3.3333333333333335,3.0
0,1,1,37,1,0,2892,5,17,2.7142857142857144,2.0,3.3333333333333335
0,0,1,64,0,0,2017,2,0,3.4285714285714284,5.0,1.3333333333333333
0,0,1,36,0,0,3810,4,0,4.0,5.0,4.0
1,1,1,40,0,2,265,3,0,4.142857142857143,4.333333333333333,3.6666666666666665
0,0,1,34,1,0,1976,4,0,3.0,2.0,4.0
0,0,1,64,1,1,2724,1,0,2.7142857142857144,4.0,1.6666666666666667
1,1,1,64,0,0,358,4,0,4.285714285714286,4.0,4.333333333333333
1,1,1,48,1,2,3676,4,2,3.857142857142857,3.6666666666666665,4.333333333333333
1,1,1,39,1,2,463,4,0,4.428571428571429,4.666666666666667,4.333333333333333
0,0,0,39,1,0,1816,0,0,3.142857142857143,4.0,3.6666666666666665
1,0,1,39,1,1,2369,2,0,2.7142857142857144,3.0,2.3333333333333335
0,1,1,44,1,2,510,1,17,1.4285714285714286,1.6666666666666667,1.0
0,1,1,40,1,0,2060,3,0,3.2857142857142856,3.0,3.0
0,0,0,29,1,0,2196,3,58,2.7142857142857144,1.0,2.6666666666666665
0,1,1,57,1,2,2284,5,11,2.7142857142857144,3.0,2.6666666666666665
0,1,1,43,1,0,2477,2,30,3.2857142857142856,4.0,3.0
1,1,1,32,1,2,2718,5,0,3.2857142857142856,3.0,4.666666666666667
0,0,1,40,1,1,2596,3,0,1.8571428571428572,1.0,2.6666666666666665
0,0,1,56,0,0,3241,3,0,1.8571428571428572,2.3333333333333335,2.6666666666666665
1,1,1,41,1,2,4867,1,159,3.7142857142857144,4.333333333333333,3.3333333333333335
0,0,0,39,1,2,1805,2,0,2.4285714285714284,1.0,4.333333333333333
0,0,1,57,0,0,1478,3,0,2.7142857142857144,5.0,2.3333333333333335
1,0,1,33,1,2,4714,1,11,3.142857142857143,4.0,3.3333333333333335
0,0,1,38,1,2,867,1,0,3.0,3.0,2.3333333333333335
1,1,1,26,1,2,3494,1,3,3.2857142857142856,5.0,3.6666666666666665
1,1,1,34,0,1,2287,4,0,4.285714285714286,4.666666666666667,4.666666666666667
0,1,0,10,1,0,2424,2,74,2.0,2.0,3.0
0,1,1,49,1,0,97,4,0,3.5714285714285716,3.0,3.0
1,0,1,51,1,2,1362,1,0,4.571428571428571,4.333333333333333,4.333333333333333
1,1,1,48,1,2,1660,2,0,2.7142857142857144,4.0,2.6666666666666665
1,0,1,52,1,2,2531,2,0,3.4285714285714284,4.333333333333333,3.0
0,0,1,60,0,0,1911,5,6,3.7142857142857144,5.0,1.0
1,1,1,43,0,1,597,5,14,4.428571428571429,3.6666666666666665,4.333333333333333
1,1,1,47,1,2,2963,4,13,3.2857142857142856,3.6666666666666665,3.0
1,0,1,25,0,0,1398,4,6,2.75,3.0,3.0
1,1,1,55,1,2,983,5,102,4.142857142857143,4.0,4.333333333333333
0,0,1,34,0,2,430,5,25,2.5714285714285716,3.3333333333333335,2.6666666666666665
0,0,1,14,0,0,1920,4,0,2.857142857142857,4.0,3.0
0,0,1,21,0,0,2772,4,0,3.2857142857142856,3.0,2.3333333333333335
1,1,1,53,0,0,2081,5,0,4.0,3.6666666666666665,4.666666666666667
0,0,1,55,0,1,1577,4,0,3.5714285714285716,5.0,2.6666666666666665
1,1,0,22,1,0,1583,4,19,4.5,4.0,3.3333333333333335
0,0,1,63,0,0,2306,5,21,3.2857142857142856,1.3333333333333333,4.0
1,1,1,8,0,0,2459,2,10,4.0,2.3333333333333335,2.6666666666666665
1,0,1,45,1,2,1756,3,0,4.0,4.0,3.3333333333333335
1,0,1,42,0,0,2315,4,1,3.5,3.0,4.333333333333333
0,1,0,22,1,0,2391,2,7,2.4285714285714284,3.0,3.0
0,1,1,35,1,2,3294,3,0,2.857142857142857,3.0,3.0
1,1,1,49,0,0,1036,1,0,2.142857142857143,3.6666666666666665,2.0
1,1,1,51,0,0,450,4,70,4.285714285714286,4.666666666666667,4.333333333333333
0,0,1,25,1,1,3612,1,0,2.5714285714285716,2.3333333333333335,2.3333333333333335
0,0,0,30,1,0,1680,4,24,3.4285714285714284,3.0,3.3333333333333335
0,1,1,75,1,2,2749,4,76,2.2857142857142856,1.6666666666666667,3.0
0,0,1,44,0,0,1318,4,0,2.857142857142857,1.0,1.6666666666666667
0,0,1,37,0,0,1456,1,0,2.2857142857142856,2.0,2.6666666666666665
0,0,1,52,0,0,1588,4,83,3.2857142857142856,3.0,4.666666666666667
0,0,1,45,1,2,2257,4,0,2.4285714285714284,2.3333333333333335,1.3333333333333333
1,0,1,46,1,2,1561,1,0,3.0,4.333333333333333,3.3333333333333335
1,1,1,40,1,2,911,1,10,3.4285714285714284,3.6666666666666665,2.6666666666666665
1,0,1,49,1,1,2022,2,4,3.7142857142857144,5.0,1.6666666666666667
1,0,1,58,1,2,289,5,39,4.428571428571429,5.0,4.333333333333333
1,0,1,52,0,0,2102,5,0,3.5,1.0,3.6666666666666665
1,1,1,74,1,2,232,3,18,3.857142857142857,4.666666666666667,3.3333333333333335
0,0,1,7,0,2,1845,5,20,3.857142857142857,3.3333333333333335,3.0
0,0,1,25,0,0,1789,4,0,3.857142857142857,2.0,3.6666666666666665
1,0,1,54,1,2,368,1,0,3.142857142857143,4.0,3.0
0,1,1,25,1,0,3317,5,61,2.857142857142857,2.0,4.0
0,0,1,27,0,0,1632,1,20,3.0,4.0,3.0
0,0,0,28,1,0,2362,3,2,3.4285714285714284,4.0,3.3333333333333335
1,1,1,29,1,2,3575,3,0,2.7142857142857144,2.6666666666666665,3.3333333333333335
0,1,0,36,1,2,3557,4,0,3.4285714285714284,2.3333333333333335,2.0
0,0,1,50,0,0,1732,5,0,3.142857142857143,5.0,2.6666666666666665
1,1,1,56,0,0,315,5,11,3.7142857142857144,3.6666666666666665,2.0
0,0,1,48,1,2,3864,1,0,2.7142857142857144,3.0,2.6666666666666665
1,1,1,20,1,2,2016,4,0,4.285714285714286,5.0,4.666666666666667
1,1,1,34,0,0,1507,3,0,4.142857142857143,4.0,4.333333333333333
1,0,1,66,1,2,510,4,0,4.142857142857143,4.333333333333333,4.0
0,1,1,47,0,0,878,4,0,3.0,3.0,3.0
0,0,0,20,1,0,1767,0,0,2.2857142857142856,2.0,4.333333333333333
1,1,0,22,1,2,2608,0,53,4.285714285714286,2.0,2.6666666666666665
0,0,1,58,0,0,1756,5,6,3.2857142857142856,1.3333333333333333,3.3333333333333335
1,0,1,41,1,2,1818,3,63,3.0,4.0,3.0
1,0,1,42,1,0,1639,5,0,3.857142857142857,4.0,4.666666666666667
0,0,1,10,0,0,1857,5,0,3.7142857142857144,4.0,4.0
1,0,1,20,0,2,2252,4,0,3.0,5.0,3.3333333333333335
0,0,1,37,0,0,1927,1,0,3.0,5.0,2.6666666666666665
0,0,0,25,1,1,2473,2,181,2.2857142857142856,3.6666666666666665,3.3333333333333335
1,0,1,23,1,2,2988,3,4,4.142857142857143,5.0,3.3333333333333335
0,1,0,24,1,0,2553,3,0,2.857142857142857,2.0,3.3333333333333335
1,1,1,30,1,2,2328,1,6,3.857142857142857,5.0,3.0
1,1,1,43,1,2,1130,5,0,4.571428571428571,4.0,4.333333333333333
1,1,1,49,0,0,1525,5,12,3.857142857142857,3.3333333333333335,3.3333333333333335
1,0,1,65,0,1,2210,4,0,3.857142857142857,5.0,4.333333333333333
1,1,1,31,0,0,3208,5,0,4.0,3.0,4.333333333333333
1,1,1,42,1,2,3534,3,0,3.0,3.3333333333333335,2.6666666666666665
1,1,1,48,1,2,3075,0,5,3.2,2.6666666666666665,3.0
1,1,0,24,1,0,2180,3,0,2.7142857142857144,1.0,3.0
1,1,0,48,1,2,1847,4,0,4.285714285714286,4.0,3.3333333333333335
1,0,1,53,1,0,2382,5,14,3.7142857142857144,3.0,3.3333333333333335
1,1,1,59,1,0,426,1,0,4.285714285714286,4.333333333333333,2.3333333333333335
1,0,1,49,1,2,1711,5,4,4.571428571428571,4.333333333333333,4.666666666666667
0,0,1,51,0,0,1588,5,0,3.4285714285714284,4.0,4.0
1,0,1,52,1,2,337,5,8,4.142857142857143,4.333333333333333,4.666666666666667
1,1,1,10,0,0,2888,3,0,3.5714285714285716,4.333333333333333,3.0
1,0,1,25,1,2,2441,1,23,3.2857142857142856,5.0,1.3333333333333333
1,0,1,31,1,2,3958,2,37,2.857142857142857,3.0,2.6666666666666665
1,1,1,32,0,0,2176,4,7,3.2,2.0,2.6666666666666665
0,1,1,43,1,2,1166,1,65,3.5714285714285716,4.0,2.0
1,0,1,46,1,0,1892,5,173,3.857142857142857,5.0,4.666666666666667
1,1,1,65,0,0,265,0,0,3.0,2.3333333333333335,3.3333333333333335
1,1,0,22,1,0,2184,5,0,4.0,2.0,4.0
0,1,1,48,1,2,572,1,0,2.0,3.0,2.0
1,1,1,68,0,0,330,5,0,4.285714285714286,5.0,4.666666666666667
1,0,1,49,1,2,546,4,0,4.0,2.6666666666666665,3.3333333333333335
1,1,1,50,1,2,2306,5,0,4.142857142857143,4.0,4.0
0,0,1,52,0,0,1709,5,0,2.2857142857142856,4.0,3.0
0,1,1,17,0,0,1914,5,84,4.142857142857143,1.0,4.333333333333333
0,1,0,23,1,0,1816,5,111,3.4285714285714284,2.3333333333333335,3.6666666666666665
1,1,1,42,1,2,1800,3,0,4.0,4.666666666666667,3.6666666666666665
1,1,1,40,1,2,3843,0,97,3.6,4.333333333333333,4.333333333333333
0,1,1,9,1,0,2407,3,323,2.5714285714285716,2.0,2.0
1,1,1,16,1,2,3339,5,6,3.5714285714285716,4.0,4.0
0,0,1,43,1,0,1859,3,1,2.2857142857142856,2.0,2.6666666666666665
0,1,0,25,1,0,1794,4,1,2.857142857142857,4.0,4.333333333333333
0,0,1,67,0,0,1988,5,6,2.4285714285714284,1.0,3.3333333333333335
1,0,1,26,1,2,2188,1,0,3.4285714285714284,4.0,3.0
1,1,1,44,0,0,440,4,15,3.857142857142857,1.6666666666666667,2.3333333333333335
0,0,1,13,0,0,6063,0,0,3.5714285714285716,4.0,3.0
1,0,1,32,1,2,3955,5,1,4.142857142857143,4.0,4.333333333333333
1,0,1,43,1,2,952,4,0,3.7142857142857144,3.6666666666666665,3.6666666666666665
0,0,1,31,0,0,2126,4,10,3.0,3.0,4.333333333333333
1,1,1,42,0,0,434,2,0,3.7142857142857144,4.666666666666667,4.0
0,0,0,63,1,0,1422,1,0,3.2857142857142856,2.3333333333333335,3.0
0,0,1,48,0,0,2441,5,2,4.0,1.0,4.333333333333333
1,1,1,50,0,0,1040,3,0,3.142857142857143,3.0,2.3333333333333335
1,1,1,23,0,0,1987,5,0,4.285714285714286,4.0,4.666666666666667
1,0,1,48,1,2,588,2,0,3.5714285714285716,3.3333333333333335,3.0
1,0,1,42,1,0,1392,1,53,3.857142857142857,4.0,3.0
0,0,1,56,1,2,3232,2,0,2.857142857142857,2.3333333333333335,2.0
0,1,1,64,1,0,319,2,0,2.0,2.0,2.6666666666666665
1,1,1,42,1,2,1174,5,0,4.428571428571429,4.333333333333333,4.0
0,1,1,56,1,2,1116,5,57,2.7142857142857144,3.0,3.3333333333333335
0,0,1,32,1,0,1985,2,4,3.2857142857142856,5.0,1.6666666666666667
1,1,1,52,0,1,1104,2,76,3.7142857142857144,4.666666666666667,4.0
1,1,1,23,0,0,1563,5,18,4.857142857142857,3.0,4.0
1,1,1,40,1,2,457,5,0,4.571428571428571,4.666666666666667,4.333333333333333
0,1,0,50,1,0,2640,3,0,3.0,5.0,3.0
0,0,1,29,0,1,1255,4,0,3.8,5.0,3.6666666666666665
0,0,1,48,0,0,1572,4,0,3.142857142857143,2.0,3.3333333333333335
1,1,1,29,0,0,1429,5,0,4.857142857142857,4.666666666666667,4.333333333333333
1,1,1,45,1,2,2501,0,0,4.4,4.0,2.6666666666666665
0,0,1,44,0,0,1710,1,10,2.2857142857142856,1.0,2.3333333333333335
1,0,0,27,1,2,2443,0,0,4.25,4.0,3.0
1,0,1,57,1,2,798,2,0,3.4285714285714284,4.333333333333333,3.0
0,1,1,65,1,2,355,4,85,2.4285714285714284,2.3333333333333335,2.3333333333333335
1,0,1,45,1,2,500,4,0,4.142857142857143,4.666666666666667,4.0
0,1,0,26,1,0,1500,4,0,1.7142857142857142,4.0,2.0
1,0,1,40,1,2,966,2,0,3.4285714285714284,4.666666666666667,3.0
0,1,0,26,1,0,1345,1,111,2.142857142857143,2.0,3.0
1,1,1,25,1,2,2713,2,0,3.857142857142857,4.0,3.0
0,0,1,54,0,0,1679,5,7,3.5714285714285716,1.0,4.666666666666667
1,0,1,48,1,2,2893,5,0,4.142857142857143,4.666666666666667,4.666666666666667
1,0,1,33,1,2,3844,2,0,3.7142857142857144,4.333333333333333,3.3333333333333335
1,1,1,67,0,0,595,4,2,4.0,2.3333333333333335,3.6666666666666665
1,1,1,31,1,2,4770,3,8,3.5714285714285716,4.0,4.333333333333333
1,0,1,51,1,2,1938,3,7,2.857142857142857,3.3333333333333335,2.6666666666666665
1,0,1,48,1,2,2770,4,24,3.857142857142857,4.333333333333333,3.6666666666666665
0,1,0,29,1,0,1334,0,0,2.5714285714285716,2.6666666666666665,3.0
0,0,1,37,1,2,3476,1,25,3.0,3.3333333333333335,1.6666666666666667
0,0,1,40,1,2,3233,1,0,3.142857142857143,3.6666666666666665,3.0
1,0,1,27,1,0,2481,2,4,3.2857142857142856,5.0,3.3333333333333335
1,0,1,42,1,2,3027,3,29,4.142857142857143,4.333333333333333,3.6666666666666665
0,0,1,45,0,0,1688,1,110,2.5714285714285716,2.6666666666666665,1.0
0,0,0,38,1,0,1986,2,29,2.2857142857142856,2.0,3.0
1,1,1,44,1,2,3059,5,2,4.571428571428571,4.666666666666667,5.0
0,0,1,67,0,1,2047,4,0,3.5714285714285716,4.0,4.333333333333333
0,0,1,25,1,0,1422,2,0,2.5714285714285716,2.6666666666666665,3.0
0,1,1,33,1,2,340,5,18,2.4285714285714284,3.3333333333333335,3.3333333333333335
1,1,1,47,0,2,573,4,0,4.142857142857143,4.333333333333333,4.666666666666667
1,1,1,43,1,0,1015,1,55,2.857142857142857,2.0,2.3333333333333335
1,1,1,56,1,2,1884,4,19,4.142857142857143,4.0,4.333333333333333
1,0,1,46,1,2,1145,3,0,3.4285714285714284,4.333333333333333,3.6666666666666665
0,0,0,33,1,0,1274,1,60,2.857142857142857,2.0,3.0
1,0,1,19,0,0,4283,5,4,4.0,3.0,4.0
0,0,1,37,1,0,1410,1,0,2.4285714285714284,2.0,2.6666666666666665
0,0,1,11,0,0,2787,4,4,3.0,3.0,3.3333333333333335
1,1,1,33,1,0,1533,4,0,4.285714285714286,5.0,4.0
0,1,1,9,0,0,2365,5,37,3.5714285714285716,3.0,4.333333333333333
0,0,1,42,0,0,2031,5,6,2.7142857142857144,3.0,3.6666666666666665
1,1,1,31,1,2,4392,3,0,3.7142857142857144,4.0,3.3333333333333335
1,1,1,53,1,2,3331,3,0,4.142857142857143,5.0,4.0
1,1,1,49,1,2,3732,4,0,4.142857142857143,4.333333333333333,4.666666666666667
1,1,1,40,1,2,3936,2,25,3.857142857142857,4.333333333333333,3.3333333333333335
1,1,1,58,0,0,420,3,0,4.571428571428571,3.3333333333333335,3.3333333333333335
1,1,1,42,0,0,655,1,0,3.7142857142857144,4.333333333333333,3.3333333333333335
1,0,1,47,1,2,2123,4,24,3.7142857142857144,4.333333333333333,4.333333333333333
1,0,1,52,1,2,3821,3,0,3.7142857142857144,4.333333333333333,4.0
1,1,1,61,0,0,1258,3,0,3.857142857142857,3.3333333333333335,3.0
0,0,1,48,0,0,1578,1,0,2.5714285714285716,4.0,3.3333333333333335
1,1,1,43,1,2,6232,3,21,2.857142857142857,3.0,3.3333333333333335
1,1,1,55,1,2,658,5,0,4.714285714285714,4.0,5.0
0,0,1,23,0,0,1709,5,23,2.857142857142857,2.0,3.6666666666666665
1,1,1,52,0,0,682,5,2,3.142857142857143,3.3333333333333335,3.3333333333333335
0,0,1,27,0,0,2146,5,42,3.2857142857142856,2.0,4.0
0,1,0,45,1,2,2328,2,8,3.4285714285714284,5.0,4.0
0,0,1,46,0,0,1837,4,0,2.857142857142857,2.0,4.0
0,1,1,34,1,2,2984,4,73,2.857142857142857,3.3333333333333335,2.0
1,1,1,35,1,1,1628,2,0,3.857142857142857,4.0,2.3333333333333335
0,1,0,26,1,2,2406,5,39,3.142857142857143,2.0,3.3333333333333335
0,0,1,51,1,2,1526,1,9,1.8571428571428572,2.3333333333333335,1.6666666666666667
1,1,1,43,1,2,959,4,0,4.0,4.0,3.6666666666666665
0,1,1,53,1,2,3510,1,3,1.1428571428571428,1.0,1.3333333333333333
0,0,1,37,1,2,3975,2,0,2.0,2.6666666666666665,2.3333333333333335
0,0,1,29,1,2,4447,3,31,3.2857142857142856,4.0,2.3333333333333335
0,0,1,28,0,0,1979,5,18,3.4285714285714284,3.3333333333333335,3.3333333333333335
0,0,0,38,1,2,2123,2,0,3.2857142857142856,4.0,4.666666666666667
1,1,1,24,1,2,3433,1,3,3.142857142857143,4.0,3.0
1,1,1,49,0,0,364,4,9,3.857142857142857,4.0,2.3333333333333335
1,1,1,29,0,0,2977,5,3,3.857142857142857,4.0,3.6666666666666665
1,1,1,45,1,2,657,2,16,4.142857142857143,4.666666666666667,3.3333333333333335
1,1,1,33,1,0,1713,5,19,3.5714285714285716,5.0,3.3333333333333335
1,1,1,52,1,2,1890,5,0,4.142857142857143,4.0,4.333333333333333
0,1,1,26,1,2,2565,1,8,3.142857142857143,2.3333333333333335,2.6666666666666665
1,0,1,38,1,2,872,1,0,2.7142857142857144,2.6666666666666665,3.0
0,0,1,56,1,1,1479,5,6,3.4285714285714284,3.0,3.6666666666666665
0,1,1,57,1,0,891,3,0,2.5714285714285716,2.6666666666666665,3.0
1,1,1,26,1,2,4401,4,0,3.857142857142857,5.0,4.333333333333333
0,0,1,52,0,2,4540,1,163,3.0,2.6666666666666665,2.3333333333333335
0,0,1,24,1,2,2786,4,1,3.5714285714285716,5.0,3.3333333333333335
0,0,1,8,0,0,1839,5,5,3.4285714285714284,4.0,3.3333333333333335
1,1,1,42,1,2,3679,1,7,3.4285714285714284,3.3333333333333335,2.0
1,0,1,60,1,2,732,3,11,3.4285714285714284,4.0,3.6666666666666665
0,1,0,24,1,0,1755,4,0,4.0,5.0,4.0
1,0,1,42,1,2,2693,0,19,3.8,4.0,3.6666666666666665
1,1,1,56,0,0,1401,2,0,4.428571428571429,5.0,3.0
1,1,1,11,0,0,1753,3,13,4.142857142857143,4.666666666666667,3.6666666666666665
1,1,1,47,1,1,2697,3,41,4.0,3.0,3.3333333333333335
0,1,0,63,1,0,1713,1,0,2.857142857142857,4.0,3.0
1,0,1,49,1,2,303,2,0,4.142857142857143,5.0,4.0
0,0,1,50,0,0,958,4,21,3.6,2.0,4.666666666666667
1,0,1,57,1,2,2662,2,0,3.142857142857143,4.333333333333333,3.3333333333333335
0,1,0,25,1,0,1635,2,3,2.5714285714285716,1.0,3.0
0,1,1,78,1,0,235,4,0,1.4285714285714286,1.6666666666666667,1.3333333333333333
1,1,1,55,1,2,2235,4,8,3.7142857142857144,4.0,3.6666666666666665
0,0,1,59,0,1,1511,5,0,3.4285714285714284,1.0,3.3333333333333335
1,1,1,70,0,0,371,3,20,2.5714285714285716,2.0,1.6666666666666667
1,0,0,29,1,2,1499,4,0,3.5714285714285716,2.0,3.3333333333333335
0,0,1,31,1,0,2352,5,0,3.0,3.0,3.6666666666666665
1,0,1,39,1,2,1481,1,30,3.7142857142857144,4.333333333333333,3.6666666666666665
1,1,1,23,0,0,2465,4,31,4.285714285714286,3.6666666666666665,3.6666666666666665
0,0,1,28,1,0,1509,5,0,3.4285714285714284,2.0,3.0
0,0,0,37,1,0,2274,3,46,3.142857142857143,2.0,3.0
0,1,0,9,1,0,3556,1,0,2.142857142857143,4.0,2.3333333333333335
0,1,1,26,1,1,1743,3,0,3.0,2.3333333333333335,3.0
1,0,1,45,1,2,2188,4,31,3.4285714285714284,3.6666666666666665,3.3333333333333335
0,0,1,26,0,0,1444,2,0,2.142857142857143,2.0,2.3333333333333335
1,1,1,27,0,0,1247,5,3,4.571428571428571,5.0,4.666666666666667
0,0,0,13,1,0,1636,2,0,3.0,5.0,3.6666666666666665
1,0,1,10,0,0,2130,4,0,4.285714285714286,5.0,3.3333333333333335
1,1,1,49,1,2,273,3,46,4.285714285714286,4.333333333333333,4.0
0,1,1,46,1,2,3050,1,0,1.4285714285714286,2.0,1.3333333333333333
1,0,1,50,1,2,1544,3,24,4.0,4.333333333333333,4.0
1,1,1,50,1,2,2054,5,0,4.857142857142857,4.666666666666667,4.0
1,1,1,26,0,0,2049,5,0,4.428571428571429,4.0,4.666666666666667
0,0,0,26,1,0,1533,4,8,3.2857142857142856,5.0,3.3333333333333335
0,1,0,30,1,0,1257,1,0,3.0,4.0,3.0
1,0,1,42,0,0,2406,4,0,3.857142857142857,5.0,4.666666666666667
1,1,1,41,1,2,688,1,0,3.0,3.6666666666666665,3.3333333333333335
0,0,1,47,1,0,1876,1,96,3.2857142857142856,3.0,2.3333333333333335
0,1,1,53,0,0,426,5,69,3.857142857142857,3.0,3.0
0,0,1,47,1,2,3178,2,0,3.857142857142857,3.3333333333333335,3.0
1,0,1,28,1,2,3185,3,44,4.285714285714286,5.0,3.6666666666666665
0,0,1,56,0,0,1775,5,0,3.0,3.0,4.666666666666667
0,1,1,13,0,2,1988,5,30,4.428571428571429,4.0,4.333333333333333
1,0,1,59,1,2,3034,2,22,3.5714285714285716,4.666666666666667,3.6666666666666665
0,1,1,36,1,2,312,4,43,2.4285714285714284,2.6666666666666665,2.3333333333333335
1,0,1,45,1,2,1039,4,0,4.571428571428571,4.666666666666667,4.666666666666667
0,0,1,45,0,0,1532,3,0,3.7142857142857144,4.0,2.3333333333333335
1,1,0,27,1,0,1326,5,9,2.0,3.0,2.6666666666666665
1,1,1,59,1,0,858,4,3,3.7142857142857144,4.0,3.6666666666666665
1,1,1,31,1,0,1190,5,0,3.857142857142857,5.0,3.6666666666666665
0,1,1,54,1,0,404,1,1,2.857142857142857,3.3333333333333335,2.0
1,0,1,52,1,2,3574,4,25,4.0,4.333333333333333,4.333333333333333
1,1,1,43,1,2,2274,3,5,4.0,4.333333333333333,4.0
0,1,0,39,1,2,1578,1,0,1.4285714285714286,1.0,3.3333333333333335
0,0,1,10,0,0,2145,4,0,4.142857142857143,4.0,2.6666666666666665
1,0,0,26,1,2,1746,4,0,4.285714285714286,2.0,4.333333333333333
0,0,1,31,1,2,3664,4,27,1.8571428571428572,1.0,3.0
0,1,0,32,1,0,2114,0,0,2.857142857142857,3.0,3.6666666666666665
1,1,1,66,0,0,891,2,0,3.4285714285714284,4.666666666666667,3.3333333333333335
1,1,1,56,0,0,566,5,0,4.571428571428571,4.666666666666667,3.6666666666666665
1,1,1,33,1,2,993,4,0,4.571428571428571,4.0,4.666666666666667
1,1,1,8,0,0,1835,1,0,3.5714285714285716,4.333333333333333,3.0
1,1,1,58,1,2,419,1,0,3.0,4.666666666666667,2.6666666666666665
1,1,1,64,0,0,775,5,0,4.285714285714286,4.0,4.333333333333333
1,0,1,33,1,2,2375,1,0,3.4285714285714284,4.0,3.3333333333333335
1,1,1,22,0,2,2752,1,18,3.4285714285714284,4.333333333333333,3.3333333333333335
0,0,1,27,1,2,3802,2,0,3.0,3.0,2.3333333333333335
1,1,1,56,1,2,3238,4,42,4.142857142857143,4.0,4.0
1,1,1,54,1,2,2547,2,13,3.142857142857143,4.333333333333333,3.3333333333333335
0,0,1,45,0,1,2162,5,24,3.5714285714285716,3.0,4.0
0,0,1,55,0,0,1590,4,0,3.142857142857143,4.0,3.3333333333333335
0,0,1,22,0,0,1713,2,0,2.5714285714285716,4.333333333333333,3.6666666666666665
0,1,1,50,1,2,192,4,11,3.0,2.6666666666666665,3.6666666666666665
1,1,1,58,1,2,2599,2,0,3.2857142857142856,4.333333333333333,3.6666666666666665
1,1,1,57,1,2,2249,2,0,4.142857142857143,4.333333333333333,4.0
1,1,1,38,1,2,579,2,0,3.5714285714285716,4.666666666666667,3.0
1,1,1,57,1,0,224,4,0,3.142857142857143,2.0,4.0
1,0,1,51,0,0,2712,5,0,4.571428571428571,3.0,5.0
0,0,1,45,1,0,2224,2,24,2.0,1.0,2.6666666666666665
0,0,0,24,1,0,2294,2,7,2.2857142857142856,3.0,3.6666666666666665
1,1,1,45,1,2,1490,3,4,4.714285714285714,4.333333333333333,5.0
0,1,0,38,1,0,1735,0,0,2.4285714285714284,1.6666666666666667,2.6666666666666665
1,0,0,10,1,0,1677,4,2,3.5714285714285716,5.0,3.3333333333333335
1,1,1,49,0,0,222,3,0,4.0,4.333333333333333,3.3333333333333335
1,0,1,26,1,2,1802,3,0,3.857142857142857,4.0,3.6666666666666665
0,0,1,46,0,0,2280,3,0,2.2857142857142856,1.0,2.6666666666666665
0,0,1,39,1,2,1453,4,0,3.2857142857142856,3.3333333333333335,3.3333333333333335
0,0,1,39,0,0,4263,5,15,3.7142857142857144,3.6666666666666665,4.0
1,0,1,31,1,2,1459,2,0,3.7142857142857144,4.0,3.0
0,0,1,41,1,0,2768,5,1,3.7142857142857144,3.0,3.3333333333333335
0,0,1,20,0,0,3081,2,0,1.8571428571428572,1.0,2.6666666666666665
0,0,1,53,0,0,2111,4,0,3.2857142857142856,5.0,3.0
0,1,0,34,1,2,1743,3,23,3.4285714285714284,2.0,4.666666666666667
0,1,0,25,1,2,1434,5,0,2.5714285714285716,3.0,3.6666666666666665
1,1,1,70,0,0,1267,5,0,4.285714285714286,2.3333333333333335,3.6666666666666665
1,1,1,56,0,0,980,5,7,3.5714285714285716,4.0,4.333333333333333
0,1,0,10,0,2,1625,4,1,2.2857142857142856,3.6666666666666665,3.6666666666666665
0,0,0,20,1,0,1681,1,20,3.2857142857142856,4.333333333333333,2.6666666666666665
1,0,1,40,1,2,730,5,0,4.714285714285714,4.666666666666667,4.333333333333333
1,0,1,28,1,2,1119,4,6,3.7142857142857144,4.0,3.6666666666666665
1,0,1,42,1,2,1773,4,0,4.0,4.0,3.6666666666666665
1,1,1,48,1,2,2495,5,0,4.0,4.0,4.333333333333333
1,0,1,33,1,2,5084,2,0,4.142857142857143,4.0,4.0
0,0,1,29,1,2,2895,5,729,3.142857142857143,2.0,3.3333333333333335
0,1,1,31,1,1,1482,1,54,3.142857142857143,3.0,2.3333333333333335
0,0,1,69,0,0,4048,2,0,3.5714285714285716,5.0,3.0
1,0,1,49,1,2,94,4,20,4.0,3.6666666666666665,3.3333333333333335
0,0,1,13,0,0,2400,4,8,4.285714285714286,4.0,4.0
1,0,1,32,0,0,1227,4,3,4.285714285714286,4.0,4.333333333333333
1,1,1,36,0,0,1013,5,0,4.571428571428571,3.6666666666666665,3.6666666666666665
0,1,1,57,0,0,1297,5,45,3.857142857142857,4.0,4.0
0,0,1,17,0,0,2961,4,0,3.0,5.0,4.333333333333333
0,0,1,28,1,0,1950,2,0,2.7142857142857144,3.0,2.0
1,1,1,40,1,2,2717,2,4,3.5714285714285716,4.666666666666667,3.6666666666666665
0,0,1,38,1,2,3821,3,25,3.7142857142857144,2.6666666666666665,2.6666666666666665
0,1,1,46,1,2,1810,2,0,3.2857142857142856,2.6666666666666665,2.3333333333333335
0,0,1,32,1,2,3360,4,56,3.0,3.0,2.6666666666666665
1,1,1,37,0,0,2465,4,0,4.0,4.333333333333333,4.333333333333333
1,0,1,54,1,2,3306,4,56,4.142857142857143,4.666666666666667,4.0
1,0,1,65,1,2,984,1,2,3.142857142857143,3.3333333333333335,2.6666666666666665
1,1,1,35,1,2,3528,1,0,3.2857142857142856,3.6666666666666665,2.6666666666666665
0,1,1,22,1,0,1681,4,3,3.4285714285714284,3.3333333333333335,3.6666666666666665
0,0,1,51,1,2,573,2,4,3.4285714285714284,3.6666666666666665,2.3333333333333335
0,1,1,42,0,2,829,5,26,3.2857142857142856,4.0,3.6666666666666665
1,1,1,47,1,2,2005,4,57,3.0,3.3333333333333335,3.6666666666666665
1,1,1,29,1,2,2620,2,0,3.4285714285714284,4.0,1.6666666666666667
0,0,1,50,1,0,2135,3,111,2.7142857142857144,2.0,2.6666666666666665
1,1,1,35,1,0,1929,3,59,3.4285714285714284,5.0,2.0
1,1,1,14,0,0,3610,2,3,4.0,5.0,4.0
1,0,1,33,1,2,2006,5,0,4.571428571428571,4.0,4.333333333333333
1,0,1,52,1,2,3212,2,10,2.857142857142857,4.333333333333333,3.3333333333333335
0,0,0,24,1,0,2004,0,0,4.0,3.0,3.6666666666666665
1,1,1,52,0,0,598,5,23,4.714285714285714,4.0,4.333333333333333
0,0,1,10,0,0,2498,1,0,2.2857142857142856,2.0,2.6666666666666665
0,0,1,65,0,2,1610,5,0,2.5714285714285716,3.0,3.0
1,1,1,25,0,1,1649,2,0,3.4285714285714284,3.0,3.6666666666666665
0,0,0,44,1,0,1735,0,13,2.857142857142857,3.0,3.3333333333333335
1,1,1,33,1,2,1121,4,0,4.142857142857143,3.3333333333333335,4.666666666666667
1,0,1,37,1,2,376,2,52,2.7142857142857144,3.3333333333333335,2.3333333333333335
0,0,1,42,0,0,1981,4,9,3.0,4.0,2.3333333333333335
0,0,1,36,1,2,65,2,93,3.4285714285714284,3.3333333333333335,3.0
1,0,1,48,1,2,812,3,0,3.4285714285714284,4.0,3.3333333333333335
0,0,1,38,0,0,1222,4,45,3.2857142857142856,5.0,3.6666666666666665
1,0,1,54,0,0,2201,4,0,3.857142857142857,1.0,4.333333333333333
0,1,1,54,1,0,984,1,27,2.2857142857142856,2.6666666666666665,1.6666666666666667
0,1,1,49,1,0,1057,3,0,3.142857142857143,2.6666666666666665,2.3333333333333335
1,1,1,31,1,2,2859,2,0,3.5714285714285716,4.0,3.6666666666666665
1,1,1,43,1,2,467,1,28,3.4285714285714284,4.666666666666667,3.6666666666666665
0,0,0,30,1,0,2070,4,0,3.2857142857142856,2.0,3.3333333333333335
1,0,1,41,1,2,3381,1,4,2.857142857142857,4.0,3.0
0,0,1,7,0,0,2104,1,1,2.0,2.0,2.6666666666666665
1,0,0,23,1,0,2020,4,0,3.5,2.0,4.333333333333333
1,1,1,50,1,0,1080,5,0,3.4285714285714284,3.3333333333333335,3.3333333333333335
1,1,1,22,0,0,1149,3,13,3.0,4.0,3.6666666666666665
0,1,1,41,1,2,3114,3,128,2.4285714285714284,3.0,2.3333333333333335
0,0,1,25,1,2,5406,3,0,1.7142857142857142,2.0,2.6666666666666665
1,1,1,36,1,0,2767,2,36,3.5714285714285716,5.0,3.6666666666666665
0,1,1,39,1,0,1173,1,9,2.2857142857142856,2.0,3.0
0,0,1,23,1,1,1617,5,0,2.0,1.0,3.6666666666666665
0,0,0,25,1,0,1308,3,4,2.2857142857142856,4.0,2.0
0,1,0,31,1,0,3339,4,21,3.2857142857142856,1.0,2.6666666666666665
1,1,1,37,1,2,2334,5,38,4.428571428571429,3.0,4.333333333333333
0,0,1,47,1,0,1917,4,24,3.0,3.0,3.0
0,0,0,32,1,2,2071,2,9,3.0,3.0,4.0
0,0,1,54,0,0,2506,4,0,3.4285714285714284,5.0,3.3333333333333335
1,0,0,24,1,0,1997,4,59,4.0,2.0,4.0
1,0,1,12,0,0,3113,5,0,2.5,2.3333333333333335,2.3333333333333335
1,1,1,48,1,0,361,2,0,2.857142857142857,3.0,3.0
1,1,1,61,0,2,587,2,0,3.2857142857142856,3.6666666666666665,3.0
1,1,1,43,1,2,1310,1,0,3.0,4.333333333333333,3.0
1,1,1,60,0,1,801,2,0,3.7142857142857144,2.6666666666666665,2.3333333333333335
0,1,1,59,1,0,1706,3,0,2.5714285714285716,3.3333333333333335,2.0
1,1,1,39,1,2,1983,4,0,3.857142857142857,4.0,4.333333333333333
1,1,1,15,0,2,1784,1,0,3.2857142857142856,4.333333333333333,3.0
1,0,1,32,0,0,2234,4,1,4.285714285714286,2.0,3.3333333333333335
0,1,0,36,1,0,2332,0,0,3.4285714285714284,4.0,4.0
0,0,1,33,0,0,1571,4,0,2.7142857142857144,4.0,4.0
1,1,1,22,1,2,2895,5,3,4.428571428571429,5.0,3.3333333333333335
0,0,1,45,1,2,1914,3,0,2.5714285714285716,1.6666666666666667,2.3333333333333335
0,1,1,53,1,2,1082,2,0,2.4285714285714284,2.0,2.6666666666666665
1,0,1,57,1,2,1618,2,1,3.5714285714285716,4.666666666666667,3.6666666666666665
1,1,1,38,0,0,3860,4,14,3.0,3.0,4.333333333333333
0,0,0,21,1,0,1523,1,1,1.8571428571428572,2.0,2.6666666666666665
0,0,1,35,0,1,2236,5,14,3.2857142857142856,4.0,2.0
1,0,1,33,1,2,3396,3,0,3.4285714285714284,4.0,2.3333333333333335
0,1,0,35,1,1,1302,2,6,2.2857142857142856,1.0,3.3333333333333335
1,1,1,44,1,0,2427,3,5,3.5714285714285716,3.3333333333333335,3.6666666666666665
0,0,1,50,1,1,2260,2,13,1.7142857142857142,1.0,2.0
1,0,1,59,1,2,2143,3,0,3.0,3.0,3.0
1,1,1,26,0,0,2092,3,125,3.4285714285714284,3.3333333333333335,3.0
0,0,1,18,0,0,1963,1,8,1.7142857142857142,1.0,3.3333333333333335
1,1,1,53,1,0,240,1,2,3.5714285714285716,2.6666666666666665,3.3333333333333335
1,0,1,49,1,2,3859,5,0,4.285714285714286,4.333333333333333,4.666666666666667
0,0,1,13,0,0,1756,5,0,3.142857142857143,3.0,3.6666666666666665
1,1,1,21,0,0,2541,4,0,4.285714285714286,4.0,4.333333333333333
1,1,1,26,0,0,2408,1,0,3.0,4.0,3.0
0,1,1,15,0,0,1848,3,55,2.4285714285714284,2.3333333333333335,2.0
0,0,1,23,0,0,1017,5,0,3.2857142857142856,3.0,4.666666666666667
1,0,0,15,1,0,1609,5,55,4.428571428571429,5.0,2.6666666666666665
1,1,0,25,1,2,1763,4,0,4.571428571428571,4.0,3.6666666666666665
0,1,1,36,0,0,1614,4,178,2.2857142857142856,1.3333333333333333,2.3333333333333335
1,1,1,60,1,2,443,1,1,3.857142857142857,4.666666666666667,3.0
0,0,1,22,1,2,2951,2,0,3.0,3.0,1.6666666666666667
1,0,1,58,1,2,1787,5,0,4.714285714285714,5.0,4.333333333333333
1,1,1,68,0,0,1090,5,120,4.428571428571429,4.333333333333333,4.333333333333333
0,0,0,26,1,0,1939,4,83,3.0,3.0,3.3333333333333335
1,1,1,16,0,0,1885,2,9,3.857142857142857,4.0,4.0
1,0,1,43,1,2,1601,1,95,3.5714285714285716,4.0,3.6666666666666665
0,1,1,28,1,0,1726,4,11,2.4285714285714284,1.0,3.6666666666666665
1,0,1,49,1,0,2714,1,0,2.857142857142857,4.0,3.3333333333333335
0,1,1,37,1,2,2979,2,15,2.7142857142857144,2.3333333333333335,2.3333333333333335
1,0,0,23,1,0,1399,4,0,3.5714285714285716,1.6666666666666667,2.6666666666666665
0,1,1,23,1,0,2232,5,13,2.5714285714285716,1.3333333333333333,3.6666666666666665
1,0,1,38,1,0,1783,2,0,3.5714285714285716,4.0,1.6666666666666667
1,1,1,55,1,2,1956,1,56,3.4285714285714284,5.0,3.0
1,0,1,36,1,2,106,3,0,3.857142857142857,4.666666666666667,3.6666666666666665
0,0,1,60,0,0,1718,3,0,3.0,4.0,3.0
1,0,1,48,1,2,1041,5,0,4.142857142857143,4.666666666666667,4.0
0,0,1,17,0,0,2559,4,8,2.142857142857143,1.0,3.3333333333333335
1,1,1,12,0,0,1305,3,0,3.7142857142857144,1.0,2.6666666666666665
0,0,1,38,1,0,2388,1,1,2.857142857142857,3.0,2.6666666666666665
0,0,0,63,0,0,1212,4,0,3.0,2.0,3.0
0,1,1,42,1,2,1445,1,12,2.2857142857142856,2.0,1.6666666666666667
0,1,0,27,1,0,2225,3,10,3.4285714285714284,3.0,2.6666666666666665
1,1,1,35,1,2,2428,2,0,3.4285714285714284,5.0,3.6666666666666665
1,0,1,54,1,2,2979,1,0,3.4285714285714284,4.666666666666667,3.0
1,0,0,62,1,2,1780,5,6,4.0,3.3333333333333335,4.0
1,0,1,33,1,2,4396,1,2,3.4285714285714284,5.0,3.3333333333333335
1,0,1,52,1,2,1712,1,0,3.142857142857143,4.333333333333333,3.3333333333333335
1,1,1,41,1,2,1646,2,49,3.5714285714285716,3.6666666666666665,3.6666666666666665
0,0,1,31,0,0,2167,4,27,3.2857142857142856,3.0,2.6666666666666665
0,1,0,37,1,2,1706,2,0,2.5714285714285716,2.0,3.3333333333333335
0,1,1,57,1,2,3652,1,5,1.5714285714285714,1.6666666666666667,1.0
0,0,0,26,1,2,2298,3,0,3.857142857142857,3.0,4.0
0,0,1,29,1,2,3507,2,8,3.142857142857143,4.0,2.6666666666666665
1,1,1,20,1,2,4249,2,0,3.0,4.0,2.0
1,1,1,14,0,0,3273,4,8,3.857142857142857,3.3333333333333335,4.0
1,1,1,19,0,0,1955,2,0,3.2857142857142856,3.6666666666666665,2.0
0,0,1,51,1,2,208,4,87,2.5714285714285716,2.0,2.0
0,0,1,65,0,2,330,5,18,3.4285714285714284,4.333333333333333,1.6666666666666667
0,1,1,39,0,0,2616,5,140,3.0,3.3333333333333335,3.3333333333333335
1,0,1,50,1,2,632,1,0,3.4285714285714284,4.0,3.0
1,1,1,43,1,2,941,4,22,4.571428571428571,5.0,4.0
1,1,0,22,1,2,2301,0,0,4.0,1.0,4.333333333333333
0,1,1,69,0,1,821,3,34,4.142857142857143,3.0,3.3333333333333335
1,0,1,31,1,0,2058,5,0,3.2857142857142856,4.0,3.6666666666666665
0,1,0,38,1,2,1848,1,0,3.0,4.333333333333333,4.333333333333333
0,0,0,39,1,0,1499,4,71,2.2857142857142856,3.0,3.6666666666666665
0,1,0,28,1,2,1426,2,5,3.2857142857142856,3.0,3.6666666666666665
1,1,0,41,1,2,1664,5,0,3.7142857142857144,4.0,3.0
1,0,1,48,1,0,1881,5,0,3.4285714285714284,4.0,2.6666666666666665
1,0,1,45,1,2,1417,4,22,3.857142857142857,3.3333333333333335,3.6666666666666665
1,1,1,52,1,2,1608,2,2,3.4285714285714284,4.0,2.6666666666666665
0,1,1,67,0,0,1098,5,0,4.142857142857143,5.0,3.0
1,0,1,22,1,2,4761,5,3,4.857142857142857,5.0,4.666666666666667
0,0,1,23,1,2,4852,3,0,3.142857142857143,4.0,2.6666666666666665
1,1,1,22,1,2,4753,3,13,3.142857142857143,4.0,3.6666666666666665
1,1,1,55,1,2,3249,2,6,3.7142857142857144,4.666666666666667,3.3333333333333335
1,0,1,52,1,2,3157,2,0,4.0,4.0,4.0
0,0,0,40,1,0,1336,0,14,3.0,4.0,3.3333333333333335
1,0,1,50,1,2,1570,1,56,3.857142857142857,3.6666666666666665,3.0
1,0,1,37,1,2,1476,3,0,3.857142857142857,3.6666666666666665,4.0
1,0,1,43,1,2,1530,2,6,3.857142857142857,4.333333333333333,3.3333333333333335
1,0,1,24,1,1,2770,5,0,4.142857142857143,4.333333333333333,3.3333333333333335
0,0,1,48,0,0,3711,4,0,3.2857142857142856,2.3333333333333335,4.0
1,1,1,35,1,0,2408,5,2,4.285714285714286,5.0,2.6666666666666665
1,0,0,37,1,2,2622,5,65,4.0,1.0,4.0
0,0,1,62,1,0,1568,1,6,3.2857142857142856,3.0,2.0
0,0,0,33,1,2,2008,5,0,4.571428571428571,3.0,3.6666666666666665
0,1,1,70,1,2,1300,4,16,3.5714285714285716,3.6666666666666665,3.6666666666666665
1,0,1,39,1,2,3574,2,2,3.142857142857143,4.0,3.3333333333333335
0,1,1,49,1,2,2331,1,0,2.2857142857142856,3.0,2.0
1,0,1,51,1,0,1398,2,0,3.2857142857142856,5.0,1.6666666666666667
0,0,0,25,1,0,2164,3,0,2.857142857142857,1.0,2.3333333333333335
1,0,1,23,1,2,3185,4,0,4.0,4.0,4.0
0,1,1,18,0,0,2044,4,0,3.0,1.0,3.6666666666666665
0,1,0,27,1,0,1527,3,0,3.2857142857142856,3.0,2.3333333333333335
1,1,1,38,0,0,1820,5,6,3.7142857142857144,4.0,3.6666666666666665
0,0,1,22,1,2,2025,5,68,3.2857142857142856,2.0,4.0
1,1,1,48,1,2,2821,5,73,4.857142857142857,4.666666666666667,4.333333333333333
1,1,0,48,1,2,2048,4,0,4.142857142857143,3.0,4.333333333333333
1,1,1,60,1,2,236,3,1,4.142857142857143,4.333333333333333,4.0
1,0,1,43,1,2,984,1,0,2.4285714285714284,2.3333333333333335,3.0
1,1,1,62,1,2,1682,4,0,4.2,3.3333333333333335,4.333333333333333
0,0,1,23,1,2,2933,4,25,2.7142857142857144,3.0,4.0
1,1,1,53,0,2,444,1,0,3.4285714285714284,4.333333333333333,3.6666666666666665
1,0,0,30,1,2,2369,4,0,3.7142857142857144,2.0,3.0
0,1,1,31,1,0,2441,4,0,3.0,3.0,3.3333333333333335
0,0,1,38,1,2,643,5,44,3.5714285714285716,2.0,3.3333333333333335
0,1,1,8,1,2,4401,4,0,1.8571428571428572,1.0,3.6666666666666665
1,0,1,48,1,2,2117,4,52,4.428571428571429,4.666666666666667,4.666666666666667
0,0,1,16,0,0,1966,4,0,2.5714285714285716,3.0,3.0
1,1,0,56,1,1,1800,4,7,2.7142857142857144,2.0,3.3333333333333335
0,0,1,14,0,0,2480,4,0,2.5714285714285716,1.0,2.6666666666666665
1,1,1,56,1,0,432,4,16,4.428571428571429,4.666666666666667,3.6666666666666665
1,1,0,17,1,2,1860,4,0,3.857142857142857,3.0,3.3333333333333335
1,1,1,55,1,2,449,3,0,4.428571428571429,5.0,4.333333333333333
0,1,1,43,1,0,2349,4,2,1.8571428571428572,2.0,2.3333333333333335
0,0,1,27,1,2,4815,3,43,3.5714285714285716,4.0,3.6666666666666665
1,1,1,56,1,2,838,2,0,3.7142857142857144,4.0,3.3333333333333335
1,0,1,47,1,2,2431,2,0,3.2857142857142856,4.666666666666667,3.0
1,1,1,52,0,2,955,4,0,3.7142857142857144,4.0,4.0
1,1,1,29,0,0,1851,3,37,4.142857142857143,4.666666666666667,3.6666666666666665
1,1,1,45,1,2,3596,2,0,4.142857142857143,4.333333333333333,3.3333333333333335
0,1,1,56,1,0,672,4,0,3.857142857142857,3.3333333333333335,3.6666666666666665
1,1,1,29,0,0,2168,4,0,2.857142857142857,4.0,3.6666666666666665
1,1,1,58,1,0,799,2,16,3.7142857142857144,2.6666666666666665,3.3333333333333335
0,1,1,28,1,2,2929,4,1,2.857142857142857,2.0,3.0
1,1,1,24,0,0,2299,5,0,4.571428571428571,5.0,4.333333333333333
0,0,1,43,1,2,1646,1,0,3.7142857142857144,2.6666666666666665,2.6666666666666665
0,0,1,27,1,1,1892,3,0,3.4285714285714284,3.0,3.6666666666666665
0,0,0,38,1,0,1136,4,0,3.2857142857142856,3.0,2.6666666666666665
0,1,1,24,0,1,1738,2,46,3.2857142857142856,1.0,3.0
0,1,1,69,1,0,887,3,68,3.142857142857143,2.3333333333333335,3.3333333333333335
0,0,1,66,0,0,1628,3,1,2.142857142857143,3.0,2.0
0,0,0,28,1,0,1787,3,42,3.0,1.0,3.3333333333333335
1,1,0,23,1,2,1840,0,0,4.0,4.0,4.333333333333333
1,1,1,56,1,0,1025,3,0,4.0,2.6666666666666665,4.0
1,1,1,30,1,2,4923,3,4,3.2857142857142856,2.0,2.3333333333333335
1,0,1,43,1,0,2925,4,0,3.857142857142857,5.0,4.666666666666667
0,0,1,13,0,0,2383,4,45,2.7142857142857144,2.3333333333333335,3.0
0,0,0,39,1,2,1716,1,1,2.7142857142857144,3.0,3.3333333333333335
0,0,1,63,0,0,1830,4,21,2.857142857142857,1.0,3.6666666666666665
1,1,1,46,1,2,428,3,0,3.142857142857143,3.6666666666666665,3.3333333333333335
1,1,1,10,0,0,2503,4,4,3.857142857142857,4.0,3.6666666666666665
0,0,1,37,1,0,3544,1,75,1.8571428571428572,2.0,1.0
1,1,1,17,0,2,1943,4,0,4.714285714285714,4.0,4.0
1,0,1,33,1,0,1815,0,0,1.6,1.0,2.0
0,0,1,60,1,2,3455,3,0,1.7142857142857142,2.0,2.3333333333333335
1,1,1,30,1,1,4062,0,0,3.0,1.0,2.6666666666666665
1,1,1,34,0,0,1981,5,0,3.4285714285714284,1.0,3.6666666666666665
1,1,1,45,1,2,520,4,0,4.428571428571429,4.333333333333333,4.0
1,0,1,40,1,2,1863,5,17,4.142857142857143,4.0,4.0
0,1,1,33,1,0,1415,4,0,3.0,3.0,3.0
1,0,1,39,1,2,1820,4,0,4.142857142857143,4.333333333333333,4.666666666666667
1,1,1,48,1,2,706,1,0,3.0,4.333333333333333,3.0
0,1,0,29,1,0,1471,3,1,3.5714285714285716,4.0,3.3333333333333335
0,0,0,25,1,0,1682,0,78,2.5714285714285716,2.0,2.6666666666666665
1,0,1,45,1,2,607,1,100,3.5714285714285716,4.333333333333333,3.6666666666666665
1,0,1,32,1,0,4263,5,0,4.857142857142857,3.6666666666666665,3.6666666666666665
1,1,1,21,0,0,1587,4,0,4.285714285714286,2.0,3.0
1,0,1,45,1,0,1489,4,3,2.5714285714285716,2.0,2.6666666666666665
0,0,0,27,1,2,3318,3,0,3.857142857142857,4.0,4.333333333333333
1,1,1,46,1,2,1021,4,0,3.142857142857143,3.3333333333333335,3.6666666666666665
0,0,1,19,0,0,1460,4,0,3.7142857142857144,4.0,3.6666666666666665
1,1,1,59,1,2,3585,2,0,4.142857142857143,4.0,4.0
0,0,1,56,0,0,2014,3,0,2.142857142857143,2.0,2.3333333333333335
0,0,1,68,0,0,1559,4,42,3.857142857142857,3.0,3.6666666666666665
0,0,1,31,1,1,2848,1,0,2.2857142857142856,2.0,2.0
0,1,1,62,1,2,2217,5,20,4.0,3.3333333333333335,4.333333333333333
0,0,1,17,0,0,1402,2,47,3.142857142857143,1.0,2.0
0,0,1,31,1,2,2976,3,0,1.7142857142857142,1.0,3.0
1,0,1,22,1,1,1352,2,0,3.142857142857143,3.6666666666666665,2.3333333333333335
0,0,1,67,0,0,1116,5,0,2.4285714285714284,1.0,4.666666666666667
0,0,1,46,0,0,1787,4,0,4.428571428571429,5.0,3.3333333333333335
1,1,1,48,1,0,453,2,21,3.7142857142857144,3.0,3.6666666666666665
1,1,1,53,1,2,839,5,86,3.7142857142857144,3.6666666666666665,3.6666666666666665
0,0,0,24,1,0,2033,3,0,2.4285714285714284,3.0,2.6666666666666665
1,1,1,27,1,2,2844,5,14,4.428571428571429,5.0,3.0
0,0,0,26,1,2,2740,3,205,3.7142857142857144,3.6666666666666665,3.3333333333333335
0,1,0,49,1,0,2252,4,0,3.0,4.0,3.0
0,1,0,22,1,0,2079,2,0,2.857142857142857,4.0,2.6666666666666665
0,1,0,20,1,0,2626,2,0,2.0,3.0,2.3333333333333335
0,0,1,47,1,0,1214,5,55,3.2857142857142856,3.0,3.6666666666666665
0,0,0,21,1,0,1643,2,5,2.0,1.0,2.3333333333333335
1,1,1,55,0,0,136,4,0,4.0,3.6666666666666665,3.3333333333333335
0,0,1,25,0,0,1620,1,0,3.7142857142857144,5.0,3.0
1,0,1,68,0,0,1851,5,0,4.428571428571429,5.0,3.3333333333333335
0,1,1,52,1,2,1515,1,0,2.4285714285714284,2.3333333333333335,2.6666666666666665
0,0,1,29,0,0,2602,3,0,1.2857142857142858,1.0,4.666666666666667
0,0,1,33,1,2,3439,4,0,2.5714285714285716,2.0,3.0
0,0,1,32,0,0,1805,4,3,3.5714285714285716,2.0,3.6666666666666665
0,0,1,8,0,0,3695,3,0,2.5714285714285716,4.0,3.6666666666666665
1,1,1,80,1,2,1800,4,5,3.7142857142857144,4.666666666666667,4.666666666666667
0,1,0,24,1,0,1998,3,172,3.4285714285714284,3.3333333333333335,3.3333333333333335
0,0,1,23,1,0,1389,2,17,2.857142857142857,3.0,2.0
1,0,1,28,1,2,1896,5,0,4.428571428571429,5.0,3.6666666666666665
1,1,1,47,1,2,1132,2,0,3.2857142857142856,4.333333333333333,3.3333333333333335
0,1,0,20,1,0,2694,3,0,2.5714285714285716,1.0,3.0
1,0,1,59,1,2,1725,1,0,3.142857142857143,4.0,3.3333333333333335
1,1,1,49,1,1,281,2,8,3.5714285714285716,3.3333333333333335,3.0
1,0,1,28,1,2,1799,5,41,4.285714285714286,4.0,4.333333333333333
0,0,1,48,1,2,2972,1,10,3.2857142857142856,3.6666666666666665,3.0
1,1,1,41,1,2,502,3,33,3.7142857142857144,3.0,3.6666666666666665
0,0,1,58,1,2,1751,3,0,2.5714285714285716,3.0,3.0
1,1,1,20,1,2,1618,2,0,3.0,2.0,3.6666666666666665
1,1,0,23,1,0,2762,5,23,4.285714285714286,1.0,4.333333333333333
1,1,1,55,1,2,606,1,62,3.142857142857143,4.333333333333333,2.6666666666666665
0,0,1,55,0,0,3404,4,0,3.2857142857142856,5.0,2.6666666666666665
0,0,1,11,0,1,2244,5,0,3.5714285714285716,4.666666666666667,5.0
1,1,1,36,0,0,1406,4,7,4.428571428571429,4.0,3.6666666666666665
1,1,1,52,1,2,823,5,33,4.857142857142857,4.666666666666667,4.333333333333333
0,0,1,60,0,0,2623,4,1,2.857142857142857,2.0,3.0
1,1,1,31,1,2,5122,3,0,3.0,3.0,3.3333333333333335
1,0,1,36,0,1,1827,4,0,4.714285714285714,5.0,1.6666666666666667
0,0,1,57,1,0,2089,4,0,3.5714285714285716,4.0,3.0
0,1,0,36,1,2,1609,3,0,3.142857142857143,1.0,4.333333333333333
1,0,1,40,1,0,1631,1,0,3.857142857142857,5.0,2.6666666666666665
1,0,1,51,1,2,883,5,0,4.142857142857143,4.666666666666667,4.333333333333333
0,0,1,22,0,0,2040,3,182,3.4285714285714284,4.666666666666667,3.6666666666666665
1,0,1,44,1,0,2242,1,0,2.142857142857143,2.0,2.3333333333333335
0,1,1,51,0,0,908,3,0,4.428571428571429,3.3333333333333335,3.3333333333333335
1,0,0,19,1,2,2354,0,78,3.7142857142857144,2.0,3.3333333333333335
0,1,1,40,1,2,3649,1,0,3.4285714285714284,3.6666666666666665,2.6666666666666665
1,1,1,23,1,2,2462,4,0,3.2857142857142856,4.0,3.0
1,1,1,44,0,0,637,3,5,3.4285714285714284,3.0,3.3333333333333335
0,1,1,25,1,2,3498,3,34,2.4285714285714284,2.0,3.6666666666666665
1,1,1,26,1,2,2129,5,2,4.428571428571429,4.0,4.333333333333333
0,1,1,29,1,2,2711,5,0,3.0,2.0,3.3333333333333335
0,1,0,15,1,0,1945,1,2,1.7142857142857142,2.6666666666666665,4.0
1,0,1,55,1,2,544,3,0,3.857142857142857,4.0,4.0
0,0,1,48,1,0,2353,1,6,2.0,1.0,1.6666666666666667
0,0,1,39,1,1,2593,4,0,4.142857142857143,4.0,2.6666666666666665
1,0,1,48,1,2,1576,2,0,3.4285714285714284,4.666666666666667,3.6666666666666665
0,0,1,35,1,2,1068,3,0,3.142857142857143,3.3333333333333335,3.3333333333333335
0,0,1,10,0,1,742,4,33,2.7142857142857144,3.0,2.6666666666666665
0,0,1,51,0,1,1908,3,17,2.857142857142857,1.0,3.0
0,0,1,10,0,0,2321,4,19,3.5714285714285716,1.0,4.333333333333333
1,1,1,66,0,0,1511,2,0,4.428571428571429,4.333333333333333,3.0
0,0,1,41,0,0,2112,4,0,3.2857142857142856,3.0,2.6666666666666665
1,1,1,52,1,2,1684,3,0,3.7142857142857144,5.0,3.3333333333333335
0,1,0,22,1,0,2679,1,27,2.857142857142857,5.0,3.6666666666666665
0,0,1,25,1,2,4007,2,48,3.0,3.0,2.6666666666666665
1,1,1,58,0,0,293,3,13,3.857142857142857,4.333333333333333,4.0
0,0,1,49,1,2,494,2,6,2.0,1.6666666666666667,2.0
0,0,1,57,0,0,1249,4,0,3.142857142857143,1.0,4.333333333333333
1,1,1,51,1,2,691,2,0,3.857142857142857,4.333333333333333,4.0
1,1,1,41,0,0,3799,4,0,3.7142857142857144,4.0,3.3333333333333335
0,0,0,24,1,0,2048,2,0,2.5714285714285716,1.0,2.6666666666666665
1,1,0,21,1,0,1763,3,0,3.4285714285714284,2.3333333333333335,3.6666666666666665
1,0,1,57,1,2,342,5,0,4.142857142857143,3.6666666666666665,3.3333333333333335
1,0,1,58,1,2,1983,3,0,3.7142857142857144,3.3333333333333335,4.0
1,1,1,15,0,0,1745,2,0,3.5714285714285716,3.6666666666666665,3.0
1,1,0,22,1,0,1209,5,12,3.0,1.0,3.3333333333333335
0,0,1,36,0,1,1969,5,5,2.142857142857143,2.0,2.6666666666666665
0,1,0,22,1,0,1939,1,0,2.5714285714285716,3.0,3.3333333333333335
1,0,1,44,1,2,3431,2,70,3.4285714285714284,4.333333333333333,4.0
0,0,1,32,0,0,1257,5,0,3.0,2.0,3.6666666666666665
1,1,0,22,1,0,2958,4,0,3.2857142857142856,1.0,3.6666666666666665
0,0,1,41,0,0,1692,5,0,3.0,3.0,4.333333333333333
0,0,0,25,1,0,1833,3,0,2.2857142857142856,1.0,4.333333333333333
0,0,1,31,1,0,2202,3,0,2.142857142857143,1.0,3.0
1,1,1,42,1,2,2631,1,0,3.2857142857142856,4.333333333333333,3.0
1,1,1,35,1,2,911,3,0,4.428571428571429,4.666666666666667,4.0
0,1,1,19,0,0,1429,4,37,3.2857142857142856,1.0,3.0
1,0,1,34,1,2,5280,1,144,2.857142857142857,4.333333333333333,3.3333333333333335
0,1,1,40,0,0,2939,5,4,3.857142857142857,4.0,3.0
0,0,1,80,1,2,2427,3,0,3.142857142857143,2.6666666666666665,2.6666666666666665
0,0,1,33,1,2,2999,3,3,2.2857142857142856,2.0,3.3333333333333335
0,1,0,18,1,1,1555,2,0,1.7142857142857142,2.0,3.6666666666666665
0,0,1,29,1,2,4739,5,0,4.0,4.0,4.0
1,0,1,47,1,2,1663,1,6,3.7142857142857144,4.333333333333333,3.0
1,1,1,31,1,2,2330,5,0,3.4285714285714284,5.0,3.3333333333333335
0,0,1,34,1,2,535,1,12,3.5714285714285716,4.0,2.0
0,1,1,61,0,0,289,5,27,3.857142857142857,4.666666666666667,4.666666666666667
0,1,1,20,1,2,4840,1,2,2.7142857142857144,3.0,2.0
1,0,0,25,1,0,3039,5,3,4.0,5.0,3.0
0,1,0,10,1,0,2959,3,33,2.2857142857142856,2.0,1.6666666666666667
0,0,0,37,1,2,1573,2,63,2.7142857142857144,3.0,4.666666666666667
1,1,1,34,0,0,2025,5,10,3.2857142857142856,4.333333333333333,4.666666666666667
1,0,1,25,1,2,3106,5,0,4.285714285714286,3.0,4.333333333333333
0,0,0,23,1,0,1924,2,28,3.142857142857143,3.0,3.0
1,0,1,54,1,2,1998,4,0,4.571428571428571,4.333333333333333,3.6666666666666665
1,1,1,30,1,2,4470,5,15,3.5714285714285716,3.0,3.0
0,0,1,66,1,1,3310,2,9,2.7142857142857144,2.0,2.6666666666666665
0,0,1,48,1,0,1230,3,0,2.857142857142857,2.0,3.6666666666666665
1,1,1,50,0,1,1054,2,55,3.5714285714285716,4.0,3.3333333333333335
0,1,1,72,1,2,2225,1,34,1.4285714285714286,1.6666666666666667,1.3333333333333333
1,1,1,52,1,2,2547,1,4,4.0,4.666666666666667,2.6666666666666665
1,0,0,27,1,0,2487,5,0,3.5714285714285716,2.0,3.6666666666666665
0,1,1,47,0,0,882,3,15,3.5714285714285716,2.6666666666666665,2.6666666666666665
0,1,1,38,1,2,2091,5,0,3.7142857142857144,3.6666666666666665,3.3333333333333335
0,1,1,37,1,1,1793,4,0,3.0,2.0,3.0
1,1,0,25,1,2,2322,5,0,4.428571428571429,5.0,4.0
0,0,1,36,1,0,2143,1,0,2.5714285714285716,3.0,2.3333333333333335
1,1,1,46,1,0,1055,2,17,4.285714285714286,3.6666666666666665,3.6666666666666665
1,1,1,51,1,0,236,3,0,3.2857142857142856,3.0,2.6666666666666665
1,0,1,34,1,2,3816,4,46,3.4285714285714284,4.0,3.6666666666666665
0,1,0,46,1,0,2064,4,0,2.0,2.0,3.6666666666666665
0,0,0,15,1,0,1909,2,0,2.857142857142857,1.6666666666666667,3.0
1,1,1,44,1,2,485,4,0,3.7142857142857144,3.6666666666666665,4.0
1,0,1,60,1,2,1582,1,0,3.2857142857142856,4.666666666666667,3.3333333333333335
0,1,1,61,1,2,457,5,20,3.2857142857142856,3.3333333333333335,3.0
0,0,1,16,0,0,2977,3,0,2.7142857142857144,4.0,2.3333333333333335
0,0,1,51,1,2,3025,5,7,2.4285714285714284,2.6666666666666665,2.3333333333333335
1,1,1,30,1,2,2039,1,21,3.4285714285714284,5.0,2.6666666666666665
0,1,0,22,1,0,1852,0,0,2.7142857142857144,4.0,3.6666666666666665
1,0,1,33,1,1,2523,0,0,3.5,4.0,3.3333333333333335
0,0,0,33,1,0,2270,0,0,3.2857142857142856,3.0,2.3333333333333335
1,0,0,37,1,2,1793,5,0,4.285714285714286,4.0,4.666666666666667
1,0,1,57,1,2,1987,2,0,3.5714285714285716,4.333333333333333,3.6666666666666665
1,0,1,44,1,2,2026,5,13,4.285714285714286,4.0,4.333333333333333
1,0,1,40,1,2,2607,5,0,4.0,4.666666666666667,4.333333333333333
0,1,0,24,1,0,2645,2,0,2.5714285714285716,5.0,4.0
1,1,1,39,1,2,2166,2,83,4.142857142857143,4.0,3.3333333333333335
0,1,0,50,1,1,1598,3,0,3.0,2.0,3.6666666666666665
0,0,1,58,0,0,2114,5,0,2.142857142857143,2.6666666666666665,3.6666666666666665
1,1,1,56,1,2,2246,3,3,3.857142857142857,4.333333333333333,3.3333333333333335
0,0,1,27,0,0,1705,3,0,2.2857142857142856,5.0,2.0
1,1,1,31,0,2,2151,4,0,4.714285714285714,4.0,4.666666666666667
0,0,0,27,1,0,2578,1,1,1.8571428571428572,3.0,2.6666666666666665
1,0,1,20,0,0,819,2,53,2.857142857142857,1.0,3.6666666666666665
1,0,1,30,1,2,2615,2,0,3.142857142857143,3.0,4.0
0,0,1,32,0,0,1714,5,0,1.7142857142857142,3.0,2.6666666666666665
0,1,1,58,1,2,113,1,0,1.7142857142857142,2.0,1.3333333333333333
1,1,1,47,1,2,647,5,0,4.428571428571429,4.333333333333333,5.0
0,0,0,35,1,2,2665,2,0,2.857142857142857,1.0,2.6666666666666665
1,0,1,56,1,2,1460,2,115,3.142857142857143,4.0,3.3333333333333335
1,1,1,62,0,0,637,5,0,3.0,3.0,3.6666666666666665
1,1,0,26,1,2,1081,5,0,3.5714285714285716,2.0,4.333333333333333
0,1,0,25,1,2,1986,0,0,3.0,2.0,3.3333333333333335
0,0,1,67,1,0,1539,5,42,2.5714285714285716,2.0,3.6666666666666665
1,1,1,63,0,0,323,2,0,3.4285714285714284,4.666666666666667,3.6666666666666665
0,1,1,33,1,1,2291,5,0,2.2857142857142856,1.0,3.3333333333333335
0,1,0,29,1,0,1613,3,5,3.0,1.0,3.0
0,0,1,53,1,2,2264,1,200,2.7142857142857144,2.6666666666666665,2.3333333333333335
1,1,1,34,0,0,1268,1,0,3.142857142857143,3.0,2.6666666666666665
0,0,0,37,1,1,1171,3,0,2.4285714285714284,2.0,3.0
0,0,0,36,1,0,1728,1,0,2.5714285714285716,5.0,3.3333333333333335
0,1,0,22,1,0,2074,0,1,3.4285714285714284,2.0,4.666666666666667
1,0,1,36,1,2,2725,5,0,4.142857142857143,4.0,4.333333333333333
1,0,1,48,1,2,3045,4,0,4.0,4.0,3.6666666666666665
0,1,1,40,1,0,1959,2,0,2.2857142857142856,2.0,2.6666666666666665
0,1,0,27,1,2,2055,2,0,3.142857142857143,4.0,2.6666666666666665
1,0,1,60,1,2,3223,4,0,3.857142857142857,4.0,4.0
1,1,1,30,0,1,1158,3,5,4.285714285714286,4.333333333333333,3.6666666666666665
0,0,1,75,1,2,3125,1,0,3.142857142857143,3.6666666666666665,2.6666666666666665
0,0,1,20,1,0,1623,4,0,2.5714285714285716,1.6666666666666667,4.0
1,0,1,49,1,2,2102,4,23,4.0,4.333333333333333,3.6666666666666665
0,1,0,22,1,0,1525,1,41,2.142857142857143,3.0,2.6666666666666665
0,0,1,9,0,2,1969,5,117,1.8571428571428572,3.0,2.6666666666666665
0,0,1,65,0,0,1809,4,4,3.857142857142857,3.0,3.3333333333333335
1,0,1,32,1,2,2865,1,11,3.4285714285714284,5.0,1.3333333333333333
1,1,1,41,0,0,1962,3,18,4.0,5.0,3.3333333333333335
1,1,1,49,0,0,441,5,0,4.142857142857143,4.333333333333333,3.6666666666666665
1,1,1,46,0,0,583,3,2,3.857142857142857,4.333333333333333,4.0
0,1,1,39,1,2,2900,1,9,3.0,3.0,2.3333333333333335
1,0,1,60,1,2,242,3,0,4.285714285714286,4.0,3.6666666666666665
0,0,1,25,0,0,1575,4,10,3.142857142857143,1.0,3.6666666666666665
1,1,1,40,1,2,452,4,0,4.571428571428571,4.666666666666667,4.0
0,1,1,68,1,2,2602,1,0,3.142857142857143,3.0,3.0
1,1,1,55,1,2,1852,1,0,2.857142857142857,2.6666666666666665,3.6666666666666665
0,0,0,31,1,2,2987,1,126,1.5714285714285714,2.6666666666666665,3.0
0,0,1,18,0,0,1769,4,72,2.4285714285714284,2.0,3.0
0,0,1,60,1,2,3151,1,81,2.4285714285714284,3.0,1.3333333333333333
0,0,1,56,0,1,1801,2,0,2.4285714285714284,3.0,2.6666666666666665
0,1,0,36,1,0,1933,4,0,2.142857142857143,2.0,2.6666666666666665
0,1,0,27,1,0,2386,2,0,1.7142857142857142,2.0,2.3333333333333335
1,0,1,52,1,2,135,4,0,3.4285714285714284,2.3333333333333335,4.333333333333333
1,0,1,32,0,0,1457,4,0,4.285714285714286,4.0,4.0
0,0,1,22,0,0,2078,2,0,2.0,2.3333333333333335,2.6666666666666665
1,0,1,39,1,2,3206,5,338,4.0,4.0,4.333333333333333
1,0,1,31,1,0,1254,0,45,3.0,3.0,4.333333333333333
0,1,1,48,0,0,218,2,0,4.0,3.3333333333333335,2.6666666666666665
1,0,1,46,1,2,2600,5,0,3.2857142857142856,4.666666666666667,2.6666666666666665
1,1,1,26,1,2,3103,2,0,3.7142857142857144,5.0,3.6666666666666665
0,0,1,49,1,2,385,4,10,3.857142857142857,4.0,3.6666666666666665
1,0,1,29,1,2,2850,2,0,3.0,4.0,3.3333333333333335
0,1,1,45,1,0,1614,3,4,3.5714285714285716,4.0,3.0
1,1,1,39,1,2,489,4,0,3.5714285714285716,4.0,4.0
0,0,1,54,1,2,1021,3,0,1.8571428571428572,2.0,2.0
1,1,1,35,1,2,262,0,44,2.8,2.6666666666666665,3.0
1,1,1,38,0,0,2959,2,0,4.285714285714286,4.333333333333333,4.0
1,1,1,43,0,0,636,4,2,3.4285714285714284,4.666666666666667,3.6666666666666665
0,1,0,38,1,0,1581,3,17,2.2857142857142856,1.0,2.0
1,1,1,59,1,2,841,3,0,4.285714285714286,4.333333333333333,4.333333333333333
1,1,1,39,1,2,3143,4,0,3.4285714285714284,2.6666666666666665,3.0
0,1,1,36,1,0,1210,2,0,2.0,2.0,2.6666666666666665
1,0,1,56,1,2,4012,0,0,3.0,3.3333333333333335,2.0
1,0,1,39,1,2,2523,2,107,4.0,4.333333333333333,3.3333333333333335
1,1,1,44,0,1,1419,5,6,4.142857142857143,4.333333333333333,4.0
0,0,1,57,0,0,2322,3,25,3.2857142857142856,3.0,2.3333333333333335
1,0,1,52,1,2,5984,2,52,3.142857142857143,4.333333333333333,3.3333333333333335
1,1,1,64,0,0,856,3,0,3.7142857142857144,4.333333333333333,3.0
0,1,0,26,1,0,2610,3,0,3.142857142857143,3.3333333333333335,4.0
0,0,1,63,1,0,2136,4,0,3.2857142857142856,3.0,3.0
0,0,1,36,0,0,2512,4,0,3.0,1.0,4.666666666666667
1,0,1,49,1,2,256,3,0,4.0,4.333333333333333,3.6666666666666665
0,1,1,37,1,0,1395,3,0,4.0,5.0,2.3333333333333335
1,1,1,59,1,2,1894,3,0,4.142857142857143,2.3333333333333335,3.6666666666666665
0,0,1,36,0,0,2216,5,14,3.142857142857143,1.6666666666666667,4.0
0,0,1,8,0,0,1772,1,0,3.2857142857142856,4.0,2.0
1,0,1,54,1,2,462,1,0,3.0,3.3333333333333335,2.3333333333333335
1,0,1,43,1,2,841,1,0,3.142857142857143,4.666666666666667,2.6666666666666665
0,0,1,22,0,0,1767,4,0,2.7142857142857144,2.0,3.3333333333333335
1,1,1,12,0,0,2574,4,0,4.571428571428571,5.0,4.333333333333333
1,0,1,60,1,2,650,2,0,3.4285714285714284,4.333333333333333,3.0
0,0,1,48,1,2,3527,1,12,2.2857142857142856,3.0,1.3333333333333333
1,0,1,53,1,2,1074,2,0,2.857142857142857,4.0,3.0
1,1,0,26,1,0,1860,4,0,3.2857142857142856,2.0,3.0
0,1,0,26,1,0,825,1,0,3.0,4.666666666666667,3.3333333333333335
1,0,1,60,1,2,3481,2,69,3.4285714285714284,4.0,3.0
1,1,1,15,0,2,2455,1,11,3.4285714285714284,4.0,2.6666666666666665
1,0,1,28,1,2,4463,2,45,3.0,5.0,3.3333333333333335
1,0,1,38,1,0,1968,5,5,3.2857142857142856,4.0,4.333333333333333
1,0,1,22,1,2,2271,2,47,3.0,5.0,1.6666666666666667
0,0,1,53,1,0,2589,5,0,2.857142857142857,2.0,3.3333333333333335
1,0,1,39,1,2,2332,5,124,5.0,5.0,5.0
1,0,1,49,0,0,1303,4,0,4.285714285714286,3.6666666666666665,3.6666666666666665
1,0,1,34,1,2,2478,3,0,3.4285714285714284,3.3333333333333335,3.3333333333333335
0,0,1,49,0,2,525,5,12,2.857142857142857,4.0,3.6666666666666665
0,0,1,49,0,0,1638,4,23,3.5714285714285716,3.6666666666666665,4.333333333333333
0,0,1,15,0,1,2627,5,39,3.857142857142857,4.0,4.0
1,0,1,58,1,2,2543,3,0,4.285714285714286,4.666666666666667,4.0
1,1,1,50,1,2,643,5,0,4.714285714285714,4.333333333333333,4.333333333333333
1,1,0,39,1,2,1664,5,40,4.0,4.0,3.6666666666666665
0,1,1,61,1,2,1616,1,0,2.4285714285714284,3.0,2.6666666666666665
1,1,1,13,0,0,2367,2,0,4.428571428571429,4.0,3.3333333333333335
0,1,1,18,1,2,1329,5,0,3.0,1.0,3.0
1,0,0,54,1,2,2481,4,0,4.142857142857143,5.0,4.333333333333333
0,1,0,23,1,0,879,0,0,2.857142857142857,4.0,3.0
1,0,1,43,1,0,1854,5,0,3.4285714285714284,4.0,3.0
0,0,1,57,1,2,864,2,3,3.0,3.3333333333333335,2.6666666666666665
1,1,0,23,1,0,2284,5,0,4.285714285714286,5.0,3.0
1,1,1,49,1,1,998,3,0,3.7142857142857144,4.0,3.3333333333333335
1,1,1,16,0,0,2594,3,0,4.0,4.0,4.0
1,0,1,45,1,2,2490,5,2,4.428571428571429,4.666666666666667,4.333333333333333
0,0,1,49,1,2,1712,4,0,2.4285714285714284,2.6666666666666665,2.3333333333333335
0,1,1,12,1,2,5267,5,25,3.4285714285714284,2.0,4.0
0,0,0,17,1,0,1653,1,16,3.2857142857142856,2.3333333333333335,2.3333333333333335
0,0,1,56,0,0,2336,5,0,3.2857142857142856,1.0,3.6666666666666665
1,0,1,48,1,2,2133,5,0,4.0,4.333333333333333,4.333333333333333
0,1,1,34,0,0,2448,5,10,3.7142857142857144,2.3333333333333335,3.3333333333333335
1,1,1,25,1,2,3937,2,0,3.2857142857142856,4.0,3.6666666666666665
0,1,0,21,1,0,1198,3,0,2.7142857142857144,2.0,3.0
0,0,1,28,0,0,3973,4,0,3.857142857142857,2.0,4.333333333333333
1,1,1,49,1,2,377,2,0,3.2857142857142856,4.0,3.6666666666666665
0,1,0,25,1,0,1828,2,61,2.0,2.0,2.6666666666666665
0,0,0,24,1,0,1614,4,0,3.5714285714285716,3.0,3.6666666666666665
0,1,0,38,1,0,1766,2,0,2.0,1.0,1.6666666666666667
1,1,1,68,0,0,665,5,0,4.0,3.6666666666666665,4.333333333333333
0,0,1,32,0,0,2392,3,0,3.4285714285714284,4.0,4.0
0,0,1,29,1,1,2514,2,0,2.4285714285714284,2.0,3.3333333333333335
0,0,1,40,1,2,2703,1,0,2.7142857142857144,3.0,1.3333333333333333
1,1,1,59,0,0,489,3,0,3.5714285714285716,3.0,2.3333333333333335
1,1,1,45,0,1,886,2,1,3.2857142857142856,4.0,3.3333333333333335
1,0,1,48,1,2,3852,2,6,3.857142857142857,4.666666666666667,3.6666666666666665
0,0,1,16,1,2,3965,1,2,3.142857142857143,3.0,2.6666666666666665
1,1,1,58,1,2,266,2,0,4.0,4.666666666666667,3.6666666666666665
0,0,0,26,1,0,2450,3,0,2.857142857142857,2.0,3.6666666666666665
0,0,1,56,0,1,2549,5,6,3.0,3.0,3.3333333333333335
0,0,1,7,0,0,2834,4,15,3.5714285714285716,3.3333333333333335,4.333333333333333
0,0,1,35,1,1,2819,5,1,2.5714285714285716,2.0,3.6666666666666665
1,0,1,48,1,2,1406,3,0,4.142857142857143,4.333333333333333,4.0
1,0,0,30,1,2,2883,5,76,4.142857142857143,3.0,4.0
0,0,0,36,1,2,1164,2,21,3.2857142857142856,2.0,4.333333333333333
0,1,1,22,1,2,1560,5,4,2.857142857142857,2.0,4.333333333333333
1,0,1,57,0,0,1204,3,0,3.857142857142857,3.0,2.6666666666666665
0,1,1,53,1,1,897,3,17,2.4285714285714284,3.3333333333333335,2.6666666666666665
1,0,1,40,1,2,2917,5,0,4.0,4.333333333333333,4.0
1,1,1,54,0,0,275,3,0,3.5714285714285716,4.0,3.3333333333333335
1,1,1,47,1,2,2460,5,16,4.285714285714286,3.6666666666666665,4.666666666666667
0,0,1,53,0,0,1355,2,0,2.7142857142857144,4.0,3.0
1,1,0,23,1,0,2058,3,0,4.142857142857143,5.0,1.0
0,1,0,44,1,2,5091,3,7,3.142857142857143,4.0,3.3333333333333335
1,0,1,45,1,2,391,4,0,4.142857142857143,3.3333333333333335,4.0
1,1,1,56,1,0,456,3,0,4.285714285714286,2.6666666666666665,3.3333333333333335
1,0,0,24,1,0,2351,4,0,3.7142857142857144,3.6666666666666665,3.0
0,0,0,44,1,0,1594,4,0,2.4,3.0,3.6666666666666665
1,1,1,44,1,2,644,3,0,3.7142857142857144,4.333333333333333,4.0
0,1,1,25,1,2,1827,4,104,3.0,2.0,4.0
1,1,1,24,0,0,2349,2,0,3.4285714285714284,3.6666666666666665,3.3333333333333335
0,0,0,42,1,2,6951,2,1,2.5714285714285716,1.6666666666666667,3.6666666666666665
0,0,1,46,1,0,1535,5,0,3.4285714285714284,3.0,3.6666666666666665
0,1,1,33,1,0,1294,5,61,3.2857142857142856,3.0,2.6666666666666665
0,1,0,36,1,0,1708,2,0,2.7142857142857144,5.0,2.6666666666666665
1,0,0,22,1,2,2226,0,0,3.4285714285714284,3.0,2.3333333333333335
1,0,1,38,1,2,1335,3,0,3.5714285714285716,3.3333333333333335,3.0
0,0,1,48,0,2,857,4,0,2.857142857142857,4.0,2.3333333333333335
0,0,1,19,0,0,2334,5,0,3.142857142857143,5.0,4.666666666666667
1,0,1,60,1,2,2877,5,12,4.285714285714286,4.0,4.666666666666667
1,0,1,63,0,0,2177,4,2,3.5714285714285716,2.0,4.0
1,0,1,38,1,0,1243,2,0,3.4285714285714284,5.0,2.3333333333333335
1,1,0,22,1,0,2288,0,0,3.5714285714285716,1.0,3.3333333333333335
0,1,0,52,1,2,1594,1,58,2.5714285714285716,2.0,3.6666666666666665
1,0,1,47,1,2,997,2,24,4.0,4.333333333333333,3.3333333333333335
1,1,1,65,0,0,1262,4,0,3.7142857142857144,4.0,4.0
1,1,0,24,1,2,2910,0,0,3.75,3.0,4.333333333333333
0,1,1,53,0,0,1222,5,4,4.0,4.333333333333333,4.0
0,1,1,51,1,0,667,2,14,3.0,2.3333333333333335,2.6666666666666665
1,1,1,32,0,0,2182,5,2,2.25,4.0,2.6666666666666665
1,1,1,31,1,2,3069,4,0,5.0,5.0,4.333333333333333
1,0,1,34,1,2,1517,4,0,3.7142857142857144,4.0,3.6666666666666665
1,0,1,29,1,2,5075,1,0,3.857142857142857,5.0,1.6666666666666667
0,0,1,79,1,0,1556,2,15,3.142857142857143,3.0,2.6666666666666665
1,1,1,10,0,0,1776,1,0,2.5714285714285716,3.6666666666666665,2.0
1,0,1,20,0,0,2152,4,15,4.857142857142857,4.333333333333333,4.333333333333333
1,0,1,51,1,2,869,3,0,4.285714285714286,4.333333333333333,3.6666666666666665
0,1,1,27,1,2,2772,1,29,2.857142857142857,3.0,2.6666666666666665
0,0,1,54,0,0,1782,5,17,2.2857142857142856,2.0,3.3333333333333335
0,0,0,39,1,2,2893,2,2,2.857142857142857,5.0,4.0
0,0,1,19,0,0,2984,4,0,3.4285714285714284,3.0,3.0
1,1,1,66,0,0,233,3,0,4.428571428571429,3.6666666666666665,3.0
1,0,1,56,1,2,1558,2,0,3.4285714285714284,4.333333333333333,3.0
0,0,1,47,1,2,2125,1,5,1.8571428571428572,2.6666666666666665,2.0
1,1,1,25,1,2,3459,2,0,3.5714285714285716,3.6666666666666665,3.0
1,0,1,47,1,2,2458,4,13,4.142857142857143,4.333333333333333,4.0
0,1,1,31,1,2,3364,2,22,1.7142857142857142,1.0,2.6666666666666665
1,1,1,60,1,2,1594,2,0,3.142857142857143,4.666666666666667,3.3333333333333335
0,1,0,29,1,2,2400,2,0,2.4285714285714284,1.0,3.0
0,0,1,11,0,0,4089,4,37,3.2857142857142856,3.0,4.333333333333333
0,0,1,63,0,0,2505,4,0,3.142857142857143,4.0,2.6666666666666665
1,1,1,54,1,2,1724,5,8,4.285714285714286,3.6666666666666665,3.6666666666666665
0,0,1,18,0,0,1463,4,0,2.7142857142857144,3.0,4.0
1,1,1,50,1,2,53,4,0,2.4,2.6666666666666665,1.3333333333333333
0,1,1,36,1,2,2341,4,2,2.2857142857142856,2.3333333333333335,2.6666666666666665
1,1,1,35,1,2,1515,5,2,4.857142857142857,3.0,4.333333333333333
0,1,1,34,1,2,3414,1,66,1.8571428571428572,2.6666666666666665,1.6666666666666667
1,0,0,42,1,2,2171,5,11,4.428571428571429,4.0,4.0
0,1,0,20,1,0,1703,0,1,2.7142857142857144,2.0,4.0
0,1,1,41,1,0,2679,4,0,2.857142857142857,3.0,3.3333333333333335
0,0,1,16,0,0,1916,5,97,3.4285714285714284,1.0,3.6666666666666665
0,0,1,68,0,2,1504,2,0,3.142857142857143,3.6666666666666665,4.0
0,0,1,46,0,1,1600,1,0,3.0,4.333333333333333,2.0
1,1,1,44,0,0,1143,2,0,4.428571428571429,5.0,3.3333333333333335
1,1,1,41,1,2,2993,1,97,2.857142857142857,4.0,3.3333333333333335
1,0,0,21,1,0,2527,4,6,4.285714285714286,4.0,3.0
1,1,1,58,1,2,308,5,0,3.5714285714285716,3.6666666666666665,4.333333333333333
1,1,1,59,1,2,70,5,0,2.2,3.0,2.6666666666666665
1,1,1,9,0,0,1955,5,0,3.5714285714285716,3.3333333333333335,4.0
1,1,1,27,0,0,2421,1,0,3.5714285714285716,4.333333333333333,3.6666666666666665
0,1,0,25,1,0,2757,1,4,1.8571428571428572,3.0,2.3333333333333335
0,0,1,35,1,0,2050,4,0,3.2857142857142856,3.0,4.0
1,0,1,59,1,2,879,5,0,4.428571428571429,4.0,4.333333333333333
1,1,1,28,0,0,1979,1,0,3.142857142857143,2.3333333333333335,2.6666666666666665
0,0,1,30,1,2,4664,4,19,2.7142857142857144,2.0,2.6666666666666665
1,1,1,65,0,0,998,3,4,3.4285714285714284,4.0,3.3333333333333335
0,1,1,53,0,0,88,4,6,3.8,4.0,3.3333333333333335
0,0,1,37,1,0,1880,1,0,3.0,3.0,2.6666666666666665
0,1,1,61,1,0,2587,4,0,3.142857142857143,3.3333333333333335,3.0
1,1,1,56,1,2,1743,4,7,4.0,4.333333333333333,3.6666666666666665
0,0,0,23,1,0,2325,0,0,3.0,1.0,3.6666666666666665
0,1,0,48,1,0,1606,0,21,3.4285714285714284,5.0,1.3333333333333333
1,1,1,40,1,2,3634,3,0,4.142857142857143,5.0,4.0
0,1,0,37,1,0,1604,0,0,2.7142857142857144,5.0,1.6666666666666667
1,1,1,68,1,0,255,1,0,3.7142857142857144,4.333333333333333,3.0
1,1,1,60,0,0,241,2,9,3.2857142857142856,4.0,3.6666666666666665
1,1,1,57,1,2,1488,1,71,3.5714285714285716,3.6666666666666665,2.6666666666666665
1,1,1,40,1,2,1624,4,10,3.7142857142857144,4.0,4.0
1,0,1,32,1,2,2603,2,0,3.2857142857142856,2.0,3.6666666666666665
1,1,1,58,0,0,603,2,1,3.7142857142857144,4.666666666666667,3.3333333333333335
1,1,1,27,0,0,1777,4,0,2.7142857142857144,1.6666666666666667,3.3333333333333335
0,1,0,28,1,2,1431,4,0,4.285714285714286,3.0,4.0
1,0,1,55,1,1,1816,5,54,2.857142857142857,4.0,3.6666666666666665
1,1,1,67,0,0,82,2,0,3.857142857142857,4.0,3.6666666666666665
1,0,0,29,1,2,1713,4,0,3.857142857142857,3.3333333333333335,4.333333333333333
0,0,1,38,0,0,1642,2,17,2.857142857142857,5.0,2.3333333333333335
1,0,1,52,0,0,1290,4,0,4.571428571428571,5.0,4.333333333333333
1,0,1,56,1,2,2736,2,0,3.5714285714285716,4.0,3.0
1,1,1,58,1,2,2070,3,5,4.142857142857143,4.666666666666667,4.333333333333333
0,1,1,39,1,2,3703,5,0,2.5714285714285716,2.6666666666666665,3.0
1,0,1,55,1,2,3000,2,0,3.142857142857143,3.6666666666666665,3.6666666666666665
1,1,1,34,1,2,1990,2,19,3.857142857142857,4.666666666666667,3.0
1,0,1,33,1,1,1594,0,0,3.75,5.0,4.0
0,0,1,34,0,1,1692,1,25,1.7142857142857142,1.0,3.3333333333333335
1,0,1,22,1,1,1657,5,0,3.857142857142857,4.333333333333333,2.3333333333333335
0,1,1,45,1,1,329,4,3,2.7142857142857144,2.6666666666666665,2.6666666666666665
1,1,1,33,1,2,1127,5,28,4.285714285714286,4.333333333333333,4.333333333333333
1,1,1,39,1,2,338,2,2,3.7142857142857144,4.333333333333333,4.0
1,1,1,27,1,0,1851,5,0,4.142857142857143,4.0,3.6666666666666665
1,0,1,59,1,2,1611,4,5,3.857142857142857,3.6666666666666665,4.0
1,0,1,33,1,2,2061,2,1,3.142857142857143,4.0,2.3333333333333335
0,0,0,28,1,0,1476,4,0,1.7142857142857142,4.0,2.0
1,1,1,40,0,0,1247,5,0,3.857142857142857,4.0,2.6666666666666665
1,1,1,37,0,2,275,4,3,4.0,3.0,2.3333333333333335
0,0,1,30,0,0,2927,4,18,3.2857142857142856,5.0,3.6666666666666665
0,1,1,34,1,2,1747,3,20,3.0,3.0,3.0
1,1,1,53,0,0,733,3,0,3.5714285714285716,3.6666666666666665,4.0
0,0,1,42,1,0,2052,4,0,3.4285714285714284,3.0,3.3333333333333335
0,1,0,42,1,2,1223,3,2,3.0,1.0,3.6666666666666665
1,1,1,32,1,2,1065,1,0,2.857142857142857,3.0,2.6666666666666665
0,0,1,14,0,0,1422,3,29,2.857142857142857,3.0,2.0
0,0,1,14,0,0,1658,5,5,2.2857142857142856,4.0,3.0
1,0,1,47,1,2,2225,5,0,4.428571428571429,4.666666666666667,4.666666666666667
0,1,0,32,1,2,1350,2,0,3.4285714285714284,4.0,4.0
0,0,1,67,0,0,1960,2,0,3.0,1.0,2.6666666666666665
1,0,0,22,1,2,1028,0,3,4.428571428571429,5.0,3.6666666666666665
0,0,1,25,0,0,1063,2,9,1.7142857142857142,2.0,3.6666666666666665
1,0,1,39,1,1,1449,2,0,4.142857142857143,5.0,2.6666666666666665
1,1,1,48,1,2,60,5,0,3.7142857142857144,3.6666666666666665,4.0
1,0,1,23,1,2,2811,3,57,3.142857142857143,2.0,4.0
0,0,1,11,0,0,2366,1,0,3.2857142857142856,4.0,2.6666666666666665
0,0,0,22,1,0,3175,1,5,2.0,2.0,2.6666666666666665
1,1,1,33,0,0,2009,1,0,3.2857142857142856,5.0,3.0
0,0,1,35,0,0,2339,5,0,3.4285714285714284,3.3333333333333335,3.3333333333333335
0,1,1,68,1,2,341,4,35,3.4285714285714284,3.6666666666666665,3.0
1,1,1,50,1,0,550,3,1,4.571428571428571,4.333333333333333,4.666666666666667
0,1,0,39,1,2,1264,3,0,3.5714285714285716,5.0,4.0
0,0,1,60,0,0,2071,3,0,2.7142857142857144,3.0,3.3333333333333335
1,0,1,40,1,2,215,1,12,3.0,3.6666666666666665,3.3333333333333335
1,0,1,54,1,2,2763,1,0,1.5714285714285714,2.6666666666666665,2.3333333333333335
0,1,0,49,1,2,2165,3,16,3.5714285714285716,2.0,4.0
0,1,0,30,1,1,1767,2,0,2.4285714285714284,1.0,2.6666666666666665
0,0,0,16,1,0,1488,3,19,3.0,2.0,3.6666666666666665
1,0,1,43,1,2,2388,3,5,4.285714285714286,4.666666666666667,4.0
1,0,1,43,1,0,1543,2,50,3.857142857142857,5.0,2.6666666666666665
1,0,1,30,1,1,1877,4,0,4.285714285714286,5.0,2.6666666666666665
1,1,1,47,1,2,2195,1,0,3.4285714285714284,4.0,3.3333333333333335
1,1,1,63,1,2,2630,2,0,3.857142857142857,2.3333333333333335,3.0
0,1,0,54,1,0,2497,3,24,2.857142857142857,2.0,2.6666666666666665
0,0,1,42,1,0,2796,2,0,2.142857142857143,2.0,2.6666666666666665
0,0,1,8,0,0,2413,4,0,2.857142857142857,3.0,4.333333333333333
0,1,1,55,1,0,587,5,0,2.0,2.3333333333333335,3.3333333333333335
1,0,1,39,1,2,1515,1,1,3.5714285714285716,3.6666666666666665,3.3333333333333335
0,1,0,24,1,0,1412,3,3,2.0,2.0,2.3333333333333335
1,0,1,41,1,2,908,3,47,3.4285714285714284,4.0,3.3333333333333335
0,0,1,25,0,0,2260,1,0,3.2857142857142856,2.0,3.0
1,1,1,17,1,2,2303,4,11,4.571428571428571,5.0,3.6666666666666665
1,1,1,59,0,0,404,3,0,4.285714285714286,4.666666666666667,4.0
1,1,1,34,0,0,2720,5,0,3.4285714285714284,3.3333333333333335,4.0
0,1,0,22,1,0,2157,1,14,2.4285714285714284,2.0,3.6666666666666665
0,1,0,27,1,0,1766,3,112,2.857142857142857,1.0,2.6666666666666665
0,0,1,25,1,0,3633,1,1,3.857142857142857,3.6666666666666665,3.3333333333333335
0,0,1,37,1,2,2083,1,37,2.0,3.0,2.3333333333333335
1,1,1,33,1,2,1806,4,0,3.7142857142857144,4.333333333333333,3.3333333333333335
1,0,1,35,1,2,373,1,3,3.2857142857142856,4.0,3.3333333333333335
1,0,1,38,1,0,1925,3,0,3.5714285714285716,4.0,2.3333333333333335
1,0,1,31,0,0,2123,5,0,4.285714285714286,1.0,4.0
0,1,1,12,1,2,3782,5,0,4.0,4.0,3.6666666666666665
1,1,1,49,1,2,2409,1,0,3.142857142857143,4.0,2.6666666666666665
0,0,1,33,0,0,1922,5,0,3.2857142857142856,3.0,3.6666666666666665
1,1,1,56,1,2,1891,4,55,3.4285714285714284,3.6666666666666665,4.0
0,1,0,23,1,0,1835,2,0,2.0,4.0,2.6666666666666665
0,0,1,45,0,0,1575,5,5,3.0,2.0,3.0
0,0,1,21,0,2,1406,4,14,3.0,2.0,3.3333333333333335
1,1,1,24,0,0,2490,1,0,3.142857142857143,3.6666666666666665,3.3333333333333335
0,0,0,36,1,2,1463,3,0,3.5714285714285716,4.0,4.0
0,0,0,22,1,0,2504,1,0,2.7142857142857144,5.0,4.333333333333333
0,0,1,30,1,1,2455,1,0,2.857142857142857,3.0,2.6666666666666665
0,0,0,14,1,0,2161,2,0,2.4285714285714284,4.0,2.6666666666666665
1,0,1,60,1,2,1622,4,0,4.142857142857143,4.0,4.0
1,0,1,55,1,2,459,2,25,3.857142857142857,3.3333333333333335,3.3333333333333335
1,1,1,65,0,0,627,2,0,4.0,5.0,3.3333333333333335
0,0,1,26,0,0,2539,5,0,3.857142857142857,5.0,4.0
1,1,1,18,1,2,1255,3,15,4.0,5.0,3.6666666666666665
0,0,1,23,0,0,2342,4,50,3.7142857142857144,5.0,4.666666666666667
0,0,0,38,1,0,1539,0,12,2.2857142857142856,4.0,3.6666666666666665
1,1,1,8,0,0,2230,4,4,4.571428571428571,4.0,4.0
0,0,1,38,0,0,1862,4,0,2.4285714285714284,3.6666666666666665,3.6666666666666665
0,0,0,25,1,2,3670,2,0,3.0,3.6666666666666665,3.6666666666666665
0,1,1,57,1,2,3708,5,3,3.2857142857142856,2.3333333333333335,3.0
1,1,1,43,0,0,333,2,0,3.4285714285714284,4.333333333333333,2.6666666666666665
1,1,1,45,1,2,5764,1,103,3.4285714285714284,4.333333333333333,3.0
0,0,1,21,0,0,2337,4,17,3.142857142857143,4.0,3.6666666666666665
1,1,0,27,1,2,2567,4,0,4.571428571428571,5.0,3.6666666666666665
0,0,1,40,1,0,2210,5,123,2.4285714285714284,1.6666666666666667,3.3333333333333335
1,0,1,56,1,1,1706,4,0,3.857142857142857,4.0,4.333333333333333
1,0,1,48,1,2,2868,5,0,3.4285714285714284,4.0,4.333333333333333
1,1,1,19,0,2,1424,4,0,3.7142857142857144,2.0,2.6666666666666665
0,1,0,58,1,2,1259,3,50,4.0,5.0,4.666666666666667
1,0,0,22,1,2,1256,0,0,4.0,1.0,5.0
0,0,0,37,1,0,1728,2,104,3.142857142857143,5.0,3.6666666666666665
0,1,1,16,0,0,2558,5,0,2.5714285714285716,2.0,4.333333333333333
1,1,1,21,0,0,1826,2,0,3.5714285714285716,4.333333333333333,3.3333333333333335
1,1,1,32,0,0,2658,3,46,4.142857142857143,5.0,3.6666666666666665
0,0,1,49,1,2,2784,3,27,3.2857142857142856,3.0,2.3333333333333335
1,0,0,27,1,2,1851,5,23,4.285714285714286,3.0,3.3333333333333335
0,1,1,54,1,1,2692,3,0,2.142857142857143,2.0,3.0
0,1,1,45,0,2,470,4,20,3.0,3.3333333333333335,3.3333333333333335
0,0,1,39,1,2,1590,2,53,3.0,2.6666666666666665,2.0
0,0,1,35,0,1,1942,4,62,2.7142857142857144,3.6666666666666665,2.6666666666666665
0,1,0,22,1,0,1815,2,21,1.4285714285714286,1.0,3.6666666666666665
1,1,1,36,1,2,2251,4,0,3.4285714285714284,3.0,3.3333333333333335
0,0,0,44,1,2,2428,4,0,3.857142857142857,2.0,3.6666666666666665
1,1,1,39,1,2,3908,2,8,3.4285714285714284,4.0,3.6666666666666665
1,1,1,61,0,0,1101,1,3,3.5714285714285716,4.333333333333333,3.6666666666666665
1,0,1,40,1,2,1711,4,0,4.0,4.0,4.0
1,1,1,27,1,0,2094,3,0,3.2857142857142856,5.0,2.3333333333333335
0,0,1,70,0,0,3110,1,0,2.0,2.0,3.0
0,0,0,37,1,2,1153,3,0,2.857142857142857,4.0,1.6666666666666667
0,1,1,44,1,0,248,2,0,3.7142857142857144,3.0,2.3333333333333335
0,1,1,8,1,1,2656,5,244,3.0,3.3333333333333335,4.0
1,1,1,15,0,2,1781,5,0,3.4285714285714284,4.0,3.6666666666666665
1,0,1,43,1,2,2926,0,0,2.0,2.6666666666666665,2.3333333333333335
0,0,0,27,1,0,1392,4,0,3.0,3.0,3.6666666666666665
0,1,1,37,1,2,2648,4,32,3.2857142857142856,2.6666666666666665,3.3333333333333335
1,1,1,52,1,2,1017,1,4,3.5714285714285716,4.666666666666667,3.6666666666666665
1,0,1,42,1,2,2010,2,60,3.7142857142857144,4.333333333333333,3.6666666666666665
0,0,1,46,0,0,1676,1,3,2.5714285714285716,3.0,3.3333333333333335
0,0,1,41,0,0,2045,5,0,2.4285714285714284,2.3333333333333335,4.0
1,0,1,55,1,2,2369,2,7,3.2857142857142856,4.333333333333333,3.3333333333333335
0,1,0,30,1,1,1528,3,0,2.4285714285714284,3.0,1.6666666666666667
1,0,1,37,1,2,3455,5,0,3.1666666666666665,3.0,3.3333333333333335
1,0,1,64,1,2,3351,4,0,4.0,4.666666666666667,4.0
0,0,0,30,1,0,2442,3,0,3.2857142857142856,5.0,2.6666666666666665
1,1,1,21,1,2,3003,2,79,4.714285714285714,5.0,3.6666666666666665
1,0,1,43,1,2,2632,5,0,3.857142857142857,4.666666666666667,4.0
1,1,0,36,0,0,3466,4,0,4.5,4.0,4.333333333333333
1,1,1,52,1,2,1756,4,35,4.571428571428571,4.333333333333333,4.0
0,1,1,21,1,0,1729,1,14,2.2857142857142856,2.3333333333333335,3.0
1,1,1,50,0,1,1131,2,0,3.4285714285714284,5.0,3.3333333333333335
1,1,0,28,1,0,2421,4,92,4.0,5.0,3.0
0,0,1,37,1,1,2318,4,94,2.857142857142857,4.0,3.6666666666666665
0,0,1,61,0,0,1465,5,0,2.0,4.666666666666667,2.3333333333333335
1,1,1,39,1,2,2691,5,0,4.857142857142857,4.333333333333333,4.666666666666667
0,0,1,62,1,1,1646,2,1,2.142857142857143,2.0,3.0
1,0,1,51,1,2,1921,2,0,3.0,4.0,2.6666666666666665
0,1,0,39,1,2,2479,1,0,1.5714285714285714,1.0,3.0
1,1,1,56,1,2,2040,3,0,3.7142857142857144,4.666666666666667,3.3333333333333335
0,1,1,41,1,2,1774,2,1,2.5714285714285716,2.6666666666666665,2.3333333333333335
1,0,0,43,1,2,2885,5,0,3.857142857142857,2.0,3.3333333333333335
1,0,1,57,1,2,1344,2,0,3.5714285714285716,4.0,3.3333333333333335
0,0,1,61,0,0,2111,5,0,3.0,3.0,3.3333333333333335
0,1,0,37,1,2,1572,3,23,3.5714285714285716,2.6666666666666665,3.6666666666666665
1,0,1,30,1,0,3786,4,21,3.7142857142857144,4.0,3.3333333333333335
0,0,1,58,0,1,2188,3,0,2.857142857142857,2.0,4.0
0,0,1,48,1,2,1654,5,0,2.5714285714285716,2.0,3.6666666666666665
1,1,1,44,1,2,3276,4,0,4.142857142857143,4.0,4.333333333333333
0,0,1,22,0,0,1751,1,67,3.0,3.0,2.6666666666666665
0,0,0,34,1,2,1509,3,18,3.4285714285714284,1.0,3.3333333333333335
0,0,1,67,0,0,1513,5,0,3.4285714285714284,4.333333333333333,4.0
0,0,1,64,1,1,1451,2,0,3.2857142857142856,3.0,3.3333333333333335
0,0,1,36,1,0,1556,3,1,2.857142857142857,2.0,3.0
0,1,0,28,1,0,1457,2,1,4.0,5.0,3.0
0,1,0,28,1,1,3207,1,0,1.4285714285714286,1.0,2.6666666666666665
1,1,1,55,1,2,1673,5,0,3.6,3.6666666666666665,2.6666666666666665
1,1,1,25,0,0,2489,4,0,4.428571428571429,4.333333333333333,4.0
1,1,1,9,0,0,1610,2,0,3.5714285714285716,4.0,3.3333333333333335
0,1,1,24,1,2,4002,1,2,3.0,3.0,3.0
1,0,1,55,1,2,2868,1,0,3.4285714285714284,4.0,3.3333333333333335
1,1,1,38,0,0,1984,0,80,2.6,3.6666666666666665,2.6666666666666665
1,1,1,43,1,0,701,3,0,4.0,2.6666666666666665,3.0
1,1,1,8,0,1,1221,3,0,4.0,4.333333333333333,4.333333333333333
1,0,1,41,1,2,2096,1,0,3.857142857142857,3.3333333333333335,2.6666666666666665
0,0,0,26,1,0,1583,4,27,1.7142857142857142,3.0,1.6666666666666667
0,0,0,22,1,0,1465,4,0,2.5714285714285716,4.0,3.6666666666666665
1,1,1,33,1,0,1617,0,2,3.0,4.0,3.3333333333333335
0,0,0,22,1,0,1702,3,59,2.857142857142857,3.0,3.6666666666666665
1,1,1,51,0,0,1779,2,8,4.285714285714286,4.0,4.333333333333333
1,1,1,43,1,2,1482,4,0,4.0,3.6666666666666665,4.333333333333333
0,0,0,26,1,0,2060,0,4,2.8,3.0,3.0
1,1,1,19,0,0,1448,3,0,3.4285714285714284,1.0,3.0
1,0,1,37,1,2,77,4,1,4.0,3.6666666666666665,4.0
0,1,0,25,1,2,3439,1,21,2.7142857142857144,1.0,3.0
1,0,0,23,1,0,2233,5,0,4.0,1.0,2.3333333333333335
0,0,0,25,1,0,1512,0,0,2.4285714285714284,4.0,3.3333333333333335
1,1,1,42,1,2,2233,4,0,3.7142857142857144,4.666666666666667,4.0
1,1,1,58,0,0,277,5,0,4.285714285714286,3.6666666666666665,4.666666666666667
0,1,1,25,1,2,2180,1,6,3.857142857142857,4.0,2.3333333333333335
1,0,1,25,1,0,2046,4,0,3.5,5.0,2.3333333333333335
1,1,1,27,1,2,4077,4,52,3.2857142857142856,2.0,4.333333333333333
1,0,0,22,1,0,1180,0,0,3.2857142857142856,1.6666666666666667,1.3333333333333333
0,1,0,32,1,2,1849,4,0,4.571428571428571,5.0,3.6666666666666665
1,0,1,45,0,2,1237,2,20,2.25,1.6666666666666667,2.6666666666666665
1,0,1,60,1,2,2505,3,0,3.7142857142857144,4.0,3.6666666666666665
1,1,1,34,1,2,1848,1,65,3.2857142857142856,3.0,2.6666666666666665
1,1,1,25,1,2,2215,1,9,3.142857142857143,4.0,3.0
1,0,1,39,1,2,1196,1,0,3.142857142857143,4.666666666666667,3.0
0,0,1,48,1,2,610,0,5,3.4,4.0,4.0
0,0,1,21,0,0,1543,3,1,2.2,1.0,2.3333333333333335
1,1,1,57,1,0,811,4,0,4.142857142857143,3.0,3.3333333333333335
1,0,1,25,1,0,1534,4,10,2.0,1.0,2.6666666666666665
1,1,1,22,0,0,1916,3,0,3.857142857142857,4.0,4.0
1,1,1,46,1,0,792,3,4,3.5714285714285716,3.3333333333333335,2.6666666666666665
0,0,1,52,1,2,894,1,85,3.0,2.6666666666666665,2.3333333333333335
0,1,1,9,1,0,1869,4,13,2.857142857142857,2.3333333333333335,3.3333333333333335
0,0,1,8,0,0,1662,1,28,2.5714285714285716,3.0,3.0
1,1,1,34,0,0,728,4,127,4.142857142857143,4.333333333333333,4.0
0,0,1,27,0,0,2175,5,5,2.5714285714285716,5.0,4.333333333333333
1,1,1,30,0,2,2580,5,17,3.7142857142857144,5.0,3.0
1,0,1,18,0,2,2197,5,0,3.4285714285714284,4.0,2.3333333333333335
1,1,1,39,1,2,996,3,0,3.142857142857143,3.3333333333333335,3.6666666666666665
1,1,1,45,0,1,546,1,14,3.2857142857142856,4.0,3.3333333333333335
1,1,1,48,0,0,440,4,0,4.285714285714286,2.0,2.3333333333333335
1,0,1,41,1,2,3934,4,0,4.285714285714286,4.666666666666667,4.333333333333333
0,0,1,39,1,2,507,1,25,2.142857142857143,2.3333333333333335,2.3333333333333335
0,1,0,23,1,0,2650,3,0,3.142857142857143,4.0,3.0
0,0,1,21,1,0,2145,2,95,3.5714285714285716,3.3333333333333335,3.0
1,1,1,48,1,2,2984,0,0,2.8,3.3333333333333335,3.3333333333333335
0,1,1,38,1,2,2434,4,0,3.857142857142857,2.6666666666666665,3.3333333333333335
1,0,1,41,1,2,891,2,0,3.857142857142857,4.333333333333333,3.3333333333333335
0,0,0,36,1,0,1371,0,4,2.4285714285714284,3.0,3.3333333333333335
1,1,1,25,1,2,5167,1,30,3.0,3.0,3.3333333333333335
1,1,0,21,1,2,1425,4,9,3.0,3.0,3.3333333333333335
1,0,1,54,1,2,2543,0,1,4.6,4.666666666666667,4.666666666666667
1,0,1,39,1,2,2401,2,0,3.142857142857143,4.333333333333333,3.0
0,0,1,56,1,2,1119,5,0,3.4285714285714284,3.3333333333333335,3.3333333333333335
1,0,1,46,1,0,1271,3,0,2.5714285714285716,3.0,2.3333333333333335
0,0,1,58,0,0,1229,4,20,3.4,3.0,3.0
0,0,1,46,0,1,1819,3,0,2.5714285714285716,2.0,3.0
0,0,1,67,0,0,2334,5,0,3.0,4.0,4.0
0,0,1,44,1,2,2645,3,8,2.142857142857143,2.3333333333333335,2.0
0,0,1,77,1,0,3881,4,0,2.5714285714285716,3.3333333333333335,3.0
1,1,1,53,1,2,2602,5,16,4.285714285714286,5.0,4.0
1,1,0,25,1,2,3141,0,0,3.857142857142857,2.0,4.0
0,0,0,26,1,0,2604,1,38,2.0,5.0,3.0
1,1,1,38,1,2,249,5,0,4.428571428571429,3.0,3.6666666666666665
1,0,1,45,1,2,778,4,31,4.428571428571429,4.0,4.333333333333333
0,1,0,49,1,1,1796,5,0,3.857142857142857,1.0,1.6666666666666667
1,1,1,42,1,2,1904,4,20,3.142857142857143,4.0,3.6666666666666665
1,1,1,49,1,2,978,5,0,4.571428571428571,4.0,4.666666666666667
0,0,1,51,1,0,2259,1,30,2.857142857142857,3.0,2.3333333333333335
1,1,0,25,1,2,1784,4,0,4.142857142857143,2.0,3.6666666666666665
1,1,1,33,1,2,564,3,0,3.4285714285714284,3.3333333333333335,4.0
0,0,0,26,1,0,2263,2,15,2.4285714285714284,1.0,3.6666666666666665
1,1,1,31,0,2,1911,5,36,3.857142857142857,4.0,3.6666666666666665
1,1,1,20,0,0,3067,2,0,3.0,3.0,2.6666666666666665
0,0,1,17,0,0,1778,5,0,2.857142857142857,3.0,3.3333333333333335
0,0,0,24,1,0,1565,5,68,3.0,4.0,3.0
1,1,1,31,1,2,4635,3,0,3.7142857142857144,4.0,3.3333333333333335
1,1,1,31,0,0,1405,4,0,3.5714285714285716,4.0,3.6666666666666665
0,0,1,33,0,1,2256,5,0,2.4285714285714284,5.0,2.6666666666666665
1,1,1,47,1,2,3179,4,2,4.142857142857143,4.0,4.333333333333333
0,0,1,10,0,0,2143,5,0,2.7142857142857144,4.666666666666667,4.0
1,0,1,53,1,2,3367,5,12,4.571428571428571,4.333333333333333,5.0
0,0,1,58,1,2,611,3,0,2.142857142857143,3.0,2.6666666666666665
0,0,1,35,0,1,2374,4,6,3.857142857142857,4.666666666666667,3.3333333333333335
0,1,1,52,1,2,1430,4,0,2.857142857142857,3.6666666666666665,3.6666666666666665
0,0,1,7,0,0,2099,5,1,3.0,5.0,4.666666666666667
0,1,1,57,0,0,689,5,1,4.285714285714286,4.333333333333333,4.333333333333333
0,1,0,27,1,0,2223,0,0,2.857142857142857,3.0,2.3333333333333335
0,0,0,30,1,0,2398,3,0,3.142857142857143,4.333333333333333,3.6666666666666665
0,1,1,50,1,2,1010,1,1,2.7142857142857144,2.3333333333333335,2.6666666666666665
1,0,1,61,1,0,1450,1,0,3.0,5.0,2.3333333333333335
1,1,1,49,1,0,308,5,13,4.428571428571429,3.6666666666666665,4.666666666666667
0,0,1,39,1,2,3630,3,0,2.857142857142857,3.3333333333333335,2.3333333333333335
1,1,1,54,1,2,1777,1,0,3.4285714285714284,4.333333333333333,2.6666666666666665
1,1,1,47,0,0,142,5,0,4.714285714285714,4.666666666666667,4.666666666666667
1,1,1,70,0,0,433,1,3,3.4285714285714284,4.0,3.6666666666666665
1,0,1,63,0,0,1150,4,0,2.7142857142857144,1.3333333333333333,3.6666666666666665
0,1,0,33,1,2,1286,3,12,3.857142857142857,4.0,4.666666666666667
1,0,1,43,1,2,2418,5,0,4.571428571428571,4.0,3.6666666666666665
1,1,1,30,0,0,1916,3,0,3.5714285714285716,2.0,2.0
1,1,1,31,0,0,2257,5,0,4.857142857142857,4.666666666666667,4.333333333333333
1,1,1,30,1,2,2991,5,22,3.857142857142857,3.0,4.0
0,0,1,16,0,0,2131,2,0,2.4285714285714284,1.0,2.6666666666666665
0,0,0,26,1,2,1712,3,0,3.4285714285714284,4.0,3.3333333333333335
1,1,1,41,0,1,343,3,19,3.7142857142857144,4.333333333333333,3.3333333333333335
0,1,0,25,1,0,2762,3,0,3.142857142857143,4.0,3.6666666666666665
0,1,0,12,1,0,2535,1,0,2.142857142857143,3.0,3.6666666666666665
0,0,1,55,1,2,1783,4,0,2.7142857142857144,3.6666666666666665,1.6666666666666667
1,1,1,30,0,0,1770,4,0,3.4285714285714284,4.0,3.6666666666666665
1,0,1,42,1,2,405,5,0,4.571428571428571,4.333333333333333,4.666666666666667
1,0,1,23,1,2,3882,5,20,4.285714285714286,4.0,4.666666666666667
0,0,1,47,1,2,961,4,0,2.142857142857143,2.3333333333333335,2.6666666666666665
1,0,0,38,1,2,2077,3,3,3.7142857142857144,5.0,3.3333333333333335
0,1,1,29,0,0,2509,5,0,3.857142857142857,5.0,2.6666666666666665
0,0,0,22,1,0,1198,2,0,2.857142857142857,3.0,3.0
0,0,0,15,1,2,1327,3,0,2.0,5.0,2.6666666666666665
1,0,1,46,1,2,134,5,0,4.6,5.0,4.0
0,1,1,7,0,0,2378,4,0,3.4285714285714284,4.0,3.3333333333333335
0,0,1,62,0,0,1906,5,48,3.7142857142857144,3.6666666666666665,3.3333333333333335
0,0,1,11,0,0,2680,5,14,3.7142857142857144,3.6666666666666665,2.6666666666666665
1,1,1,41,1,2,1510,2,107,4.0,4.333333333333333,3.3333333333333335
1,1,1,66,0,2,792,2,12,3.7142857142857144,4.333333333333333,3.6666666666666665
1,0,1,59,1,2,438,5,19,4.428571428571429,4.333333333333333,4.333333333333333
0,0,1,11,0,0,1602,1,14,1.7142857142857142,3.0,4.0
0,0,1,43,0,0,2340,5,19,3.0,5.0,3.6666666666666665
1,1,0,30,1,2,2843,5,0,4.714285714285714,5.0,3.6666666666666665
0,1,1,34,1,2,549,5,0,1.8571428571428572,2.6666666666666665,3.3333333333333335
0,0,1,9,1,2,2355,3,8,2.142857142857143,2.0,2.6666666666666665
1,1,1,32,1,2,1130,5,17,4.571428571428571,4.0,4.333333333333333
1,0,1,21,1,0,2097,2,0,4.0,4.333333333333333,3.3333333333333335
0,0,1,22,0,0,2753,4,12,2.5714285714285716,3.0,3.0
0,0,1,32,0,0,2116,2,0,3.142857142857143,1.0,3.3333333333333335
0,0,1,24,0,0,1644,5,67,2.5714285714285716,3.0,3.0
0,0,1,36,1,0,2071,3,0,2.7142857142857144,3.0,3.0
1,0,1,29,1,2,3388,1,0,2.7142857142857144,4.0,2.0
1,0,1,48,1,2,452,1,41,2.0,4.0,2.0
0,0,1,54,0,0,2506,4,0,3.857142857142857,5.0,3.0
1,1,1,33,1,2,2409,3,12,3.857142857142857,4.0,3.6666666666666665
0,0,1,26,0,0,2257,4,0,2.5714285714285716,2.0,3.3333333333333335
1,1,1,56,0,0,1752,2,18,4.857142857142857,4.333333333333333,4.666666666666667
0,0,1,28,1,1,2073,2,42,2.4285714285714284,2.0,2.3333333333333335
1,1,1,50,1,2,79,4,0,4.571428571428571,4.333333333333333,4.333333333333333
1,0,1,33,1,2,3889,4,3,4.0,5.0,3.6666666666666665
1,1,1,32,1,2,5565,3,146,3.5714285714285716,4.333333333333333,3.0
1,0,0,42,1,2,2564,4,0,3.857142857142857,4.0,3.6666666666666665
0,0,1,51,0,0,2115,5,74,2.7142857142857144,4.0,2.0
0,0,1,28,1,0,1428,1,0,2.5714285714285716,3.0,2.0
1,1,1,46,1,2,2481,4,0,4.714285714285714,4.333333333333333,4.0
0,0,1,37,1,0,2176,2,0,2.857142857142857,3.0,2.6666666666666665
0,0,1,40,1,2,1449,4,0,2.142857142857143,3.0,2.0
1,0,1,41,0,0,1256,4,39,4.571428571428571,5.0,4.0
0,0,1,50,0,0,1752,0,0,3.857142857142857,5.0,3.0
0,1,0,27,1,1,2245,1,7,2.7142857142857144,3.0,2.3333333333333335
1,1,1,66,0,0,257,5,7,4.0,3.3333333333333335,3.3333333333333335
0,1,0,22,1,0,2023,0,0,2.2857142857142856,2.0,3.0
0,0,0,31,1,0,2670,4,36,3.857142857142857,5.0,2.3333333333333335
1,1,1,44,1,2,1714,4,25,3.857142857142857,4.333333333333333,4.0
1,1,1,64,1,0,746,1,0,4.0,3.3333333333333335,3.6666666666666665
0,0,1,15,0,0,1769,1,49,2.7142857142857144,4.0,3.0
0,0,1,39,1,1,2856,2,1,2.7142857142857144,3.0,1.6666666666666667
1,1,1,47,0,0,896,3,1,3.857142857142857,4.333333333333333,3.6666666666666665
1,0,0,29,1,2,1878,4,10,4.142857142857143,1.6666666666666667,3.6666666666666665
0,1,1,15,1,2,1713,1,13,3.5714285714285716,4.0,2.0
1,0,1,56,1,2,1091,5,15,4.428571428571429,4.666666666666667,4.333333333333333
1,0,1,33,1,2,2025,4,0,3.857142857142857,4.0,2.0
1,1,1,43,0,0,75,1,0,3.4285714285714284,5.0,3.6666666666666665
1,1,1,43,1,2,3877,4,0,4.428571428571429,4.666666666666667,4.333333333333333
1,0,1,34,1,1,983,2,0,3.4285714285714284,4.0,1.6666666666666667
1,0,1,55,1,2,3125,1,0,2.5714285714285716,3.3333333333333335,2.3333333333333335
1,1,1,41,1,2,3614,3,0,3.5714285714285716,4.333333333333333,3.3333333333333335
0,1,1,51,1,0,1796,4,0,3.4285714285714284,3.0,3.0
1,0,1,49,1,2,1582,2,0,4.142857142857143,4.666666666666667,3.6666666666666665
1,1,1,38,1,2,1758,4,0,3.7142857142857144,4.333333333333333,4.333333333333333
1,0,1,41,0,0,964,4,0,3.0,1.0,2.6666666666666665
0,0,0,22,1,0,2798,2,0,2.5714285714285716,3.3333333333333335,1.6666666666666667
1,1,1,44,1,2,1629,2,0,3.5714285714285716,4.333333333333333,3.6666666666666665
0,1,1,25,1,2,4930,5,0,2.7142857142857144,2.0,4.0
0,1,0,27,1,1,1888,1,61,1.8571428571428572,2.0,3.0
1,1,1,55,1,2,3420,4,60,3.857142857142857,3.6666666666666665,4.0
0,0,1,75,1,1,1948,1,0,3.142857142857143,4.0,2.3333333333333335
0,0,0,22,1,0,1900,1,3,2.4285714285714284,3.0,3.6666666666666665
1,0,1,44,1,2,647,3,0,3.5714285714285716,4.333333333333333,3.6666666666666665
0,1,0,40,1,2,1607,2,17,2.142857142857143,1.0,2.6666666666666665
1,1,1,54,1,2,2325,5,0,4.428571428571429,3.6666666666666665,3.0
1,1,1,8,0,1,1985,3,0,3.7142857142857144,4.0,3.3333333333333335
0,1,0,27,1,2,1774,2,0,3.0,3.0,3.3333333333333335
0,0,1,54,0,0,1506,5,7,3.857142857142857,2.3333333333333335,2.6666666666666665
1,1,1,10,0,1,1815,5,0,3.7142857142857144,4.0,3.3333333333333335
1,0,1,46,1,2,1846,4,0,3.7142857142857144,4.666666666666667,4.666666666666667
1,1,1,39,1,2,3220,5,0,4.714285714285714,3.3333333333333335,4.666666666666667
1,0,1,51,1,2,2801,4,0,3.7142857142857144,3.6666666666666665,3.6666666666666665
0,0,1,43,0,0,1888,4,88,3.7142857142857144,4.0,3.3333333333333335
1,1,1,47,0,1,224,5,0,4.25,4.666666666666667,4.333333333333333
0,1,1,62,1,2,3519,4,12,2.7142857142857144,3.0,2.3333333333333335
0,1,0,27,1,2,1670,2,0,2.5714285714285716,2.0,3.3333333333333335
0,0,1,47,0,0,1859,5,0,3.2857142857142856,3.6666666666666665,3.3333333333333335
0,0,1,21,0,0,1663,4,0,3.4285714285714284,5.0,3.6666666666666665
1,0,1,50,1,2,1548,5,0,4.0,4.0,4.333333333333333
1,0,1,60,1,2,3509,3,68,3.5714285714285716,4.0,3.0
1,1,1,42,1,2,1429,4,1,3.5714285714285716,3.6666666666666665,3.3333333333333335
1,1,1,30,1,2,1800,3,0,3.2857142857142856,4.0,2.6666666666666665
0,0,0,27,1,2,1741,1,0,2.4285714285714284,4.0,4.666666666666667
1,0,0,25,1,1,1687,0,0,3.7142857142857144,5.0,3.3333333333333335
0,1,0,38,1,2,1497,1,0,2.857142857142857,4.0,3.0
1,1,1,27,1,2,3822,5,49,4.428571428571429,5.0,4.333333333333333
1,1,1,23,0,0,2907,1,80,2.857142857142857,3.0,2.0
1,1,1,69,1,1,344,3,0,3.5714285714285716,3.0,3.6666666666666665
1,1,1,51,1,2,2390,1,12,3.4285714285714284,5.0,3.3333333333333335
1,0,1,37,1,2,1762,3,0,3.857142857142857,4.666666666666667,4.0
1,1,1,47,1,2,1842,3,0,4.0,4.333333333333333,4.333333333333333
1,1,1,17,0,0,1791,3,60,4.0,4.333333333333333,4.333333333333333
0,0,0,36,1,2,1804,1,0,2.7142857142857144,1.0,3.6666666666666665
0,1,0,26,1,2,2526,0,0,2.857142857142857,5.0,4.0
1,1,1,52,1,2,746,4,0,3.0,2.6666666666666665,3.6666666666666665
1,1,1,46,0,0,217,3,15,3.2857142857142856,3.6666666666666665,2.6666666666666665
0,0,0,43,1,2,1851,2,0,2.857142857142857,5.0,3.3333333333333335
0,0,1,13,0,0,3177,4,131,2.4285714285714284,2.0,2.6666666666666665
1,0,1,54,1,2,2223,3,0,3.857142857142857,4.333333333333333,4.0
0,1,1,54,0,0,336,4,0,3.7142857142857144,2.3333333333333335,4.0
0,0,1,48,0,0,1998,5,0,3.0,2.0,3.6666666666666665
1,0,0,21,1,2,2429,5,0,4.0,5.0,3.6666666666666665
1,1,1,41,1,2,707,2,4,4.142857142857143,4.666666666666667,4.0
0,0,1,38,1,0,1327,1,14,2.5714285714285716,2.0,3.6666666666666665
1,1,0,18,1,2,2259,0,0,3.857142857142857,2.0,3.6666666666666665
0,0,1,21,0,0,2282,5,0,2.857142857142857,5.0,4.0
1,1,1,38,1,2,2317,4,0,4.285714285714286,4.333333333333333,4.666666666666667
1,1,1,22,0,0,1803,5,6,3.5,4.0,4.0
1,0,1,40,1,2,454,3,5,4.428571428571429,5.0,4.0
0,0,0,63,0,2,2087,3,174,2.0,1.6666666666666667,2.6666666666666665
0,1,0,36,1,0,2039,4,0,2.4285714285714284,2.0,2.6666666666666665
0,1,0,23,1,0,1914,0,57,3.5714285714285716,4.0,3.6666666666666665
1,0,1,19,1,2,3781,4,0,3.4285714285714284,4.0,3.6666666666666665
1,1,1,53,1,2,1410,5,0,3.7142857142857144,4.0,3.6666666666666665
0,1,0,19,1,0,2147,2,0,2.7142857142857144,2.0,3.3333333333333335
1,0,1,27,0,1,2510,4,14,3.25,5.0,2.6666666666666665
0,0,1,35,0,0,2225,4,0,2.7142857142857144,2.0,3.0
1,1,1,58,0,0,79,2,0,3.5714285714285716,4.0,3.6666666666666665
1,1,1,9,0,0,3201,5,0,4.142857142857143,4.0,4.333333333333333
0,1,0,22,1,0,2421,3,12,3.142857142857143,3.0,3.0
1,1,1,38,1,0,1319,2,0,3.5714285714285716,5.0,2.6666666666666665
0,0,1,48,1,1,2350,5,1,2.5714285714285716,2.0,3.6666666666666665
1,0,0,20,1,2,1278,0,66,3.5,3.0,4.0
1,0,1,21,1,2,4004,2,2,3.4285714285714284,5.0,3.3333333333333335
1,1,1,58,0,0,1118,2,0,3.7142857142857144,4.0,3.3333333333333335
1,1,1,52,1,2,510,2,0,3.5714285714285716,4.333333333333333,3.6666666666666665
0,1,0,22,1,1,2763,4,0,2.5714285714285716,1.0,2.6666666666666665
0,0,1,68,0,0,1896,5,0,2.4285714285714284,3.6666666666666665,3.0
0,0,1,57,1,1,3224,4,0,2.2857142857142856,1.0,2.6666666666666665
1,0,0,39,1,2,2117,2,0,2.7142857142857144,3.0,3.3333333333333335
0,1,0,37,1,2,2514,4,95,3.5714285714285716,1.0,3.6666666666666665
1,1,1,44,1,2,1034,1,35,3.4285714285714284,3.3333333333333335,3.0
1,1,1,12,0,0,2053,1,3,3.857142857142857,4.0,3.0
1,0,0,30,1,2,3102,5,0,4.857142857142857,4.0,4.666666666666667
1,0,1,17,1,2,3062,2,0,3.5714285714285716,5.0,4.0
0,0,0,39,1,2,2762,1,0,2.4285714285714284,1.0,4.333333333333333
0,0,1,32,0,0,1864,5,0,2.857142857142857,3.0,4.0
0,0,1,43,0,0,2375,5,8,1.4285714285714286,2.0,2.3333333333333335
1,1,1,57,0,0,1180,0,26,4.8,4.666666666666667,3.3333333333333335
1,1,1,55,0,1,814,1,25,3.7142857142857144,4.333333333333333,3.3333333333333335
1,1,1,40,1,2,1142,2,65,3.5714285714285716,3.6666666666666665,3.0
1,1,1,52,0,0,744,4,0,3.857142857142857,3.0,4.0
1,1,1,34,1,2,2101,4,66,4.142857142857143,3.6666666666666665,4.0
1,1,1,48,1,2,3078,4,8,4.0,4.333333333333333,4.333333333333333
0,0,1,54,0,1,2228,5,2,2.5714285714285716,1.0,3.6666666666666665
0,1,0,46,1,2,1672,3,0,3.7142857142857144,4.333333333333333,3.0
0,0,1,35,1,1,1880,1,0,3.0,3.0,2.3333333333333335
1,1,1,56,1,2,378,2,2,3.7142857142857144,4.666666666666667,4.0
0,0,1,44,0,0,2095,2,0,3.142857142857143,1.0,3.3333333333333335
1,1,1,62,0,0,436,2,0,3.7142857142857144,4.0,3.6666666666666665
1,1,1,52,1,2,556,4,5,4.571428571428571,4.666666666666667,4.333333333333333
1,1,1,44,1,0,2372,3,15,4.285714285714286,4.0,3.6666666666666665
0,0,1,40,0,0,1648,4,29,3.0,3.0,1.6666666666666667
1,0,1,59,1,2,3692,2,0,3.2857142857142856,4.333333333333333,3.0
1,1,1,42,1,2,571,2,1,4.857142857142857,4.333333333333333,4.666666666666667
1,0,1,53,1,2,3657,1,11,3.5714285714285716,4.333333333333333,2.6666666666666665
1,0,1,36,1,2,470,3,0,3.857142857142857,4.666666666666667,4.0
1,1,1,42,1,2,2658,2,0,3.7142857142857144,4.0,3.6666666666666665
1,1,0,48,1,2,1267,4,3,3.7142857142857144,3.6666666666666665,3.6666666666666665
0,0,1,35,0,0,3064,5,8,3.857142857142857,5.0,3.6666666666666665
0,0,0,39,1,2,1686,1,0,2.7142857142857144,3.3333333333333335,2.6666666666666665
1,0,1,57,1,2,2728,4,0,3.4285714285714284,4.333333333333333,4.0
1,1,1,50,1,2,168,4,0,4.571428571428571,4.666666666666667,4.0
0,1,1,44,1,0,414,5,0,3.7142857142857144,3.3333333333333335,4.0
1,1,1,43,0,2,741,4,3,4.142857142857143,4.0,3.0
0,1,1,60,1,0,647,3,0,3.2857142857142856,2.6666666666666665,3.0
1,1,1,40,1,2,424,2,0,4.142857142857143,5.0,3.3333333333333335
1,0,1,38,1,0,1521,3,0,3.2857142857142856,4.0,3.6666666666666665
0,1,1,60,1,2,1604,4,2,2.7142857142857144,2.0,2.6666666666666665
1,1,1,37,0,0,1229,5,2,4.285714285714286,4.333333333333333,4.666666666666667
0,0,0,21,1,0,923,2,0,3.142857142857143,5.0,3.3333333333333335
1,0,1,45,1,2,3060,5,0,4.714285714285714,5.0,4.333333333333333
1,0,1,49,1,2,2522,0,55,3.4,4.666666666666667,2.6666666666666665
1,0,1,19,1,2,1480,4,0,3.7142857142857144,5.0,3.6666666666666665
1,0,1,21,1,2,4994,5,0,4.428571428571429,5.0,4.666666666666667
1,1,1,30,1,2,3877,4,13,3.4285714285714284,3.0,4.666666666666667
1,1,1,39,1,2,1778,3,23,3.857142857142857,4.666666666666667,3.3333333333333335
1,1,1,48,1,2,2978,4,3,4.142857142857143,4.666666666666667,4.666666666666667
1,1,1,48,0,0,260,1,0,3.2857142857142856,4.0,3.3333333333333335
0,0,0,34,1,0,1718,2,0,2.5714285714285716,3.0,3.3333333333333335
0,1,1,60,1,0,463,1,75,1.4285714285714286,3.0,1.3333333333333333
0,0,1,42,1,1,1953,3,0,3.2857142857142856,3.0,2.3333333333333335
1,0,1,41,1,2,1934,3,2,3.857142857142857,4.333333333333333,3.3333333333333335
1,0,1,32,1,2,4918,5,30,4.0,4.0,3.6666666666666665
1,1,1,21,0,0,1759,1,0,3.7142857142857144,4.666666666666667,2.6666666666666665
0,0,0,24,1,0,1550,5,36,2.857142857142857,1.3333333333333333,3.3333333333333335
1,1,1,53,1,2,127,5,0,3.8,4.0,4.0
1,0,1,28,1,1,1857,2,0,4.142857142857143,5.0,4.0
1,0,1,42,1,2,3814,0,0,2.6,3.6666666666666665,2.3333333333333335
1,1,0,24,1,0,1756,5,0,3.5714285714285716,4.0,2.0
1,1,1,8,0,0,1719,4,16,3.5714285714285716,4.0,4.0
0,0,0,39,1,2,1770,3,43,3.2857142857142856,3.0,3.6666666666666665
1,1,1,30,0,0,2829,3,5,4.0,4.0,3.6666666666666665
1,1,1,60,1,0,289,5,7,2.7142857142857144,2.6666666666666665,4.0
1,1,1,8,1,2,3464,5,0,4.428571428571429,4.0,4.333333333333333
0,1,1,25,0,0,4462,3,53,3.142857142857143,2.0,2.6666666666666665
0,0,1,33,1,2,3595,5,0,1.8571428571428572,1.0,3.3333333333333335
0,0,1,34,1,2,1023,3,1,2.142857142857143,2.0,2.0
1,1,1,30,0,1,1542,4,0,3.142857142857143,3.0,2.6666666666666665
1,1,0,41,1,2,1781,4,110,3.2857142857142856,4.0,2.6666666666666665
0,1,1,43,1,0,425,3,33,2.5714285714285716,2.0,2.3333333333333335
1,1,1,41,1,2,87,5,0,3.857142857142857,4.0,4.666666666666667
1,1,1,24,1,2,3432,4,0,3.7142857142857144,5.0,3.0
0,0,1,64,0,0,2087,3,4,2.142857142857143,1.6666666666666667,3.6666666666666665
0,1,0,25,1,2,3325,5,1,2.5714285714285716,1.0,3.3333333333333335
0,1,1,62,1,1,1705,4,6,2.0,2.6666666666666665,2.6666666666666665
1,1,1,60,1,2,373,3,10,4.0,5.0,4.0
1,1,1,45,0,0,206,3,0,3.0,3.3333333333333335,3.0
1,1,1,59,1,2,1046,1,0,3.0,3.6666666666666665,2.6666666666666665
1,0,1,14,0,1,1514,4,0,3.857142857142857,2.0,4.333333333333333
1,1,1,58,1,2,1047,1,0,3.5714285714285716,4.666666666666667,3.0
0,1,0,23,1,0,1565,4,81,4.142857142857143,5.0,3.6666666666666665
0,0,0,45,1,0,1902,1,14,3.142857142857143,2.0,2.6666666666666665
1,0,1,46,1,2,3948,5,0,4.285714285714286,4.0,4.333333333333333
0,0,0,49,1,0,2103,1,5,2.4285714285714284,2.6666666666666665,2.6666666666666665
0,0,1,70,0,0,1695,5,0,3.0,4.0,3.6666666666666665
1,1,1,20,0,0,2403,3,11,4.142857142857143,3.6666666666666665,4.333333333333333
0,1,1,31,0,0,2378,2,290,2.7142857142857144,4.0,3.0
1,1,0,38,1,2,962,4,0,4.285714285714286,4.0,4.0
1,1,1,9,0,0,1529,4,0,3.857142857142857,2.6666666666666665,2.3333333333333335
1,0,1,50,1,2,384,1,4,3.0,4.666666666666667,3.0
0,1,1,29,1,2,4279,3,11,3.7142857142857144,3.0,2.3333333333333335
0,0,1,34,1,2,1892,2,49,2.5714285714285716,2.6666666666666665,2.0
1,1,1,39,1,2,3911,2,0,3.0,4.666666666666667,2.6666666666666665
0,0,1,38,1,0,3027,4,15,3.0,3.0,2.6666666666666665
0,0,1,49,1,0,3786,5,24,3.4285714285714284,2.3333333333333335,4.0
1,0,1,52,1,2,811,3,0,3.857142857142857,5.0,4.333333333333333
1,0,1,55,1,2,347,3,0,3.5714285714285716,4.333333333333333,4.0
1,1,1,29,0,0,2406,2,0,4.0,4.333333333333333,3.3333333333333335
1,1,1,30,1,2,4160,2,0,3.857142857142857,5.0,3.3333333333333335
0,0,1,57,1,2,2593,5,41,2.857142857142857,2.0,3.0
0,1,1,40,0,1,3256,5,0,3.857142857142857,3.0,4.333333333333333
1,1,1,58,1,2,1551,4,0,4.285714285714286,4.0,4.0
0,0,0,25,1,0,1914,0,0,2.5714285714285716,3.0,4.333333333333333
1,1,1,33,1,2,1519,5,13,4.285714285714286,3.6666666666666665,4.0
1,0,1,25,1,1,1830,5,0,2.5,1.0,3.6666666666666665
1,1,1,49,1,2,2696,3,1,3.857142857142857,4.333333333333333,3.6666666666666665
0,1,0,44,1,0,1741,4,0,3.0,2.0,2.3333333333333335
1,1,1,52,0,0,310,4,20,3.7142857142857144,4.666666666666667,3.3333333333333335
0,1,1,14,0,0,2418,2,13,3.4285714285714284,3.0,3.3333333333333335
0,1,0,61,1,1,926,3,0,2.857142857142857,5.0,3.3333333333333335
1,1,1,69,1,2,286,3,27,4.285714285714286,5.0,3.6666666666666665
1,1,1,60,1,2,872,1,0,3.7142857142857144,5.0,3.0
0,1,1,40,1,2,2621,1,0,1.4285714285714286,2.3333333333333335,2.0
0,1,1,31,0,0,2238,5,0,3.7142857142857144,2.0,3.3333333333333335
0,0,1,62,1,0,1922,1,0,3.4285714285714284,3.0,2.0
1,1,1,50,0,2,1020,2,0,3.2857142857142856,4.0,3.0
0,1,0,8,1,0,1849,3,23,3.4285714285714284,5.0,3.0
1,0,1,45,1,2,1948,2,6,3.7142857142857144,4.666666666666667,3.3333333333333335
0,1,0,23,1,0,2446,2,98,2.142857142857143,2.0,1.3333333333333333
1,1,1,43,0,0,415,3,0,2.4285714285714284,3.0,3.0
1,1,1,16,0,0,1779,2,0,3.4285714285714284,4.333333333333333,3.0
1,1,1,47,1,2,2721,2,38,3.7142857142857144,3.3333333333333335,3.0
0,1,1,57,1,0,1471,2,7,1.8571428571428572,2.0,1.3333333333333333
0,0,1,16,1,1,2316,2,9,2.7142857142857144,2.6666666666666665,2.0
0,0,1,16,0,1,2604,4,21,2.857142857142857,2.0,3.0
1,1,1,45,1,2,1251,4,4,3.857142857142857,4.333333333333333,4.0
0,0,1,18,0,0,3112,4,0,3.0,1.0,3.3333333333333335
1,1,1,59,0,0,98,4,76,4.0,4.666666666666667,2.0
1,1,1,57,1,2,3244,2,0,3.2857142857142856,3.6666666666666665,3.6666666666666665
1,1,1,40,1,2,1615,3,0,3.142857142857143,3.3333333333333335,3.0
1,0,1,31,1,2,2184,2,3,2.5714285714285716,2.0,3.6666666666666665
1,0,1,50,1,2,2488,1,34,3.142857142857143,4.333333333333333,3.3333333333333335
1,0,1,47,1,2,2881,3,54,4.285714285714286,4.333333333333333,3.6666666666666665
1,0,1,44,1,2,3034,2,6,3.4285714285714284,4.666666666666667,3.0
0,0,1,35,1,2,1882,3,26,2.0,2.3333333333333335,2.0
0,0,1,23,0,0,3670,5,0,2.5714285714285716,2.0,4.333333333333333
1,1,1,54,0,1,554,3,0,4.142857142857143,5.0,4.0
1,1,1,49,1,2,3574,2,0,3.4285714285714284,4.0,3.3333333333333335
1,1,1,13,0,0,2077,2,15,2.4285714285714284,1.3333333333333333,3.0
1,0,1,23,1,0,2633,4,0,2.75,2.0,2.6666666666666665
0,1,0,40,1,2,1332,3,20,3.2857142857142856,2.0,4.0
1,1,1,33,1,0,2438,0,0,3.0,2.0,2.6666666666666665
1,0,0,25,1,2,1276,0,0,4.428571428571429,3.6666666666666665,4.333333333333333
0,0,0,23,1,0,1961,1,37,2.5714285714285716,3.0,3.0
0,0,1,9,1,1,3377,2,5,2.2857142857142856,1.3333333333333333,3.3333333333333335
0,1,1,67,0,0,1003,4,11,3.857142857142857,4.0,3.6666666666666665
1,1,1,17,1,2,3043,5,0,4.428571428571429,4.0,4.0
1,0,1,40,1,2,1730,1,0,3.0,4.333333333333333,3.0
0,0,1,33,0,2,1895,0,0,4.0,4.0,4.333333333333333
1,0,1,12,1,2,3451,2,0,3.7142857142857144,4.0,3.3333333333333335
0,0,1,54,1,0,2125,4,4,3.0,3.0,3.3333333333333335
1,1,1,53,1,2,566,5,42,4.428571428571429,4.333333333333333,4.666666666666667
0,0,1,36,1,2,862,4,7,2.142857142857143,2.0,3.0
0,1,1,51,1,0,1112,5,0,2.142857142857143,1.6666666666666667,3.0
0,1,1,69,1,0,368,2,18,1.5714285714285714,3.0,1.3333333333333333
1,0,1,30,1,2,5380,3,0,3.5714285714285716,3.0,3.6666666666666665
1,1,1,56,1,2,1121,1,0,3.142857142857143,4.0,2.6666666666666665
0,1,0,62,1,2,1703,2,0,3.142857142857143,4.0,4.333333333333333
0,1,1,39,1,0,1956,3,40,3.142857142857143,3.0,3.0
1,0,1,35,1,2,2365,5,0,4.571428571428571,4.666666666666667,5.0
1,1,1,42,1,2,1226,4,15,3.857142857142857,4.0,3.6666666666666665
1,0,1,54,1,2,3791,4,16,4.0,2.3333333333333335,4.666666666666667
0,0,1,44,0,0,3434,3,0,3.7142857142857144,5.0,2.6666666666666665
1,1,1,43,1,2,2481,5,19,4.714285714285714,4.333333333333333,5.0
0,1,0,22,1,0,2180,4,11,3.857142857142857,5.0,4.0
0,0,1,33,0,1,2216,5,4,3.142857142857143,3.0,4.666666666666667
1,1,1,10,0,0,1392,2,99,3.7142857142857144,4.333333333333333,3.0
1,1,1,48,1,2,797,5,12,3.857142857142857,3.0,3.3333333333333335
1,0,1,25,1,2,4203,4,0,4.142857142857143,5.0,4.333333333333333
1,1,1,20,0,0,1806,3,0,3.857142857142857,4.0,3.6666666666666665
0,0,1,48,1,0,3730,3,0,2.142857142857143,1.0,3.0
0,1,0,27,1,0,1499,0,0,1.8571428571428572,3.0,2.6666666666666665
1,0,1,59,1,2,925,5,13,3.7142857142857144,3.6666666666666665,4.0
0,0,1,33,1,2,1725,2,27,2.4285714285714284,2.0,2.3333333333333335
0,0,1,21,0,0,3915,4,9,3.5714285714285716,1.6666666666666667,2.6666666666666665
1,1,1,46,1,2,1803,5,3,4.285714285714286,4.333333333333333,4.0
1,0,1,22,1,2,2972,5,0,3.2857142857142856,4.0,3.6666666666666665
0,0,1,54,0,0,3237,1,6,2.857142857142857,2.0,1.6666666666666667
0,0,1,37,0,0,1960,4,12,2.5714285714285716,4.0,3.0
1,1,1,43,0,0,1475,5,51,4.428571428571429,4.0,4.666666666666667
0,0,1,50,1,0,3492,1,0,2.2857142857142856,1.0,2.3333333333333335
0,1,0,29,1,0,2424,3,25,3.4285714285714284,5.0,2.3333333333333335
1,0,1,52,1,2,3930,1,0,3.7142857142857144,4.333333333333333,3.3333333333333335
1,1,1,58,1,2,2240,3,55,4.0,4.333333333333333,4.0
0,0,0,24,1,0,1771,0,8,2.5714285714285716,2.0,4.0
0,1,1,22,1,0,1406,3,0,3.142857142857143,2.6666666666666665,2.6666666666666665
0,1,1,17,1,2,3990,4,12,3.4285714285714284,4.0,3.3333333333333335
0,0,0,8,1,0,2009,1,17,3.142857142857143,2.3333333333333335,2.6666666666666665
0,0,1,37,0,0,1303,4,0,2.857142857142857,2.3333333333333335,3.6666666666666665
1,1,1,17,0,0,1044,1,0,3.857142857142857,3.6666666666666665,3.0
1,1,1,55,0,0,1029,2,4,4.428571428571429,4.0,3.3333333333333335
1,1,1,52,0,0,626,4,21,3.5714285714285716,3.6666666666666665,4.0
0,1,1,48,1,0,691,3,1,3.4285714285714284,2.6666666666666665,3.3333333333333335
1,1,1,36,1,2,625,3,0,3.4285714285714284,4.0,3.6666666666666665
1,0,1,52,1,2,1758,4,0,3.2857142857142856,4.0,4.333333333333333
0,1,0,26,1,0,2103,4,0,2.7142857142857144,1.0,3.0
0,1,0,34,1,0,1986,2,4,2.7142857142857144,3.0,3.6666666666666665
1,1,0,59,1,2,1868,4,6,4.142857142857143,4.0,2.6666666666666665
0,1,1,66,0,0,806,3,59,4.428571428571429,4.0,3.6666666666666665
1,0,1,32,1,1,1222,5,7,4.428571428571429,5.0,4.0
1,1,1,29,0,0,3406,2,0,3.5714285714285716,4.0,4.0
1,0,1,29,1,2,2940,4,0,4.142857142857143,4.0,4.333333333333333
1,0,1,52,1,2,576,5,10,5.0,4.333333333333333,4.333333333333333
0,1,1,41,1,2,2292,2,0,2.0,1.3333333333333333,2.3333333333333335
1,0,1,49,1,2,3981,2,0,3.7142857142857144,4.666666666666667,3.3333333333333335
0,1,1,45,1,2,1501,3,0,2.0,2.3333333333333335,2.0
1,1,0,24,1,2,2036,3,7,3.5714285714285716,2.0,3.6666666666666665
1,1,1,57,1,2,400,5,0,3.4285714285714284,4.333333333333333,3.0
1,0,1,32,1,2,1725,3,0,3.857142857142857,5.0,4.333333333333333
0,0,1,52,1,2,833,4,61,2.7142857142857144,2.3333333333333335,2.3333333333333335
1,1,1,24,0,0,1154,1,0,3.142857142857143,3.6666666666666665,3.3333333333333335
1,1,1,44,1,2,3575,1,51,3.4285714285714284,4.333333333333333,3.6666666666666665
1,0,1,42,1,2,2809,5,0,4.714285714285714,3.6666666666666665,3.6666666666666665
1,1,1,45,0,1,245,4,0,4.285714285714286,4.333333333333333,2.6666666666666665
0,1,0,23,1,0,1243,3,0,2.857142857142857,3.0,3.0
1,1,1,50,1,2,3806,1,21,3.857142857142857,5.0,3.6666666666666665
0,1,0,40,1,2,1809,2,0,3.142857142857143,4.0,4.0
1,0,1,27,1,2,5190,1,3,3.142857142857143,4.666666666666667,3.3333333333333335
1,1,1,55,1,2,3538,5,1,3.857142857142857,4.333333333333333,4.333333333333333
1,1,1,14,0,0,1985,2,0,3.142857142857143,4.0,3.6666666666666665
0,0,1,30,1,1,1659,2,0,1.4285714285714286,1.0,2.6666666666666665
0,0,1,25,1,2,1645,4,17,2.2857142857142856,1.0,3.0
1,1,1,68,0,1,1007,1,2,4.0,4.666666666666667,3.3333333333333335
1,1,1,32,1,2,4770,2,0,4.0,5.0,3.6666666666666665
0,0,1,38,0,0,1899,1,0,2.4285714285714284,2.0,2.3333333333333335
0,1,1,46,1,2,1207,4,3,4.0,3.3333333333333335,4.0
0,1,0,39,1,2,1507,4,0,2.7142857142857144,2.0,1.3333333333333333
0,1,1,59,1,2,1826,3,163,2.857142857142857,1.6666666666666667,2.6666666666666665
1,1,1,21,0,0,2760,5,0,4.142857142857143,4.333333333333333,4.666666666666667
1,0,1,41,1,0,2694,2,0,3.5714285714285716,4.0,2.3333333333333335
0,1,1,25,1,2,3176,2,0,1.8571428571428572,2.0,1.6666666666666667
1,1,1,42,1,2,68,2,0,4.142857142857143,4.666666666666667,3.3333333333333335
0,0,1,18,0,2,1406,3,8,2.142857142857143,3.0,2.6666666666666665
1,1,1,7,0,0,1885,5,9,4.714285714285714,4.0,3.3333333333333335
1,0,1,49,0,0,1282,2,0,2.25,2.0,3.3333333333333335
0,0,0,32,1,2,1674,2,0,3.4285714285714284,4.0,4.0
1,1,1,28,0,0,1590,0,0,2.8,3.3333333333333335,3.3333333333333335
1,1,1,39,0,0,3312,5,0,4.428571428571429,3.6666666666666665,3.6666666666666665
1,1,0,22,1,2,2350,0,25,3.5714285714285716,2.3333333333333335,4.666666666666667
1,1,1,58,1,2,3629,3,21,4.142857142857143,4.333333333333333,4.0
0,0,1,27,0,0,2455,4,63,3.4285714285714284,5.0,2.0
1,1,1,66,0,0,623,4,0,4.714285714285714,4.333333333333333,3.3333333333333335
0,0,0,36,1,0,2311,3,42,2.857142857142857,5.0,2.0
1,1,1,46,1,2,1424,3,1,4.0,4.333333333333333,4.0
1,1,1,50,0,0,1290,1,0,3.142857142857143,4.333333333333333,3.3333333333333335
0,0,1,55,1,2,2439,2,102,2.142857142857143,3.0,2.6666666666666665
1,1,1,50,1,2,2303,2,0,3.2857142857142856,4.666666666666667,3.0
0,1,1,39,1,0,1362,5,0,2.4285714285714284,2.0,3.6666666666666665
1,1,1,24,1,2,2802,4,0,3.5714285714285716,3.0,4.0
1,1,1,22,1,2,1890,3,0,3.2857142857142856,4.0,3.3333333333333335
1,1,1,46,1,2,588,3,0,3.7142857142857144,4.0,4.0
1,1,1,30,1,2,4809,4,24,4.0,5.0,4.666666666666667
1,1,1,23,1,0,2095,1,0,3.0,3.6666666666666665,3.6666666666666665
0,0,1,78,1,0,1643,0,26,2.6666666666666665,3.6666666666666665,3.0
1,1,1,53,1,2,2952,2,0,3.857142857142857,4.333333333333333,4.0
0,0,1,57,0,0,1779,3,0,1.7142857142857142,1.0,1.6666666666666667
1,0,1,41,1,2,3772,4,0,4.714285714285714,4.333333333333333,4.333333333333333
0,1,1,60,0,0,1145,5,0,3.142857142857143,3.3333333333333335,3.6666666666666665
0,1,1,55,1,2,983,3,0,2.0,2.0,2.0
1,0,1,57,1,2,3118,2,0,3.5714285714285716,4.0,3.6666666666666665
1,0,1,45,1,2,2004,2,39,3.857142857142857,4.333333333333333,3.6666666666666665
1,1,1,39,0,0,1243,5,0,4.571428571428571,4.0,4.666666666666667
1,1,1,49,1,0,596,2,0,3.857142857142857,3.3333333333333335,3.0
1,0,1,54,1,2,1808,4,0,4.142857142857143,4.666666666666667,4.0
0,1,1,52,1,2,1957,2,0,1.4285714285714286,2.6666666666666665,2.3333333333333335
1,1,0,25,1,2,1333,4,0,4.0,3.6666666666666665,4.333333333333333
0,1,1,45,0,0,108,5,0,3.0,3.6666666666666665,2.3333333333333335
0,0,0,47,1,0,1540,1,54,3.142857142857143,3.0,2.6666666666666665
1,1,1,29,1,2,4525,2,27,3.7142857142857144,5.0,3.6666666666666665
1,0,1,51,1,2,1909,3,0,3.857142857142857,4.0,4.0
1,0,1,42,1,2,1399,1,15,3.4285714285714284,4.0,3.0
1,1,1,54,0,0,334,2,0,4.428571428571429,2.6666666666666665,3.6666666666666665
0,0,1,18,0,0,1161,4,0,3.4285714285714284,2.0,3.3333333333333335
1,1,1,21,0,0,1633,5,0,4.428571428571429,5.0,5.0
0,1,1,40,0,0,1162,5,4,3.7142857142857144,2.3333333333333335,4.0
0,0,1,58,0,0,2125,4,14,3.0,5.0,3.6666666666666665
1,1,1,45,1,2,2023,2,0,3.7142857142857144,4.333333333333333,3.6666666666666665
0,0,1,57,1,0,2484,2,160,3.0,2.3333333333333335,3.0
1,1,1,41,1,2,1389,3,16,3.857142857142857,4.0,3.6666666666666665
1,0,1,59,1,2,72,2,0,3.5714285714285716,4.0,3.6666666666666665
1,1,1,29,1,2,4056,2,9,3.2857142857142856,3.0,3.0
0,1,0,26,1,2,3371,1,0,2.2857142857142856,4.0,3.6666666666666665
1,1,1,48,1,2,978,1,0,2.857142857142857,3.6666666666666665,3.0
0,0,1,15,0,0,1690,4,22,3.0,4.0,3.0
0,0,1,37,0,0,2315,5,0,3.5714285714285716,2.0,3.6666666666666665
0,1,1,61,1,1,820,2,0,2.5714285714285716,2.0,2.0
0,0,1,52,0,0,1700,5,86,3.142857142857143,5.0,3.6666666666666665
1,1,1,28,0,0,1492,1,0,3.857142857142857,4.0,3.3333333333333335
1,1,0,22,1,0,1836,0,0,4.5,4.0,2.3333333333333335
1,1,0,49,1,2,2800,5,12,3.7142857142857144,1.0,2.6666666666666665
1,0,0,23,1,2,2113,0,47,3.7142857142857144,1.6666666666666667,4.0
0,1,0,27,1,0,1779,0,0,3.0,1.0,4.0
1,1,1,22,1,2,2402,4,111,4.142857142857143,3.0,4.333333333333333
0,0,0,36,1,0,1086,0,5,1.8571428571428572,1.0,3.0
1,1,1,9,0,2,2600,4,0,4.142857142857143,3.6666666666666665,4.333333333333333
1,1,1,46,1,2,1456,3,59,3.857142857142857,5.0,4.333333333333333
1,0,1,63,1,2,2633,2,8,4.285714285714286,5.0,4.0
1,0,1,44,1,2,3087,1,25,3.142857142857143,4.666666666666667,3.3333333333333335
1,1,1,64,0,0,740,1,50,3.142857142857143,5.0,2.6666666666666665
1,1,0,40,1,2,1081,3,53,3.142857142857143,3.3333333333333335,4.0
0,0,1,55,0,2,568,5,0,3.142857142857143,3.0,2.6666666666666665
0,0,1,39,0,0,3854,4,0,3.7142857142857144,4.0,3.3333333333333335
1,1,1,33,0,2,438,5,0,3.2857142857142856,3.6666666666666665,3.3333333333333335
1,0,1,53,1,0,1274,3,8,3.7142857142857144,5.0,2.6666666666666665
0,0,1,56,0,0,2774,1,0,2.142857142857143,5.0,3.0
1,0,1,56,1,2,2714,1,33,3.0,4.333333333333333,2.6666666666666665
1,0,1,17,0,0,2104,5,0,2.0,2.0,3.0
0,1,0,25,1,2,2462,5,11,2.7142857142857144,4.0,3.6666666666666665
0,1,0,33,1,2,1491,3,0,3.5714285714285716,2.0,4.666666666666667
1,0,1,40,1,2,1562,2,0,3.857142857142857,5.0,3.6666666666666665
0,1,0,37,1,0,2033,3,0,1.4285714285714286,2.0,2.6666666666666665
0,0,1,27,1,0,3905,5,10,2.7142857142857144,2.0,3.6666666666666665
1,0,1,39,1,2,301,5,0,3.857142857142857,4.0,4.0
1,1,1,22,1,2,4120,2,3,3.857142857142857,4.0,3.0
1,1,1,32,0,0,2338,4,0,3.857142857142857,3.6666666666666665,3.3333333333333335
1,0,1,54,1,2,1035,1,0,2.7142857142857144,3.6666666666666665,2.6666666666666665
0,0,0,18,1,0,1419,2,0,3.0,1.0,2.6666666666666665
0,0,1,68,1,2,478,2,0,3.0,2.6666666666666665,2.0
0,1,0,34,1,2,2173,1,81,2.857142857142857,5.0,3.0
1,1,1,55,0,0,220,5,15,4.285714285714286,4.0,4.333333333333333
0,1,1,32,0,0,2444,4,0,3.857142857142857,2.0,3.6666666666666665
1,1,1,62,0,0,315,2,89,2.5714285714285716,3.3333333333333335,3.0
1,1,1,50,1,2,3210,3,0,3.0,3.3333333333333335,3.0
0,0,1,42,0,0,1149,1,26,3.0,4.333333333333333,3.0
0,1,0,26,1,0,1922,0,0,2.142857142857143,1.0,3.3333333333333335
0,1,0,22,1,0,1359,0,0,2.2857142857142856,3.0,1.3333333333333333
0,1,1,49,1,1,1007,3,11,3.0,3.3333333333333335,3.3333333333333335
1,1,1,36,0,0,1437,1,7,3.7142857142857144,4.0,3.3333333333333335
0,0,1,43,1,2,1488,5,34,2.2857142857142856,2.0,3.0
1,1,1,26,1,2,4487,4,0,3.4285714285714284,5.0,3.0
1,1,1,54,0,0,2466,2,2,3.857142857142857,4.333333333333333,3.6666666666666665
1,1,1,44,0,0,576,3,0,4.0,4.333333333333333,3.3333333333333335
1,1,1,39,1,2,2908,5,0,4.285714285714286,3.6666666666666665,4.0
1,0,1,25,1,2,2464,5,0,4.285714285714286,5.0,4.0
0,1,0,21,1,0,1573,2,0,3.142857142857143,2.0,4.333333333333333
1,0,1,60,1,2,2811,5,39,4.714285714285714,4.0,4.666666666666667
1,0,1,41,1,2,254,5,0,4.571428571428571,4.666666666666667,4.0
1,1,1,58,1,2,558,3,0,3.5714285714285716,2.6666666666666665,2.6666666666666665
1,0,1,28,1,1,1551,1,0,3.7142857142857144,5.0,2.0
1,1,1,49,1,2,1815,3,19,3.2857142857142856,3.3333333333333335,2.6666666666666665
0,0,0,44,1,2,1410,2,15,3.142857142857143,2.0,4.0
0,1,0,33,1,0,1458,0,1,2.2857142857142856,2.0,3.3333333333333335
1,1,1,42,0,0,830,5,1,2.8333333333333335,2.0,4.0
1,1,1,47,1,2,2693,3,0,3.857142857142857,4.666666666666667,3.0
0,1,0,21,1,0,1792,3,18,2.2857142857142856,4.0,2.3333333333333335
1,0,1,36,0,0,2144,4,0,4.142857142857143,5.0,4.0
0,0,1,34,0,1,1928,5,127,2.857142857142857,2.0,3.0
0,1,1,53,0,0,629,5,0,3.4285714285714284,3.3333333333333335,2.6666666666666665
1,1,1,60,1,2,229,4,0,4.6,5.0,4.666666666666667
1,0,1,39,1,2,4754,1,350,2.7142857142857144,2.6666666666666665,2.6666666666666665
1,0,1,43,1,0,1298,4,0,4.285714285714286,5.0,4.0
1,0,1,60,1,2,2456,3,0,3.7142857142857144,4.666666666666667,3.6666666666666665
1,1,1,30,0,0,1765,5,0,4.857142857142857,4.333333333333333,4.333333333333333
0,0,1,66,1,2,3910,2,2,3.7142857142857144,2.6666666666666665,3.0
1,0,1,30,1,2,3352,2,0,2.2857142857142856,4.0,1.6666666666666667
0,1,0,23,1,0,1643,2,0,2.4285714285714284,1.0,2.6666666666666665
0,1,1,49,1,1,604,3,0,3.2857142857142856,3.3333333333333335,2.3333333333333335
1,1,1,17,1,2,3684,5,0,4.571428571428571,4.333333333333333,5.0
1,1,1,45,1,2,3408,4,9,4.0,4.0,4.333333333333333
0,1,0,21,1,0,2799,3,0,2.857142857142857,4.0,3.3333333333333335
0,0,1,14,0,0,2021,1,0,3.857142857142857,3.0,1.6666666666666667
0,1,0,27,1,2,2484,3,0,3.5714285714285716,3.0,4.0
1,1,1,60,1,2,414,2,31,3.142857142857143,4.333333333333333,3.6666666666666665
1,0,1,41,1,2,360,2,6,3.2857142857142856,3.3333333333333335,2.6666666666666665
1,1,1,41,1,2,2396,2,0,2.857142857142857,3.3333333333333335,2.6666666666666665
0,0,0,25,1,0,2238,0,0,2.857142857142857,5.0,4.333333333333333
0,0,1,20,0,0,2833,5,86,2.7142857142857144,2.0,3.0
1,1,1,47,1,2,525,4,26,4.142857142857143,4.0,4.333333333333333
1,1,1,17,0,2,1783,4,0,4.714285714285714,5.0,4.333333333333333
0,0,1,8,0,0,1958,4,0,4.142857142857143,4.666666666666667,3.0
1,1,1,48,1,1,942,2,0,4.0,4.0,2.6666666666666665
0,1,1,50,0,0,1599,4,72,4.571428571428571,4.333333333333333,4.0
0,1,1,69,1,0,411,5,11,2.5714285714285716,3.3333333333333335,3.0
1,1,1,66,0,0,636,5,14,5.0,4.333333333333333,4.0
1,0,1,54,1,2,1634,3,0,3.857142857142857,4.666666666666667,3.6666666666666665
0,1,1,69,1,0,895,0,0,2.6666666666666665,3.0,3.3333333333333335
0,0,1,14,0,0,2541,4,2,2.7142857142857144,5.0,3.6666666666666665
1,1,1,25,1,0,2497,4,0,2.75,2.0,3.6666666666666665
1,1,1,56,1,2,3966,4,0,3.857142857142857,4.666666666666667,4.0
0,0,1,36,1,2,3066,1,22,2.5714285714285716,2.0,1.6666666666666667
1,1,1,22,0,0,1792,5,9,4.428571428571429,4.333333333333333,5.0
1,0,1,44,1,2,391,1,0,2.7142857142857144,4.0,2.6666666666666665
1,1,1,20,0,2,1601,4,0,3.2857142857142856,3.6666666666666665,3.6666666666666665
0,1,1,65,1,2,2031,4,8,2.857142857142857,2.3333333333333335,3.3333333333333335
1,1,1,35,1,0,2031,4,17,4.142857142857143,4.0,4.333333333333333
1,0,0,22,1,2,1281,4,0,4.75,4.0,3.6666666666666665
1,1,1,52,1,2,637,5,0,4.285714285714286,3.3333333333333335,3.3333333333333335
1,1,1,30,1,2,2062,1,0,3.142857142857143,4.0,3.3333333333333335
1,1,1,28,0,0,1625,3,0,3.4285714285714284,4.0,2.3333333333333335
1,1,1,56,1,2,835,1,7,3.0,4.333333333333333,3.0
0,1,1,77,1,2,998,3,0,2.4285714285714284,2.0,3.0
1,0,1,56,1,2,2167,5,0,3.7142857142857144,4.666666666666667,4.333333333333333
1,0,1,49,1,2,1829,2,0,4.0,4.0,4.0
1,0,1,57,0,0,1790,4,0,3.5714285714285716,1.0,3.0
0,0,1,60,1,0,2886,1,0,2.7142857142857144,3.0,3.0
0,1,0,50,1,1,1782,1,0,2.7142857142857144,5.0,3.3333333333333335
1,1,1,36,0,2,232,1,0,2.857142857142857,2.0,2.0
0,1,1,45,1,0,1016,4,19,2.2857142857142856,2.6666666666666665,3.0
1,1,1,61,0,0,1861,2,0,3.142857142857143,4.0,2.6666666666666665
1,1,1,51,1,2,3821,4,25,3.7142857142857144,4.666666666666667,4.333333333333333
1,1,1,9,0,0,1604,5,2,4.142857142857143,4.0,4.0
1,0,1,46,1,2,2594,2,16,3.7142857142857144,4.333333333333333,3.3333333333333335
0,0,1,27,0,0,1357,5,0,3.142857142857143,1.0,3.0
1,1,1,55,1,2,1845,5,0,4.428571428571429,4.666666666666667,4.0
1,1,1,62,0,0,594,1,25,3.5714285714285716,4.666666666666667,3.6666666666666665
0,0,1,21,0,0,1223,4,0,3.2857142857142856,4.0,3.3333333333333335
0,0,1,12,0,0,2369,1,3,2.7142857142857144,2.0,3.0
1,1,1,60,1,0,788,1,47,3.2857142857142856,3.0,2.6666666666666665
0,0,1,30,0,0,3924,4,138,3.142857142857143,4.333333333333333,3.6666666666666665
0,0,0,20,1,0,2193,0,13,3.4285714285714284,2.0,3.0
0,1,1,48,1,0,300,5,7,3.2857142857142856,3.0,3.3333333333333335
0,0,1,43,0,0,1363,5,0,3.142857142857143,4.0,4.0
1,1,1,34,1,2,3062,2,0,3.857142857142857,4.333333333333333,3.6666666666666665
0,0,1,42,0,1,1999,4,0,3.5714285714285716,4.0,3.3333333333333335
0,1,0,26,1,2,1869,0,0,3.0,4.0,4.333333333333333
1,1,1,36,1,0,1931,4,0,4.0,5.0,2.3333333333333335
1,1,1,47,1,2,1210,5,0,4.571428571428571,4.666666666666667,4.333333333333333
0,0,1,49,1,0,1898,3,15,2.5714285714285716,1.0,2.3333333333333335
0,0,1,48,0,0,1425,1,2,2.2857142857142856,1.0,3.3333333333333335
1,0,1,54,1,2,4013,1,0,2.5714285714285716,2.3333333333333335,3.0
0,1,0,30,1,2,2509,2,10,3.0,3.0,3.6666666666666665
1,1,1,53,1,2,1696,3,4,4.0,3.3333333333333335,3.3333333333333335
0,0,1,32,0,0,2550,4,0,3.857142857142857,2.0,3.0
1,1,1,51,1,2,2010,5,0,4.142857142857143,3.3333333333333335,4.333333333333333
0,1,1,44,0,0,2464,5,0,3.4285714285714284,3.3333333333333335,3.0
1,0,1,49,1,2,564,4,5,4.428571428571429,4.666666666666667,4.0
1,0,1,53,1,2,553,2,12,2.5714285714285716,3.6666666666666665,2.3333333333333335
1,1,1,53,1,2,3055,2,0,3.2857142857142856,3.6666666666666665,2.6666666666666665
1,0,1,59,1,1,1681,2,0,2.7142857142857144,3.0,2.0
0,0,1,43,1,0,2646,2,14,2.142857142857143,2.0,3.3333333333333335
1,1,1,53,0,0,124,2,0,3.5714285714285716,3.6666666666666665,3.3333333333333335
0,0,0,54,1,0,1768,2,0,2.7142857142857144,3.3333333333333335,1.6666666666666667
1,1,1,39,1,0,2426,2,8,4.428571428571429,5.0,3.3333333333333335
1,1,1,48,1,0,602,2,35,3.7142857142857144,3.0,3.6666666666666665
1,1,1,50,1,2,79,2,0,3.7142857142857144,3.6666666666666665,3.6666666666666665
1,1,1,15,0,0,2096,5,0,4.571428571428571,4.666666666666667,5.0
0,1,0,23,1,0,2854,0,75,2.8333333333333335,5.0,3.3333333333333335
1,1,1,51,1,2,1036,2,8,4.428571428571429,4.666666666666667,4.0
1,1,1,44,1,1,545,1,0,3.5714285714285716,2.3333333333333335,2.3333333333333335
1,0,1,40,1,2,1787,2,0,3.4285714285714284,4.666666666666667,3.6666666666666665
0,0,1,24,0,0,2001,3,0,3.2857142857142856,3.0,4.0
1,1,1,40,1,1,1498,4,11,4.0,4.0,2.0
1,0,1,49,1,2,2968,4,1,3.2857142857142856,3.3333333333333335,3.3333333333333335
0,0,1,8,0,0,1605,3,0,3.0,5.0,2.6666666666666665
0,1,1,39,1,2,3988,5,0,2.142857142857143,2.6666666666666665,2.3333333333333335
1,0,1,32,1,2,5127,0,90,4.0,5.0,3.3333333333333335
1,1,0,15,1,2,1719,4,0,4.0,3.0,2.6666666666666665
1,1,1,46,0,0,202,1,3,3.4285714285714284,5.0,3.6666666666666665
0,1,1,29,1,2,4872,4,0,2.2857142857142856,2.0,3.6666666666666665
0,0,1,7,0,0,1983,3,226,2.2,1.0,1.6666666666666667
1,1,1,34,1,2,2017,4,0,4.428571428571429,4.666666666666667,4.666666666666667
0,0,0,22,1,2,2446,3,8,3.5714285714285716,5.0,3.3333333333333335
1,1,1,57,0,0,527,2,0,3.857142857142857,4.0,3.6666666666666665
0,0,0,26,1,2,1712,0,1,2.857142857142857,1.0,3.6666666666666665
0,0,1,54,0,0,1337,4,0,4.0,5.0,3.6666666666666665
0,0,1,36,1,0,2353,3,18,2.4285714285714284,1.0,2.6666666666666665
1,0,1,39,1,2,262,4,1,4.0,4.333333333333333,4.0
1,1,1,40,1,2,3678,5,0,3.5714285714285716,3.3333333333333335,4.666666666666667
1,0,1,58,1,2,441,5,57,4.142857142857143,4.333333333333333,4.666666666666667
0,1,0,20,1,0,2358,2,0,2.7142857142857144,4.0,2.0
1,1,1,49,0,0,2252,3,12,4.285714285714286,3.3333333333333335,3.0
0,0,1,26,0,0,2194,3,0,3.4285714285714284,4.0,2.3333333333333335
1,1,0,27,1,2,3042,5,0,4.571428571428571,4.0,3.0
0,1,1,59,1,0,1159,4,6,3.142857142857143,3.0,3.6666666666666665
0,1,1,61,1,2,2975,1,32,3.4285714285714284,2.6666666666666665,2.0
0,0,0,28,1,1,1615,2,3,2.5714285714285716,2.3333333333333335,2.6666666666666665
1,1,1,55,1,2,323,1,0,3.7142857142857144,5.0,3.0
1,0,0,22,1,0,2857,5,0,3.5714285714285716,5.0,2.6666666666666665
0,1,0,51,1,2,2052,1,0,2.7142857142857144,4.0,3.3333333333333335
0,1,1,40,1,2,1156,1,0,1.5714285714285714,2.3333333333333335,1.0
0,0,1,28,0,0,1892,1,0,3.0,5.0,4.0
0,1,1,24,1,1,2900,2,11,1.8571428571428572,1.3333333333333333,2.6666666666666665
0,1,0,37,1,0,1128,2,1,2.857142857142857,3.6666666666666665,1.6666666666666667
0,1,1,59,1,2,1239,2,1,2.2857142857142856,2.0,1.6666666666666667
0,0,0,27,1,2,1748,1,6,2.7142857142857144,4.333333333333333,4.666666666666667
1,0,1,24,1,2,4068,4,0,4.142857142857143,5.0,4.0
0,1,0,57,1,1,2716,1,149,1.4285714285714286,1.0,2.6666666666666665
0,0,1,57,1,0,4258,4,334,2.857142857142857,3.3333333333333335,3.3333333333333335
1,0,1,18,1,2,2633,3,12,3.5714285714285716,5.0,1.6666666666666667
1,1,1,45,1,2,2355,5,0,3.857142857142857,4.0,4.333333333333333
1,1,1,67,0,0,221,3,0,3.4285714285714284,3.0,4.0
1,1,1,50,1,2,2074,5,0,4.714285714285714,4.333333333333333,5.0
1,0,1,49,1,2,1763,1,1,3.0,4.666666666666667,3.3333333333333335
1,1,1,30,1,2,2906,1,22,3.2857142857142856,5.0,3.3333333333333335
1,0,1,47,1,2,1768,5,11,4.714285714285714,4.666666666666667,5.0
1,0,1,39,1,2,1251,2,0,3.7142857142857144,3.3333333333333335,3.3333333333333335
0,1,1,32,0,0,2896,2,0,3.142857142857143,1.0,2.0
0,0,0,39,1,2,1991,1,7,2.5714285714285716,4.0,3.0
1,1,1,40,0,2,700,3,0,3.7142857142857144,4.333333333333333,4.333333333333333
0,0,1,10,0,0,2498,5,55,2.4285714285714284,1.0,3.0
0,0,1,28,0,0,2551,1,14,2.7142857142857144,4.0,2.3333333333333335
1,1,1,37,1,2,2427,1,17,3.4285714285714284,3.3333333333333335,2.6666666666666665
0,1,1,17,0,0,2618,1,0,3.4285714285714284,3.0,2.6666666666666665
1,1,1,48,1,2,595,2,0,3.5714285714285716,4.333333333333333,3.0
0,1,1,56,1,2,3658,2,20,3.857142857142857,3.0,3.3333333333333335
0,0,1,27,1,2,3525,5,0,3.5714285714285716,3.0,3.3333333333333335
0,0,1,27,1,0,1906,2,23,2.5714285714285716,2.0,3.3333333333333335
0,1,1,79,1,1,96,2,15,2.5714285714285716,3.0,1.6666666666666667
1,0,1,23,1,2,2195,4,0,3.7142857142857144,5.0,4.0
1,1,1,49,0,1,2438,4,0,4.25,5.0,3.3333333333333335
1,1,1,52,1,2,2882,1,0,3.0,4.0,2.6666666666666665
1,0,1,59,1,2,3783,3,0,3.5714285714285716,4.333333333333333,3.6666666666666665
1,1,1,20,1,2,4069,5,0,4.285714285714286,4.0,4.333333333333333
1,1,1,48,0,0,720,3,30,3.0,4.0,3.0
1,0,1,12,0,0,2056,4,6,4.428571428571429,5.0,4.0
1,0,1,45,1,2,3731,2,77,3.7142857142857144,4.0,3.6666666666666665
1,1,1,22,1,2,4411,5,21,3.4285714285714284,4.0,4.333333333333333
1,1,1,51,1,2,3802,4,0,3.857142857142857,4.0,3.6666666666666665
1,0,1,36,1,2,720,3,0,3.5714285714285716,2.6666666666666665,2.6666666666666665
1,0,1,60,1,2,1897,2,0,3.4285714285714284,4.666666666666667,3.6666666666666665
1,1,1,36,0,0,1829,2,0,4.142857142857143,5.0,3.3333333333333335
1,1,1,58,1,2,1283,4,0,3.857142857142857,3.3333333333333335,3.6666666666666665
0,1,1,20,1,1,2273,4,15,2.7142857142857144,2.3333333333333335,3.3333333333333335
0,1,1,70,0,0,410,1,20,3.857142857142857,2.6666666666666665,2.6666666666666665
1,1,1,60,1,2,1696,2,0,3.857142857142857,4.0,4.0
0,0,1,12,0,0,1755,4,0,3.2857142857142856,5.0,4.0
0,0,0,25,1,0,2371,2,4,2.4285714285714284,3.0,3.3333333333333335
0,1,1,25,0,0,2365,5,9,3.7142857142857144,2.0,3.0
0,0,1,22,1,2,2770,1,0,2.0,2.0,1.6666666666666667
1,0,1,41,1,2,3663,2,0,3.0,4.666666666666667,2.6666666666666665
0,1,1,59,1,0,420,4,21,4.0,3.3333333333333335,3.6666666666666665
0,0,1,49,0,0,1995,4,0,3.2857142857142856,4.0,3.0
1,0,0,27,1,2,2387,5,7,4.428571428571429,3.0,2.6666666666666665
1,0,1,50,0,0,2301,5,16,4.571428571428571,5.0,4.0
1,1,1,69,0,0,2136,2,0,3.142857142857143,4.0,3.0
1,1,1,48,1,2,2957,1,0,3.142857142857143,3.6666666666666665,3.0
1,1,1,22,0,0,1837,5,87,4.571428571428571,4.666666666666667,3.3333333333333335
1,0,1,22,1,1,3691,4,0,4.0,4.333333333333333,4.0
0,0,1,16,1,2,4164,1,0,2.2857142857142856,2.0,2.3333333333333335
1,0,1,29,1,2,2832,5,8,4.285714285714286,4.0,5.0
1,0,1,38,1,1,6733,4,2,4.0,3.6666666666666665,4.333333333333333
1,1,1,44,1,0,219,3,6,4.0,2.6666666666666665,4.0
1,1,1,36,1,0,2608,5,0,2.5714285714285716,2.0,3.3333333333333335
1,1,1,19,1,0,2614,4,5,3.4285714285714284,3.6666666666666665,2.6666666666666665
0,0,0,24,1,0,1593,5,27,3.2857142857142856,4.0,4.0
1,1,1,48,0,0,1015,1,0,3.4285714285714284,2.6666666666666665,3.3333333333333335
0,1,1,15,1,2,3689,3,7,3.2857142857142856,3.0,2.3333333333333335
0,1,1,49,0,2,2913,4,181,2.7142857142857144,3.0,3.6666666666666665
0,1,0,35,1,2,3418,3,21,3.2857142857142856,3.0,3.6666666666666665
1,0,1,42,1,2,257,2,0,3.857142857142857,4.666666666666667,4.0
1,0,1,48,1,2,3937,4,0,4.428571428571429,4.333333333333333,4.0
1,1,1,28,1,2,4810,3,28,3.4285714285714284,4.0,2.6666666666666665
1,1,1,47,1,2,248,1,38,3.0,4.333333333333333,3.0
1,0,1,38,1,2,143,3,0,3.4285714285714284,2.6666666666666665,3.6666666666666665
1,1,1,49,1,1,1056,4,9,4.571428571428571,3.6666666666666665,4.333333333333333
0,0,1,42,0,1,2901,1,0,2.2857142857142856,1.0,2.0
1,1,1,22,1,0,2630,5,117,4.0,4.666666666666667,3.0
0,0,1,41,0,0,2007,4,0,3.857142857142857,3.0,4.666666666666667
0,1,1,10,1,2,5746,1,5,1.5714285714285714,1.0,2.3333333333333335
1,1,1,41,1,2,2597,5,11,4.0,3.6666666666666665,4.333333333333333
1,0,1,42,1,2,1616,1,0,3.4285714285714284,4.0,3.3333333333333335
1,1,1,31,0,0,2080,3,4,3.4285714285714284,5.0,2.0
0,1,0,44,1,0,1554,4,0,3.0,3.0,2.3333333333333335
0,0,1,53,0,0,3182,4,1,3.2857142857142856,1.0,3.0
0,0,1,15,1,1,1591,4,76,2.4285714285714284,2.0,3.6666666666666665
0,1,0,39,1,0,2080,0,0,3.4285714285714284,4.0,2.0
0,0,1,44,1,0,1866,5,14,3.2857142857142856,4.0,3.6666666666666665
0,1,1,50,1,2,3298,3,0,1.5714285714285714,2.3333333333333335,1.6666666666666667
1,0,1,51,1,2,3360,2,0,4.0,4.333333333333333,3.3333333333333335
1,0,1,42,1,2,2375,0,0,3.2,3.3333333333333335,2.6666666666666665
1,0,1,23,1,2,2145,3,0,3.5714285714285716,4.0,3.3333333333333335
1,0,1,9,0,0,2252,3,0,3.7142857142857144,2.0,2.3333333333333335
1,0,1,41,1,0,2632,4,0,3.5714285714285716,4.0,4.666666666666667
0,1,1,29,1,2,4182,5,12,3.4285714285714284,4.0,4.0
0,1,0,40,1,2,999,3,0,3.0,4.0,2.6666666666666665
1,0,1,38,1,2,3024,1,0,3.7142857142857144,4.666666666666667,3.6666666666666665
0,1,0,28,1,2,3250,2,0,3.0,2.0,3.3333333333333335
1,1,1,53,0,0,1096,4,0,3.0,2.6666666666666665,3.0
1,1,0,39,1,2,3277,5,0,4.0,1.6666666666666667,3.3333333333333335
1,1,1,48,1,2,344,3,0,4.285714285714286,4.333333333333333,4.0
1,1,1,35,0,0,3272,4,0,4.0,3.0,4.0
0,0,1,13,0,0,3339,0,188,3.142857142857143,2.0,2.3333333333333335
1,1,1,30,1,2,2385,2,0,3.5714285714285716,5.0,3.3333333333333335
1,0,1,43,1,2,967,3,11,4.285714285714286,4.333333333333333,4.333333333333333
0,1,0,36,1,0,1289,2,0,1.4285714285714286,1.0,2.6666666666666665
1,0,1,21,1,2,2950,5,0,4.285714285714286,3.0,4.333333333333333
1,1,1,53,1,2,1001,4,0,4.428571428571429,3.6666666666666665,4.333333333333333
1,1,1,35,0,2,466,2,84,3.857142857142857,4.666666666666667,4.0
1,1,1,25,1,1,2614,4,0,3.5714285714285716,4.0,4.0
0,0,0,34,1,2,1787,4,0,3.7142857142857144,1.0,4.0
1,0,1,48,1,2,2834,3,0,4.428571428571429,4.666666666666667,4.333333333333333
1,1,1,54,1,2,1922,4,119,4.142857142857143,4.333333333333333,4.0
0,0,1,63,0,0,1905,4,0,3.142857142857143,5.0,2.3333333333333335
0,1,1,51,1,1,1626,1,3,3.4285714285714284,3.6666666666666665,2.0
0,1,0,19,1,0,2267,1,0,1.5714285714285714,2.3333333333333335,2.6666666666666665
0,1,1,41,1,0,928,2,0,2.0,1.0,2.6666666666666665
0,1,1,28,1,2,2407,3,0,2.857142857142857,3.0,2.0
0,1,0,49,1,2,2564,0,0,3.0,4.0,4.0
1,1,1,45,1,2,1512,2,49,4.142857142857143,4.333333333333333,3.3333333333333335
1,1,1,7,0,0,1279,4,0,3.0,5.0,4.333333333333333
0,0,1,35,0,0,2202,4,0,3.857142857142857,5.0,2.0
0,0,1,44,0,0,3300,4,26,2.142857142857143,1.0,3.3333333333333335
1,0,1,40,1,2,2033,3,0,2.2857142857142856,3.6666666666666665,2.3333333333333335
0,0,0,26,1,0,2781,2,88,2.2857142857142856,4.0,3.3333333333333335
1,0,1,52,1,2,2300,3,0,3.857142857142857,4.0,4.0
0,0,1,47,0,0,1396,2,17,1.8571428571428572,4.0,3.6666666666666665
1,1,1,19,0,0,1801,5,62,3.4285714285714284,4.0,4.333333333333333
1,0,1,47,1,2,225,0,0,4.2,4.666666666666667,4.0
0,0,1,45,0,0,2479,5,0,3.4285714285714284,3.0,3.0
1,0,1,45,1,2,576,5,0,4.857142857142857,4.666666666666667,4.333333333333333
0,0,0,31,1,2,2988,3,1,3.4285714285714284,5.0,3.6666666666666665
0,0,0,33,1,2,4120,2,0,2.5714285714285716,3.6666666666666665,3.6666666666666665
1,1,1,60,1,2,338,5,22,4.857142857142857,4.666666666666667,4.333333333333333
1,1,1,18,0,0,3140,1,19,3.2857142857142856,4.0,2.6666666666666665
1,0,1,7,0,0,2327,5,0,3.5714285714285716,4.0,3.6666666666666665
0,0,0,29,1,0,1949,4,0,2.7142857142857144,1.0,3.0
0,1,0,25,1,0,2003,0,0,2.6,2.0,1.6666666666666667
1,0,1,48,1,2,725,2,0,4.0,4.666666666666667,4.0
1,0,0,26,1,2,2241,5,0,3.7142857142857144,2.3333333333333335,3.0
0,0,0,17,1,0,1988,4,81,3.0,3.0,2.3333333333333335
0,0,1,58,0,0,2520,3,4,2.4285714285714284,5.0,3.6666666666666665
1,1,1,38,1,0,1778,2,0,3.0,4.0,2.0
0,1,0,44,1,0,3542,2,0,3.142857142857143,3.0,3.3333333333333335
1,1,1,37,0,0,2010,4,0,3.7142857142857144,4.333333333333333,4.0
0,0,1,22,0,2,4185,4,41,3.7142857142857144,4.0,3.0
0,0,1,44,1,2,2441,2,0,1.4285714285714286,2.0,2.0
1,1,1,47,1,2,2593,2,19,3.5714285714285716,4.666666666666667,3.3333333333333335
1,0,1,51,1,2,1467,4,4,4.571428571428571,4.666666666666667,4.0
1,1,1,55,1,2,850,4,70,4.285714285714286,5.0,4.666666666666667
0,0,1,48,0,2,372,5,0,2.5714285714285716,4.666666666666667,3.3333333333333335
1,1,0,25,1,2,1716,5,0,4.285714285714286,3.0,4.333333333333333
1,0,1,39,1,2,360,1,0,3.5714285714285716,4.333333333333333,2.6666666666666665
1,0,1,35,1,2,1509,5,0,4.0,3.3333333333333335,3.6666666666666665
0,1,1,65,0,0,1406,5,8,4.285714285714286,4.333333333333333,3.3333333333333335
1,1,1,49,1,2,3477,5,7,4.571428571428571,5.0,4.333333333333333
0,1,0,36,1,2,1842,4,1,3.857142857142857,4.0,3.0
0,0,1,30,0,0,1784,4,49,2.7142857142857144,2.0,3.3333333333333335
1,0,1,25,1,2,2088,4,0,4.428571428571429,5.0,3.0
0,0,0,34,1,2,2597,3,291,3.2857142857142856,4.666666666666667,4.0
1,1,1,39,1,0,1620,5,5,3.0,2.0,4.0
1,1,1,17,1,2,3848,1,0,3.4285714285714284,5.0,3.6666666666666665
0,0,1,50,0,0,1465,4,0,3.4285714285714284,5.0,4.0
1,0,1,54,1,2,2416,3,0,4.285714285714286,2.3333333333333335,3.6666666666666665
1,0,1,25,1,2,1338,4,0,3.857142857142857,3.0,3.6666666666666665
0,0,0,23,1,0,1302,2,0,3.142857142857143,1.0,3.6666666666666665
1,1,1,57,1,2,2134,2,0,2.7142857142857144,4.0,2.6666666666666665
0,0,0,39,1,2,1395,1,0,2.7142857142857144,2.0,4.333333333333333
0,1,1,23,1,2,3936,2,0,3.142857142857143,3.0,2.3333333333333335
1,1,1,41,0,0,1724,3,22,4.0,3.3333333333333335,3.6666666666666665
1,1,1,59,1,2,3612,1,0,2.7142857142857144,2.6666666666666665,3.0
0,1,1,47,1,0,602,2,29,1.8571428571428572,2.6666666666666665,2.0
1,1,1,29,1,2,2297,2,0,3.5714285714285716,4.0,3.6666666666666665
0,0,1,19,0,1,2244,5,21,2.5714285714285716,2.0,4.0
0,1,1,44,1,1,244,1,0,2.7142857142857144,3.0,2.3333333333333335
1,1,1,50,1,2,1658,2,35,4.0,4.333333333333333,4.0
0,0,1,60,0,1,3098,5,0,3.2857142857142856,1.0,3.3333333333333335
1,1,1,26,1,2,3619,3,33,3.857142857142857,4.0,4.333333333333333
0,0,1,31,0,0,2221,5,3,3.5714285714285716,3.0,4.666666666666667
1,0,1,40,1,2,3433,2,1,3.2857142857142856,3.3333333333333335,3.0
0,0,0,29,1,0,1266,3,0,3.0,3.6666666666666665,3.0
0,1,0,21,1,0,1413,0,2,2.4285714285714284,2.0,3.6666666666666665
0,1,0,38,1,0,2532,3,11,3.0,3.6666666666666665,3.6666666666666665
1,0,1,53,1,2,2016,5,9,4.142857142857143,3.6666666666666665,4.333333333333333
1,1,1,43,1,2,2376,2,3,3.2857142857142856,4.0,3.0
1,0,1,48,1,2,390,3,0,4.285714285714286,4.333333333333333,4.333333333333333
0,1,0,26,1,2,1670,4,15,3.7142857142857144,5.0,3.3333333333333335
1,0,1,42,1,2,2102,1,121,4.0,4.333333333333333,4.0
0,0,1,52,0,0,1208,5,8,3.7142857142857144,5.0,4.0
0,1,1,58,1,2,655,4,2,3.142857142857143,2.6666666666666665,3.3333333333333335
1,1,1,52,1,2,1675,4,0,4.142857142857143,3.3333333333333335,4.666666666666667
0,1,1,25,1,2,4506,1,0,2.0,1.0,2.3333333333333335
0,1,1,39,1,0,1594,3,8,2.5714285714285716,2.0,2.6666666666666665
1,0,1,54,1,2,2230,2,1,3.4285714285714284,4.666666666666667,3.6666666666666665
1,1,1,43,1,2,3831,2,0,3.4285714285714284,4.333333333333333,3.3333333333333335
1,0,1,69,0,0,1428,1,0,3.75,4.0,3.0
0,1,1,18,0,0,3980,1,0,3.5714285714285716,4.0,2.6666666666666665
0,1,1,38,1,2,3780,2,30,1.4285714285714286,1.6666666666666667,1.3333333333333333
1,1,1,35,0,0,1070,5,14,2.5714285714285716,3.3333333333333335,4.0
0,0,0,17,1,0,2564,4,139,3.2857142857142856,2.3333333333333335,3.3333333333333335
1,1,1,57,1,2,447,4,0,2.857142857142857,4.0,3.0
0,1,1,39,1,2,2303,3,0,1.7142857142857142,1.6666666666666667,1.6666666666666667
1,0,1,41,1,1,1181,2,0,3.7142857142857144,5.0,1.6666666666666667
1,1,0,15,1,2,1751,0,53,4.142857142857143,4.666666666666667,3.0
1,1,1,70,0,0,637,2,24,3.2857142857142856,4.333333333333333,3.0
1,0,1,45,1,2,1817,2,25,3.2857142857142856,5.0,3.3333333333333335
0,0,1,54,0,0,2694,2,0,2.5714285714285716,1.0,3.6666666666666665
1,0,1,60,1,2,3240,1,0,2.857142857142857,3.3333333333333335,2.3333333333333335
1,0,1,41,1,2,813,3,83,3.7142857142857144,4.333333333333333,4.0
1,1,1,34,1,2,411,5,0,4.285714285714286,4.666666666666667,4.333333333333333
0,0,1,55,0,1,1871,5,0,3.142857142857143,2.0,3.6666666666666665
1,1,1,26,1,2,3400,5,0,3.857142857142857,4.0,4.0
0,0,1,14,0,0,2016,5,0,2.857142857142857,4.0,2.6666666666666665
1,1,1,66,0,0,2147,4,4,3.857142857142857,3.6666666666666665,4.0
1,1,0,38,1,2,1460,4,0,3.7142857142857144,4.0,3.0
1,0,1,58,1,2,3793,2,0,3.7142857142857144,4.666666666666667,3.3333333333333335
1,0,1,20,0,0,3627,5,14,4.285714285714286,2.0,4.0
1,1,1,7,0,0,1966,3,17,3.0,4.0,3.3333333333333335
0,1,1,38,0,0,2217,5,0,4.285714285714286,3.0,2.6666666666666665
0,1,0,36,1,0,1891,1,0,2.7142857142857144,1.0,3.3333333333333335
0,1,1,47,0,2,231,5,0,2.857142857142857,2.3333333333333335,2.6666666666666665
0,0,1,36,0,0,1419,5,0,3.857142857142857,5.0,3.6666666666666665
1,0,1,27,1,1,1340,0,0,2.5,2.3333333333333335,4.333333333333333
1,0,1,68,1,2,2019,1,0,3.7142857142857144,2.6666666666666665,4.333333333333333
1,0,1,24,1,2,2127,2,172,2.857142857142857,2.3333333333333335,2.6666666666666665
0,0,1,49,0,0,2202,1,0,3.4285714285714284,4.333333333333333,2.6666666666666665
1,1,1,33,0,1,2359,2,0,2.5,3.3333333333333335,3.6666666666666665
0,0,1,54,1,2,3782,1,0,2.4285714285714284,3.3333333333333335,1.3333333333333333
0,1,1,39,1,2,1465,2,0,3.142857142857143,2.3333333333333335,2.0
1,0,1,39,1,2,3588,0,0,2.8,3.6666666666666665,4.666666666666667
1,1,1,45,0,0,385,4,0,4.571428571428571,4.0,4.0
1,1,1,10,0,0,2870,3,6,3.7142857142857144,4.666666666666667,3.3333333333333335
1,1,1,16,0,0,1138,5,18,4.571428571428571,4.0,5.0
1,1,1,47,1,2,3192,2,7,3.5714285714285716,3.6666666666666665,3.0
0,0,0,27,1,2,1589,2,0,3.2857142857142856,5.0,3.0
1,0,1,42,1,0,1549,2,0,4.0,5.0,3.0
1,1,1,55,0,0,245,5,15,3.5714285714285716,3.6666666666666665,2.6666666666666665
1,0,1,58,1,2,1946,5,34,4.142857142857143,4.333333333333333,3.6666666666666665
0,0,1,24,0,1,1855,4,0,3.0,1.0,2.3333333333333335
1,1,1,48,1,2,500,1,0,2.5714285714285716,3.6666666666666665,3.0
0,0,1,27,0,0,2222,4,15,3.4285714285714284,4.333333333333333,4.333333333333333
1,1,1,57,0,0,2619,3,0,3.857142857142857,2.6666666666666665,3.6666666666666665
1,1,1,13,0,0,2158,4,0,4.285714285714286,5.0,4.333333333333333
1,1,1,37,1,2,3110,1,0,4.142857142857143,4.0,3.3333333333333335
1,1,1,55,1,2,408,3,0,3.857142857142857,4.333333333333333,4.0
1,0,1,57,1,2,3027,5,0,4.0,3.0,4.333333333333333
0,0,1,68,0,0,3369,5,1,3.2857142857142856,3.0,4.0
1,0,0,21,1,2,1958,4,0,3.7142857142857144,2.6666666666666665,2.6666666666666665
1,1,1,40,1,2,1749,1,0,3.2857142857142856,3.6666666666666665,3.6666666666666665
1,0,1,49,1,2,3405,4,198,3.5714285714285716,3.3333333333333335,4.0
1,1,1,22,1,2,2999,4,10,3.7142857142857144,3.0,4.333333333333333
0,0,0,20,1,0,1992,0,95,3.2857142857142856,4.0,2.6666666666666665
1,0,1,38,1,0,1386,3,0,3.2857142857142856,4.0,2.0
1,0,0,23,1,2,1952,0,0,5.0,5.0,5.0
1,1,1,47,1,2,3420,1,0,3.5714285714285716,3.3333333333333335,2.6666666666666665
0,0,0,23,1,0,2116,3,0,2.7142857142857144,3.3333333333333335,2.6666666666666665
1,1,1,33,0,0,2511,4,32,4.714285714285714,4.0,4.0
1,1,1,54,1,2,202,1,0,4.285714285714286,4.333333333333333,4.666666666666667
0,1,1,61,1,2,2589,3,0,2.7142857142857144,3.0,3.0
1,1,1,52,0,0,417,1,0,3.857142857142857,3.6666666666666665,2.6666666666666665
1,1,1,22,0,0,1202,5,0,4.857142857142857,4.666666666666667,4.333333333333333
0,1,0,33,1,2,1930,2,7,2.7142857142857144,3.0,3.3333333333333335
1,1,1,10,0,0,1163,5,0,4.0,4.666666666666667,4.666666666666667
1,0,1,34,1,2,3157,3,37,4.285714285714286,3.0,3.3333333333333335
1,1,1,47,0,0,88,4,0,3.4285714285714284,3.0,3.6666666666666665
1,0,1,40,1,2,901,1,13,3.0,4.333333333333333,3.3333333333333335
0,1,1,39,0,0,3221,2,0,3.0,3.0,1.3333333333333333
1,1,1,26,0,1,1902,4,63,3.857142857142857,4.0,1.6666666666666667
1,1,1,45,1,2,485,4,0,3.4285714285714284,4.666666666666667,4.0
1,1,1,42,0,0,1482,5,0,4.428571428571429,4.666666666666667,4.333333333333333
1,1,1,54,1,2,1522,3,11,4.285714285714286,4.666666666666667,3.6666666666666665
0,0,1,42,1,0,1518,4,14,3.4285714285714284,3.0,3.0
1,0,1,43,1,2,2268,5,0,5.0,4.0,5.0
1,0,1,49,1,2,2215,2,0,3.7142857142857144,4.666666666666667,3.3333333333333335
1,0,1,53,1,2,1786,4,7,4.142857142857143,4.333333333333333,4.333333333333333
0,1,1,66,0,0,1945,4,5,2.857142857142857,3.0,2.0
0,0,1,12,0,0,1771,3,1,2.857142857142857,3.0,2.6666666666666665
1,0,1,39,1,2,268,0,4,3.0,2.6666666666666665,3.3333333333333335
0,0,0,25,1,0,2334,2,245,2.7142857142857144,3.3333333333333335,3.0
1,1,1,66,0,0,783,3,0,3.4285714285714284,3.6666666666666665,4.0
1,0,1,58,1,0,1455,5,0,4.285714285714286,5.0,3.6666666666666665
1,1,1,52,1,2,2961,4,0,4.142857142857143,4.0,3.6666666666666665
1,1,1,41,1,2,2377,3,8,3.7142857142857144,4.333333333333333,4.0
0,0,1,54,1,0,1553,4,0,3.2857142857142856,2.0,3.6666666666666665
1,0,1,43,1,2,370,4,0,3.142857142857143,5.0,4.666666666666667
0,1,1,22,1,2,1308,2,2,3.4285714285714284,3.0,2.0
1,1,1,44,0,0,430,4,30,4.428571428571429,4.0,3.0
1,1,1,49,0,0,1544,5,4,4.428571428571429,4.0,4.666666666666667
1,1,1,50,1,0,721,4,0,3.4285714285714284,3.3333333333333335,3.3333333333333335
0,0,1,12,0,2,1815,5,56,2.7142857142857144,4.0,3.0
0,1,0,23,1,0,2178,4,21,4.285714285714286,4.0,2.6666666666666665
0,0,1,16,0,0,2220,3,0,2.4285714285714284,3.0,2.6666666666666665
0,1,0,29,1,1,1852,2,0,2.7142857142857144,3.0,3.0
1,1,1,16,0,0,2557,3,0,4.571428571428571,4.0,3.3333333333333335
1,0,1,46,1,2,1694,4,40,4.571428571428571,4.666666666666667,3.6666666666666665
0,1,1,49,1,0,437,3,61,1.5714285714285714,1.6666666666666667,2.6666666666666665
0,1,1,70,1,2,1112,2,0,2.4285714285714284,2.3333333333333335,2.0
1,1,1,28,0,0,2157,1,24,3.7142857142857144,4.666666666666667,3.3333333333333335
0,0,0,23,1,0,1515,5,6,3.0,4.0,2.3333333333333335
1,1,1,64,0,1,281,1,0,4.142857142857143,4.666666666666667,3.6666666666666665
0,1,1,19,0,0,2209,5,69,3.0,1.0,2.0
0,1,0,25,1,0,1853,1,0,3.0,3.0,3.3333333333333335
0,1,0,40,1,2,1975,2,27,2.2857142857142856,1.0,2.6666666666666665
1,1,1,42,1,2,1475,1,0,3.142857142857143,3.6666666666666665,3.0
1,0,1,58,1,0,2591,5,0,3.5714285714285716,4.0,4.0
1,1,1,37,0,0,1619,5,0,4.428571428571429,4.333333333333333,4.0
1,0,1,38,1,2,1980,3,0,3.5714285714285716,3.0,4.0
0,1,0,29,1,0,2349,1,0,2.5714285714285716,2.3333333333333335,3.6666666666666665
0,1,1,53,1,2,2904,2,0,3.2857142857142856,2.6666666666666665,3.0
1,0,1,51,1,2,1528,5,43,3.7142857142857144,3.6666666666666665,3.3333333333333335
0,0,1,28,0,0,2025,4,0,2.142857142857143,2.0,4.666666666666667
1,0,1,47,1,2,3322,5,0,4.142857142857143,4.333333333333333,4.666666666666667
0,1,1,55,1,0,643,3,0,3.0,3.0,2.6666666666666665
0,0,1,26,0,0,3292,4,43,2.5714285714285716,3.0,3.0
0,1,1,28,0,2,2476,1,0,3.857142857142857,3.6666666666666665,3.0
1,1,1,65,0,0,625,4,0,3.142857142857143,3.6666666666666665,3.6666666666666665
1,1,1,33,0,0,1711,5,15,3.5714285714285716,2.0,2.0
0,0,0,45,1,0,2133,0,156,1.5714285714285714,3.6666666666666665,3.0
0,1,1,25,1,2,4311,5,0,2.5714285714285716,2.0,3.0
1,1,1,44,1,2,2876,3,0,3.857142857142857,4.333333333333333,3.6666666666666665
1,1,1,77,1,0,142,5,0,3.5714285714285716,3.6666666666666665,3.0
1,0,1,45,1,2,757,4,0,3.5714285714285716,2.6666666666666665,3.3333333333333335
1,0,1,44,1,2,1018,5,0,4.428571428571429,4.0,4.0
0,1,1,47,1,2,2788,5,0,4.142857142857143,3.0,4.333333333333333
0,0,1,20,0,0,1412,3,0,2.4285714285714284,2.0,3.3333333333333335
1,1,1,51,1,2,1008,5,0,4.857142857142857,4.666666666666667,4.333333333333333
1,0,1,38,1,2,3280,5,8,4.857142857142857,4.666666666666667,4.666666666666667
0,0,1,38,1,2,510,2,0,2.857142857142857,3.0,2.3333333333333335
1,1,1,28,1,2,5347,3,0,3.5714285714285716,4.0,4.333333333333333
0,1,1,35,1,2,1822,5,0,2.5714285714285716,2.3333333333333335,3.0
1,1,1,29,0,0,1637,1,13,3.0,4.333333333333333,3.0
1,0,1,19,1,2,2039,3,0,4.0,5.0,4.0
0,1,1,47,1,2,474,5,0,2.4285714285714284,2.6666666666666665,3.3333333333333335
1,1,1,29,0,0,1139,5,0,4.0,3.3333333333333335,3.0
0,0,0,62,1,0,1257,4,0,1.8571428571428572,2.0,3.3333333333333335
1,0,1,53,1,2,2907,2,0,3.5714285714285716,4.0,3.6666666666666665
1,1,1,43,1,2,2185,3,0,3.7142857142857144,4.666666666666667,4.0
1,1,1,50,1,2,947,2,15,3.5714285714285716,4.0,3.3333333333333335
1,0,1,44,1,2,2912,5,9,4.428571428571429,4.666666666666667,4.666666666666667
0,0,1,37,1,2,3390,2,0,2.142857142857143,2.6666666666666665,2.0
0,1,0,14,1,0,1990,3,6,3.7142857142857144,5.0,3.0
1,1,0,23,1,2,2334,0,0,3.5,3.0,3.3333333333333335
0,0,1,59,1,0,1838,1,1,3.142857142857143,4.0,2.0
1,1,1,34,1,1,2060,2,32,3.5714285714285716,5.0,2.3333333333333335
1,1,1,38,1,2,1750,2,0,4.428571428571429,4.666666666666667,4.666666666666667
0,1,0,23,1,0,1606,0,0,3.2857142857142856,4.333333333333333,3.6666666666666665
1,0,1,44,1,2,2666,2,18,3.4285714285714284,4.0,3.0
1,1,1,24,0,0,2229,3,1,3.2857142857142856,3.6666666666666665,3.3333333333333335
1,0,1,38,1,0,3883,4,18,3.142857142857143,3.0,3.6666666666666665
1,1,1,47,1,2,1032,1,0,4.428571428571429,4.666666666666667,4.666666666666667
0,0,1,50,1,0,2637,1,0,1.7142857142857142,1.0,2.0
0,0,1,66,0,2,932,4,74,3.142857142857143,2.6666666666666665,2.0
0,0,1,36,1,2,3977,3,0,2.857142857142857,2.3333333333333335,2.6666666666666665
0,1,0,43,1,0,1613,3,12,3.857142857142857,1.0,3.0
0,1,1,9,0,1,1411,3,0,3.4285714285714284,2.0,3.0
0,0,1,14,0,0,2102,3,8,3.2857142857142856,3.0,3.6666666666666665
0,0,1,40,0,0,2129,4,0,3.2857142857142856,3.0,3.3333333333333335
0,0,0,24,1,0,2113,1,0,2.142857142857143,4.0,2.6666666666666665
1,1,1,14,0,0,2330,1,0,3.0,4.0,3.0
0,0,1,33,1,0,2476,1,0,3.142857142857143,4.0,1.6666666666666667
1,0,1,48,1,0,1769,5,0,4.142857142857143,5.0,3.3333333333333335
0,1,1,41,1,2,2067,3,0,2.4285714285714284,2.0,2.3333333333333335
1,0,1,55,1,1,2076,4,0,4.0,5.0,4.333333333333333
1,1,1,44,0,0,345,2,0,4.142857142857143,5.0,2.6666666666666665
0,1,1,27,1,1,1238,1,0,3.4285714285714284,4.0,2.6666666666666665
1,0,1,60,1,2,2281,0,113,3.4,3.3333333333333335,3.6666666666666665
1,0,1,41,1,2,279,2,0,3.2857142857142856,4.0,3.3333333333333335
1,0,1,47,1,2,3610,1,0,3.4285714285714284,3.3333333333333335,2.6666666666666665
1,1,1,66,0,0,309,2,16,3.0,3.0,2.6666666666666665
0,0,0,40,1,0,2109,1,5,2.0,4.0,3.0
0,1,0,36,1,0,1990,0,5,2.4285714285714284,1.0,2.6666666666666665
0,0,1,45,0,1,1339,5,0,2.2857142857142856,1.0,2.6666666666666665
1,1,1,20,0,1,1555,2,4,4.0,4.0,3.6666666666666665
0,1,0,72,1,0,1641,2,0,1.7142857142857142,2.0,3.6666666666666665
0,0,1,26,0,0,2492,5,138,3.2857142857142856,4.666666666666667,3.3333333333333335
0,1,1,47,1,2,3691,3,14,3.142857142857143,2.0,3.0
0,0,0,55,1,2,1892,2,0,2.857142857142857,3.0,3.0
1,0,1,60,1,2,2658,4,17,4.142857142857143,4.0,4.0
0,0,1,46,0,0,3202,1,0,1.8571428571428572,3.3333333333333335,3.0
1,1,1,42,0,0,617,3,0,4.0,5.0,3.6666666666666665
0,0,1,46,0,0,1476,5,0,3.2857142857142856,3.0,4.0
0,0,0,23,1,0,2096,2,0,3.4285714285714284,5.0,4.0
0,0,1,58,0,0,1345,5,0,2.7142857142857144,3.0,3.3333333333333335
0,0,1,9,0,0,1385,2,10,2.7142857142857144,3.0,3.0
1,1,1,35,1,2,4343,5,139,3.0,3.6666666666666665,4.333333333333333
1,1,1,69,0,0,1215,3,9,3.7142857142857144,3.3333333333333335,3.0
1,0,1,57,1,0,1977,4,1,4.428571428571429,4.0,3.0
0,1,0,50,1,2,1138,1,0,2.5714285714285716,2.0,3.0
1,1,1,22,0,0,2094,1,0,3.2857142857142856,4.0,2.6666666666666665
1,0,1,56,1,2,1093,3,12,3.857142857142857,4.333333333333333,3.6666666666666665
1,0,1,53,1,2,1751,2,5,3.2857142857142856,4.0,3.6666666666666665
1,1,1,51,1,2,1953,4,24,4.142857142857143,4.333333333333333,4.333333333333333
0,0,1,19,0,0,1731,4,0,3.2857142857142856,2.0,3.0
1,1,1,42,1,2,4608,4,144,4.4,5.0,4.333333333333333
0,1,0,27,1,0,2736,2,0,2.857142857142857,3.3333333333333335,3.3333333333333335
1,1,1,62,1,2,3697,4,0,3.857142857142857,2.6666666666666665,3.3333333333333335
1,0,0,40,1,2,1619,5,0,4.571428571428571,3.0,3.6666666666666665
0,1,0,7,1,0,2243,4,15,3.7142857142857144,3.6666666666666665,3.6666666666666665
0,1,1,50,1,2,1676,2,0,3.0,2.0,2.3333333333333335
0,0,1,48,1,2,2342,5,17,2.4285714285714284,1.6666666666666667,2.3333333333333335
1,1,1,28,0,0,1926,0,1,3.2,3.6666666666666665,3.6666666666666665
0,0,1,25,1,2,4259,4,0,2.857142857142857,2.6666666666666665,3.0
0,0,0,27,1,0,1228,3,0,2.857142857142857,2.0,1.0
1,1,1,46,0,0,377,2,0,3.7142857142857144,5.0,3.3333333333333335
1,0,1,50,1,2,2389,4,0,4.285714285714286,4.333333333333333,4.0
0,0,1,19,1,1,3852,2,0,1.8571428571428572,1.3333333333333333,2.0
0,0,0,37,1,2,2011,3,0,3.4285714285714284,3.0,3.6666666666666665
0,1,1,40,1,2,2899,4,0,1.8571428571428572,1.6666666666666667,3.0
1,1,0,29,1,2,3400,1,28,3.5,4.666666666666667,2.3333333333333335
1,0,1,58,1,2,441,1,21,3.4285714285714284,3.6666666666666665,3.0
0,0,1,57,0,0,4050,5,13,2.7142857142857144,5.0,4.0
1,0,1,39,1,2,233,4,0,4.428571428571429,5.0,3.6666666666666665
1,0,1,58,1,2,1691,1,0,2.857142857142857,3.6666666666666665,2.6666666666666665
0,0,1,46,1,0,1816,5,3,2.7142857142857144,3.0,3.6666666666666665
1,1,1,29,0,0,1984,5,0,4.285714285714286,3.0,3.3333333333333335
1,0,1,45,1,0,2042,5,0,4.428571428571429,5.0,2.0
0,1,1,50,1,2,3788,4,3,4.142857142857143,2.6666666666666665,3.0
1,1,1,31,1,1,2019,3,0,3.7142857142857144,5.0,4.0
0,1,0,24,1,0,1801,2,0,3.0,4.0,3.0
1,1,1,39,0,0,2066,4,38,4.285714285714286,4.666666666666667,4.333333333333333
0,0,1,21,0,1,2139,4,0,2.5714285714285716,1.0,2.0
1,1,1,23,1,2,4953,3,0,3.142857142857143,4.0,2.3333333333333335
0,0,1,40,0,0,1365,5,0,3.5714285714285716,5.0,4.0
1,0,1,56,1,0,2089,5,0,3.857142857142857,4.0,3.6666666666666665
1,1,1,62,1,2,719,4,0,2.4285714285714284,3.3333333333333335,2.3333333333333335
1,1,0,24,1,2,3035,4,0,4.285714285714286,4.0,3.3333333333333335
0,0,1,53,0,0,1744,4,162,2.2857142857142856,3.0,3.0
0,0,1,33,1,2,1342,1,40,3.142857142857143,3.0,2.6666666666666665
0,0,1,15,0,1,2825,4,0,2.7142857142857144,1.0,3.3333333333333335
0,1,0,21,1,2,1956,3,0,2.142857142857143,4.333333333333333,3.6666666666666665
0,1,0,58,1,1,1396,3,0,3.142857142857143,3.0,3.0
1,0,1,21,1,2,1538,2,0,3.142857142857143,4.0,3.6666666666666665
0,1,1,17,1,2,4838,5,0,2.7142857142857144,2.0,3.0
1,1,1,25,1,2,2815,5,0,4.0,4.0,5.0
1,0,1,60,0,0,1342,5,19,4.428571428571429,4.0,4.0
0,1,0,21,1,2,1957,4,1,2.857142857142857,3.0,3.3333333333333335
0,1,0,23,1,0,2148,2,0,2.0,1.0,3.0
1,1,1,42,1,2,1053,1,17,3.2857142857142856,4.333333333333333,3.6666666666666665
1,0,1,52,1,2,3949,2,11,3.142857142857143,4.0,3.0
0,1,1,59,1,2,1521,3,5,2.2857142857142856,3.0,2.0
1,1,1,22,1,2,3596,2,0,4.0,5.0,3.3333333333333335
0,1,1,53,0,0,863,4,20,3.7142857142857144,4.0,3.6666666666666665
1,0,1,31,1,2,3784,5,18,3.5714285714285716,5.0,2.6666666666666665
1,1,1,39,1,2,1800,5,0,4.714285714285714,5.0,5.0
1,1,1,64,0,0,63,1,0,3.2857142857142856,4.666666666666667,3.0
0,0,1,42,1,0,1558,2,0,1.8571428571428572,2.0,2.0
1,0,1,56,1,2,1351,3,0,4.285714285714286,4.333333333333333,4.333333333333333
1,1,1,47,1,2,3013,1,0,3.2857142857142856,3.6666666666666665,3.0
0,1,0,29,1,0,2122,0,0,3.0,3.0,2.3333333333333335
1,1,1,34,0,0,2360,5,0,4.428571428571429,4.333333333333333,4.333333333333333
0,0,1,45,0,1,1907,1,0,1.8571428571428572,1.0,3.3333333333333335
0,1,1,11,1,0,3500,1,7,2.5714285714285716,2.3333333333333335,2.3333333333333335
1,0,1,45,1,2,3153,3,0,3.7142857142857144,4.333333333333333,3.6666666666666665
1,0,1,74,1,2,1958,4,0,4.285714285714286,4.333333333333333,3.6666666666666665
1,0,1,40,1,2,240,0,0,3.0,4.0,2.6666666666666665
0,1,0,57,1,0,2527,2,0,2.5714285714285716,3.0,2.6666666666666665
0,0,0,45,1,2,3087,4,30,3.857142857142857,2.3333333333333335,4.0
0,0,1,47,0,0,3090,3,163,3.2857142857142856,3.0,3.3333333333333335
1,1,1,49,1,2,301,0,0,4.2,4.666666666666667,3.3333333333333335
0,1,1,15,1,2,4022,5,0,3.0,2.6666666666666665,3.6666666666666665
0,0,1,42,0,0,1217,5,6,3.142857142857143,3.0,4.666666666666667
0,0,0,25,1,0,2228,3,15,3.2857142857142856,3.6666666666666665,3.3333333333333335
1,1,1,64,0,0,2472,3,3,3.857142857142857,4.666666666666667,4.0
1,1,1,48,1,2,3197,1,0,3.2857142857142856,4.0,2.6666666666666665
0,0,0,36,1,2,1826,3,23,2.5714285714285716,1.0,2.6666666666666665
0,1,0,22,1,0,1537,3,26,3.142857142857143,1.0,3.3333333333333335
0,1,0,38,1,1,2388,1,20,2.0,2.0,3.6666666666666665
1,0,1,40,1,2,665,5,0,4.571428571428571,4.0,4.0
1,1,1,31,0,1,3774,2,0,2.7142857142857144,3.6666666666666665,3.6666666666666665
1,1,1,31,1,2,3260,5,0,4.285714285714286,4.0,4.0
1,0,1,40,1,2,367,5,12,4.285714285714286,3.6666666666666665,4.666666666666667
1,0,1,58,1,2,1575,2,0,2.857142857142857,3.3333333333333335,2.6666666666666665
0,0,1,36,1,2,1249,5,0,3.0,2.3333333333333335,3.0
0,1,1,33,0,0,1307,2,0,2.7142857142857144,5.0,2.3333333333333335
0,0,0,16,1,0,1379,2,1,2.4285714285714284,3.0,3.6666666666666665
1,1,0,23,1,2,1823,5,40,3.857142857142857,2.6666666666666665,4.333333333333333
0,0,1,36,1,2,2614,4,9,2.4285714285714284,2.3333333333333335,2.0
1,0,1,40,1,2,88,4,0,4.0,3.6666666666666665,4.0
0,0,1,9,0,0,1546,5,45,4.0,5.0,4.333333333333333
0,1,1,37,1,1,1623,5,0,2.7142857142857144,2.0,3.0
1,1,1,45,1,2,576,3,39,4.0,4.333333333333333,4.333333333333333
0,0,1,18,0,0,928,5,0,2.857142857142857,5.0,3.3333333333333335
0,0,1,24,0,0,1379,5,0,3.857142857142857,5.0,3.6666666666666665
1,1,1,57,1,2,244,4,0,4.571428571428571,4.666666666666667,4.666666666666667
0,0,1,9,0,0,1790,5,0,3.0,1.0,1.6666666666666667
0,1,0,37,1,2,3783,3,0,3.7142857142857144,4.666666666666667,4.0
1,1,1,42,0,0,870,1,4,4.285714285714286,3.3333333333333335,3.0
1,0,1,31,1,1,3789,0,48,3.25,2.0,2.0
0,0,1,52,1,0,1036,3,5,3.142857142857143,3.0,2.3333333333333335
0,0,1,10,0,0,3809,2,0,2.857142857142857,4.0,4.333333333333333
1,1,1,35,1,2,449,5,0,4.857142857142857,5.0,4.666666666666667
0,0,1,49,1,2,3373,4,41,2.7142857142857144,3.0,3.3333333333333335
0,0,1,63,0,0,1901,4,20,4.142857142857143,4.0,2.6666666666666665
1,1,0,28,1,2,2095,0,1,3.75,2.0,3.6666666666666665
0,0,1,44,0,0,2046,5,0,3.5714285714285716,3.0,3.0
0,0,1,50,1,2,2322,1,134,2.2857142857142856,2.3333333333333335,2.6666666666666665
0,1,1,51,1,2,731,3,20,3.2857142857142856,3.0,3.3333333333333335
0,1,1,24,1,2,1486,5,22,2.7142857142857144,1.3333333333333333,4.333333333333333
1,1,1,21,1,2,4185,4,0,4.285714285714286,4.0,3.6666666666666665
1,1,1,44,1,2,2296,2,1,3.2857142857142856,3.6666666666666665,3.3333333333333335
1,0,1,47,1,2,1665,4,22,3.7142857142857144,3.6666666666666665,3.6666666666666665
1,1,0,20,1,0,2149,5,39,4.142857142857143,2.3333333333333335,3.3333333333333335
1,1,1,9,0,1,2095,2,0,3.7142857142857144,4.333333333333333,3.0
0,0,1,53,0,0,3970,1,4,2.857142857142857,5.0,3.0
0,0,1,64,0,0,3404,5,0,3.4285714285714284,5.0,3.3333333333333335
1,1,1,45,1,2,380,1,15,3.5714285714285716,4.333333333333333,3.3333333333333335
1,0,0,44,1,2,1774,5,0,4.428571428571429,5.0,3.6666666666666665
0,0,0,26,1,2,1587,0,0,3.7142857142857144,2.0,3.6666666666666665
1,0,1,59,1,2,455,2,0,2.857142857142857,4.0,3.0
1,1,1,53,1,2,478,4,0,4.571428571428571,4.333333333333333,4.333333333333333
0,0,1,60,0,0,2241,3,0,2.142857142857143,3.0,2.0
1,1,1,41,1,2,3188,4,0,3.7142857142857144,3.3333333333333335,3.6666666666666665
1,1,1,26,0,0,1786,3,0,3.7142857142857144,4.0,4.0
1,0,1,35,1,2,1660,5,0,3.4,4.333333333333333,3.0
1,1,1,45,1,2,2366,2,0,3.7142857142857144,4.333333333333333,3.6666666666666665
0,1,0,20,1,0,2013,2,4,3.142857142857143,5.0,3.3333333333333335
1,1,1,26,1,2,1730,5,0,4.0,4.0,5.0
1,1,1,33,1,1,1890,1,0,2.857142857142857,4.0,1.6666666666666667
0,1,1,30,1,2,2008,4,2,3.4285714285714284,3.0,3.3333333333333335
0,0,1,46,1,2,2823,5,0,3.7142857142857144,3.0,4.333333333333333
1,0,1,56,1,2,233,0,0,4.0,4.333333333333333,3.3333333333333335
0,1,1,52,1,2,2919,1,0,3.142857142857143,3.0,2.0
1,0,1,54,1,0,1833,3,36,3.4285714285714284,4.0,1.6666666666666667
1,1,1,67,0,0,513,2,0,3.857142857142857,4.666666666666667,3.6666666666666665
1,0,1,58,1,2,384,4,8,4.857142857142857,5.0,4.666666666666667
1,1,1,50,0,0,363,1,0,3.7142857142857144,4.333333333333333,3.0
1,0,1,31,1,2,1537,2,0,2.857142857142857,5.0,3.0
0,0,0,21,1,0,1703,4,3,4.142857142857143,3.0,4.333333333333333
0,1,0,26,1,0,2770,3,0,3.0,4.0,3.0
0,0,0,37,1,0,1787,3,0,2.0,1.0,4.666666666666667
1,0,1,41,1,2,1910,4,30,3.7142857142857144,2.3333333333333335,3.6666666666666665
0,0,1,37,1,2,3900,1,0,1.8571428571428572,2.3333333333333335,1.0
0,0,1,31,1,0,1573,2,6,2.4285714285714284,3.0,3.0
0,0,1,18,0,0,2336,5,0,3.142857142857143,4.0,3.6666666666666665
0,0,1,28,1,0,2116,2,6,3.0,3.0,2.6666666666666665
1,0,1,32,1,1,2163,1,0,4.0,5.0,2.0
1,1,1,56,1,2,1125,1,0,3.4285714285714284,4.333333333333333,3.3333333333333335
1,1,1,43,1,2,3252,0,27,3.2,4.0,3.3333333333333335
1,1,1,32,0,0,1657,2,0,2.5,2.0,3.6666666666666665
0,0,1,31,0,0,1809,4,0,2.857142857142857,2.0,3.6666666666666665
0,0,1,56,1,2,3292,5,0,3.5714285714285716,3.0,4.0
1,1,1,45,1,2,259,5,38,4.571428571428571,4.333333333333333,4.666666666666667
1,0,1,53,1,2,1757,1,0,3.2857142857142856,4.333333333333333,2.6666666666666665
0,0,0,33,1,0,1646,0,0,2.2857142857142856,5.0,3.6666666666666665
1,1,1,32,1,2,3350,3,0,4.142857142857143,4.0,3.3333333333333335
0,0,1,32,1,2,1132,4,16,2.5714285714285716,1.6666666666666667,2.6666666666666665
0,0,1,36,0,0,2527,5,212,4.571428571428571,4.333333333333333,5.0
1,1,1,14,0,0,2420,4,5,4.142857142857143,4.333333333333333,4.333333333333333
0,1,0,25,1,2,1557,0,0,3.0,3.3333333333333335,4.333333333333333
0,0,1,54,0,0,1738,4,9,3.0,2.6666666666666665,3.0
1,0,1,55,1,2,2718,3,6,4.0,4.333333333333333,3.6666666666666665
1,0,1,39,1,0,2136,2,0,3.0,3.0,3.3333333333333335
0,0,1,17,0,0,2220,5,1,3.4285714285714284,1.0,4.0
0,0,0,21,1,0,2262,1,0,3.142857142857143,4.0,3.6666666666666665
0,1,0,46,1,2,2265,3,0,3.2857142857142856,2.0,4.0
0,1,1,22,0,0,2092,5,15,3.5714285714285716,5.0,4.0
1,0,1,41,1,2,3709,1,0,3.4285714285714284,3.6666666666666665,4.0
1,0,1,42,1,2,1790,1,0,3.0,3.6666666666666665,3.0
1,1,1,34,1,2,3328,5,33,3.5714285714285716,3.6666666666666665,3.6666666666666665
1,1,1,59,0,0,1775,4,0,4.0,4.666666666666667,3.6666666666666665
0,1,0,26,1,2,1923,0,0,3.142857142857143,4.0,4.333333333333333
1,0,1,57,1,2,3532,2,29,3.7142857142857144,4.666666666666667,3.6666666666666665
1,1,1,44,1,2,2398,1,22,3.0,4.0,3.0
1,1,1,13,0,0,1612,3,71,4.0,3.0,3.3333333333333335
0,0,1,51,1,1,2555,1,76,2.7142857142857144,4.0,1.6666666666666667
1,0,1,16,0,0,2920,4,0,4.857142857142857,5.0,3.0
1,0,1,55,1,2,1552,4,0,3.7142857142857144,3.6666666666666665,4.0
0,0,1,58,0,2,1215,1,53,3.2857142857142856,3.3333333333333335,2.6666666666666665
0,0,1,17,0,0,1360,4,0,3.2857142857142856,2.0,3.0
0,1,1,58,1,0,451,2,16,2.4285714285714284,3.3333333333333335,2.0
1,1,0,64,1,2,2572,3,3,3.5714285714285716,1.0,4.0
0,0,1,43,1,2,3397,3,0,2.142857142857143,1.6666666666666667,2.6666666666666665
1,0,1,45,1,0,2137,2,39,3.7142857142857144,5.0,2.3333333333333335
0,0,1,55,0,0,2525,4,20,2.857142857142857,2.0,3.6666666666666665
1,0,1,23,1,2,3774,5,0,3.7142857142857144,4.0,4.666666666666667
1,0,1,50,0,0,2021,5,3,3.142857142857143,1.0,2.6666666666666665
1,1,1,39,1,0,945,5,0,3.857142857142857,3.0,2.6666666666666665
0,1,0,20,1,0,2770,0,0,2.8,1.0,3.0
1,1,1,32,0,0,1188,2,14,3.5714285714285716,2.3333333333333335,3.3333333333333335
1,1,1,32,1,2,2126,4,0,3.5714285714285716,3.0,4.0
1,1,1,50,1,2,358,3,0,3.5714285714285716,4.666666666666667,3.6666666666666665
1,1,1,45,0,2,977,2,16,4.0,3.0,3.0
0,0,1,50,1,1,2261,2,0,2.0,1.0,3.0
0,0,1,39,1,1,2444,4,13,2.4285714285714284,1.0,2.6666666666666665
1,1,1,28,1,2,5498,2,19,4.142857142857143,5.0,3.6666666666666665
0,1,1,36,0,0,1837,5,9,3.857142857142857,4.333333333333333,3.3333333333333335
1,1,0,24,1,1,1805,0,0,3.857142857142857,2.0,2.0
1,1,1,29,0,0,2464,4,31,3.857142857142857,3.6666666666666665,4.0
1,1,1,21,0,0,1899,4,0,4.428571428571429,3.3333333333333335,4.0
0,1,0,7,1,1,1950,3,3,2.857142857142857,4.0,3.3333333333333335
0,0,1,68,0,1,2314,4,0,2.4285714285714284,1.0,2.0
0,1,1,37,1,0,1333,1,2,2.142857142857143,1.0,1.6666666666666667
1,1,1,27,1,2,4424,3,109,3.2857142857142856,4.0,2.6666666666666665
1,1,1,22,1,2,2847,1,0,2.4285714285714284,4.0,2.3333333333333335
0,0,1,37,1,0,1796,5,28,3.2857142857142856,3.0,4.0
0,0,1,28,0,2,1264,5,0,3.5714285714285716,4.0,4.666666666666667
1,1,0,24,1,2,3021,5,6,4.0,2.0,3.3333333333333335
0,1,0,23,1,0,1571,2,0,2.142857142857143,4.0,3.3333333333333335
1,1,1,59,0,0,94,5,0,4.0,3.0,3.0
0,0,1,60,1,0,2842,2,0,2.857142857142857,2.0,3.0
1,1,1,30,1,2,3705,5,0,3.5714285714285716,4.0,4.666666666666667
0,0,1,80,1,0,1093,5,0,3.4285714285714284,2.0,3.0
1,0,1,40,1,2,1356,1,0,4.428571428571429,4.333333333333333,4.333333333333333
1,1,1,45,1,2,2477,1,0,3.0,4.333333333333333,3.0
1,1,1,60,1,2,4007,5,0,3.857142857142857,5.0,4.0
1,1,1,19,0,1,1152,4,0,3.4285714285714284,3.3333333333333335,3.6666666666666665
0,0,1,19,0,1,2372,1,0,2.4285714285714284,2.0,3.6666666666666665
1,1,1,24,0,0,1583,4,0,3.5714285714285716,3.6666666666666665,4.0
0,0,1,60,0,0,2237,5,0,2.857142857142857,2.0,3.3333333333333335
1,1,1,34,1,2,2478,4,0,3.142857142857143,4.0,4.333333333333333
1,1,1,8,0,1,1570,2,0,3.7142857142857144,5.0,3.3333333333333335
0,1,1,19,0,0,2703,5,13,3.5714285714285716,3.0,4.333333333333333
0,0,0,15,1,0,1474,4,4,2.2857142857142856,1.0,4.0
1,1,1,42,1,2,2890,4,2,4.0,3.6666666666666665,4.0
1,0,1,39,1,2,631,5,0,3.5714285714285716,4.333333333333333,3.6666666666666665
0,0,1,56,1,2,3843,2,12,2.4285714285714284,3.0,1.6666666666666667
0,1,1,60,1,2,3917,5,86,3.142857142857143,2.3333333333333335,2.6666666666666665
1,1,1,49,1,2,276,2,8,3.857142857142857,5.0,3.3333333333333335
1,1,1,47,1,2,3843,4,0,3.6,3.6666666666666665,3.3333333333333335
0,0,1,69,0,1,3202,3,0,3.0,2.0,2.6666666666666665
0,0,1,23,0,0,1241,5,0,4.0,5.0,4.0
1,1,1,27,0,2,2199,5,0,4.0,3.0,4.0
0,0,1,65,0,1,2221,4,3,4.142857142857143,4.666666666666667,4.0
1,1,1,27,0,0,1070,2,0,3.5714285714285716,3.6666666666666665,3.6666666666666665
1,0,1,52,1,2,3849,5,8,4.571428571428571,4.0,4.333333333333333
0,0,1,40,1,2,1894,5,0,3.2857142857142856,3.0,4.0
0,0,1,31,0,0,1011,4,116,2.857142857142857,3.0,3.3333333333333335
0,0,0,20,1,0,3078,3,21,2.7142857142857144,3.0,2.3333333333333335
1,1,1,45,1,2,406,1,62,3.142857142857143,4.333333333333333,3.3333333333333335
0,1,1,38,1,2,1641,2,0,2.5714285714285716,3.0,2.6666666666666665
1,1,1,69,0,2,676,2,69,3.7142857142857144,4.333333333333333,3.6666666666666665
1,0,1,32,1,2,2113,3,20,3.7142857142857144,4.0,3.6666666666666665
0,1,0,16,1,1,2012,0,0,3.2857142857142856,4.0,2.3333333333333335
0,0,1,47,0,0,2145,4,56,2.857142857142857,4.0,3.6666666666666665
0,0,1,58,0,0,1655,4,0,2.7142857142857144,2.0,4.666666666666667
0,0,0,38,1,0,1664,4,0,1.7142857142857142,1.0,2.3333333333333335
0,0,1,45,0,0,2114,4,0,2.5714285714285716,3.0,3.0
0,1,0,34,1,1,2347,3,0,3.2857142857142856,3.0,2.3333333333333335
1,1,1,52,1,2,2338,5,0,4.285714285714286,4.0,4.333333333333333
0,1,1,49,1,0,482,1,83,2.0,3.0,2.0
1,1,1,32,0,0,2230,1,27,3.142857142857143,3.6666666666666665,3.0
1,1,1,43,1,2,2628,4,0,3.857142857142857,4.333333333333333,4.333333333333333
1,0,1,53,1,0,1474,5,0,3.5714285714285716,4.0,4.666666666666667
0,0,0,15,1,0,1920,4,7,2.5714285714285716,2.0,4.666666666666667
1,0,0,25,1,2,2564,0,0,3.0,1.0,4.666666666666667
0,0,1,25,0,0,1368,3,0,3.142857142857143,4.0,2.6666666666666665
0,0,0,20,1,2,3962,4,0,4.0,3.0,3.0
0,0,1,44,1,2,2359,4,11,4.285714285714286,4.333333333333333,3.6666666666666665
0,0,1,18,1,2,3744,5,19,3.7142857142857144,3.0,3.6666666666666665
1,0,1,30,1,2,4184,1,25,3.2857142857142856,5.0,2.3333333333333335
1,1,1,26,1,2,3865,1,4,3.2857142857142856,4.0,3.3333333333333335
0,0,1,30,1,2,1710,2,0,2.4285714285714284,1.0,2.3333333333333335
1,1,1,51,1,2,975,1,0,3.7142857142857144,4.666666666666667,3.6666666666666665
1,1,1,52,1,2,1928,4,7,4.142857142857143,4.666666666666667,4.666666666666667
0,1,0,40,1,2,1444,3,0,3.0,1.6666666666666667,3.0
1,1,1,12,0,0,1707,5,4,4.25,5.0,3.0
1,0,1,41,1,0,2022,4,0,3.2857142857142856,4.0,4.666666666666667
1,1,1,46,1,2,370,0,1,2.2,3.6666666666666665,2.3333333333333335
0,0,0,39,1,0,2815,2,8,2.7142857142857144,4.0,3.3333333333333335
1,0,1,56,1,2,3837,4,4,4.0,3.6666666666666665,4.0
0,0,1,37,0,1,1905,3,0,3.2857142857142856,1.0,2.3333333333333335
1,0,1,47,1,0,2554,2,18,3.0,3.0,2.3333333333333335
0,0,0,48,1,2,1511,4,3,3.5714285714285716,1.0,1.6666666666666667
1,1,1,31,0,0,1604,1,0,2.4285714285714284,4.333333333333333,2.3333333333333335
1,0,1,43,1,2,1898,4,142,2.8,1.6666666666666667,1.3333333333333333
1,1,1,48,1,2,3963,3,0,3.8,3.3333333333333335,3.0
1,1,1,37,1,0,1280,3,0,3.7142857142857144,4.0,2.6666666666666665
1,1,1,53,1,2,2488,4,0,3.857142857142857,4.333333333333333,3.6666666666666665
1,0,1,33,0,0,2455,4,0,4.0,5.0,4.0
0,0,1,45,0,0,3616,3,7,3.2857142857142856,5.0,2.6666666666666665
1,1,1,15,0,0,2607,2,0,3.857142857142857,3.3333333333333335,2.3333333333333335
1,0,1,52,1,0,2568,1,0,4.714285714285714,5.0,2.6666666666666665
0,0,1,44,0,2,635,5,37,3.7142857142857144,4.0,3.0
0,0,1,39,1,2,644,2,46,2.0,2.3333333333333335,1.6666666666666667
1,1,1,46,0,2,259,5,0,3.857142857142857,4.0,4.333333333333333
1,1,1,61,0,0,239,3,0,3.857142857142857,4.0,3.6666666666666665
1,0,1,57,1,2,456,5,7,4.571428571428571,4.333333333333333,3.6666666666666665
1,1,1,33,1,2,1691,1,0,3.857142857142857,4.0,3.0
0,1,1,39,1,2,3453,3,6,2.5714285714285716,2.0,3.0
0,1,0,36,1,0,1339,5,0,3.4285714285714284,3.0,4.0
0,0,1,28,1,2,2842,3,13,2.4285714285714284,2.0,2.6666666666666665
1,1,1,50,1,2,1588,4,0,4.0,4.0,4.333333333333333
1,1,1,68,1,2,2833,3,113,3.2857142857142856,3.6666666666666665,3.6666666666666665
1,1,1,34,1,2,3551,2,0,3.7142857142857144,4.0,4.0
0,1,1,51,1,0,2573,4,192,3.0,2.6666666666666665,3.3333333333333335
1,1,0,42,1,2,2490,5,1,4.428571428571429,4.0,4.333333333333333
0,1,1,40,0,0,1406,4,0,4.0,4.0,3.6666666666666665
1,1,1,55,0,1,634,4,0,4.0,4.0,4.333333333333333
1,0,1,34,1,0,889,0,0,4.5,5.0,1.3333333333333333
1,0,1,37,1,0,1630,1,27,3.2857142857142856,5.0,2.6666666666666665
0,0,1,45,1,2,3984,4,25,2.0,2.3333333333333335,3.0
0,1,0,50,1,0,980,2,20,2.4285714285714284,5.0,3.3333333333333335
0,0,1,66,0,0,2294,4,0,2.5714285714285716,4.0,3.3333333333333335
0,0,0,25,1,0,2234,3,0,3.4285714285714284,1.0,4.333333333333333
1,1,1,16,0,0,2935,5,6,3.857142857142857,3.3333333333333335,4.0
0,0,1,33,1,2,4545,2,17,2.857142857142857,2.0,3.0
1,1,1,42,0,0,138,4,0,3.7142857142857144,3.3333333333333335,3.3333333333333335
0,1,1,11,0,0,1952,5,12,3.5714285714285716,1.0,4.0
1,1,1,26,1,2,3166,3,5,3.5714285714285716,5.0,2.6666666666666665
1,1,1,32,1,2,5396,5,1,4.142857142857143,3.3333333333333335,4.333333333333333
1,1,1,56,0,0,444,0,2,3.2857142857142856,3.0,4.333333333333333
1,1,1,62,0,0,1281,3,0,3.142857142857143,4.0,3.0
1,1,1,46,1,2,3372,5,15,4.428571428571429,4.333333333333333,4.0
1,1,1,39,1,2,2870,0,0,2.6,3.3333333333333335,2.0
1,1,1,31,0,0,2559,4,0,4.428571428571429,4.333333333333333,4.333333333333333
0,1,0,20,1,0,1145,5,2,3.142857142857143,3.0,3.6666666666666665
1,0,1,60,1,2,2939,1,0,2.857142857142857,4.0,2.3333333333333335
0,1,0,20,1,0,2183,2,0,2.5714285714285716,5.0,3.6666666666666665
1,0,1,14,1,2,4249,4,0,3.7142857142857144,5.0,2.0
0,0,1,64,0,1,2924,3,21,3.142857142857143,4.0,3.0
0,1,0,19,1,1,2488,3,84,3.0,5.0,3.0
1,1,1,63,0,0,856,4,12,3.7142857142857144,1.0,3.0
1,1,1,43,1,0,1109,2,5,3.5714285714285716,3.3333333333333335,4.0
1,0,1,44,1,2,1516,5,0,4.285714285714286,4.0,4.666666666666667
0,0,1,27,0,0,3066,4,0,2.7142857142857144,3.0,4.666666666666667
1,1,1,69,0,0,512,4,40,4.285714285714286,4.666666666666667,4.333333333333333
0,0,1,21,0,0,2147,2,0,2.2857142857142856,2.3333333333333335,3.0
1,1,1,7,0,0,1555,1,0,2.7142857142857144,2.6666666666666665,2.3333333333333335
1,0,1,29,1,2,1510,1,0,3.2857142857142856,4.0,3.3333333333333335
1,0,1,39,1,2,1475,3,0,3.142857142857143,4.0,2.6666666666666665
0,0,1,33,0,0,2085,5,0,3.2857142857142856,4.0,2.6666666666666665
1,0,1,59,1,2,2318,2,0,3.4285714285714284,4.0,3.3333333333333335
0,1,1,31,1,2,3189,4,0,3.142857142857143,2.0,3.6666666666666665
0,1,0,22,1,0,2270,2,11,3.142857142857143,5.0,2.6666666666666665
0,1,0,30,1,0,1693,3,23,3.5714285714285716,4.0,3.6666666666666665
1,1,1,35,1,2,379,5,54,4.0,4.666666666666667,4.0
0,0,1,50,1,0,2542,3,31,2.5714285714285716,2.0,3.0
0,0,1,44,0,2,265,1,0,2.5714285714285716,3.6666666666666665,2.0
1,0,1,33,1,2,3938,2,7,3.7142857142857144,5.0,3.3333333333333335
1,0,1,49,1,2,3984,1,38,4.0,3.6666666666666665,4.333333333333333
0,0,1,37,1,0,1714,3,0,3.857142857142857,4.0,2.6666666666666665
0,1,1,16,1,2,3485,3,36,2.5714285714285716,2.0,2.6666666666666665
0,0,1,15,0,0,1731,2,28,3.2,4.0,2.6666666666666665
0,0,1,24,1,2,1826,3,18,3.4285714285714284,3.0,2.3333333333333335
0,1,1,24,1,2,5676,2,177,2.0,1.3333333333333333,2.3333333333333335
0,0,1,49,1,2,2504,1,88,2.857142857142857,3.3333333333333335,1.6666666666666667
0,0,1,34,0,0,1853,2,30,2.142857142857143,2.0,3.0
0,0,1,43,1,2,365,4,17,2.7142857142857144,3.0,3.3333333333333335
0,1,0,23,1,0,1429,5,0,3.857142857142857,4.0,4.333333333333333
0,1,1,38,1,0,1611,2,0,2.4285714285714284,2.0,3.3333333333333335
1,1,1,69,0,2,855,3,0,3.5714285714285716,4.666666666666667,3.6666666666666665
0,1,0,23,1,0,2364,3,0,2.857142857142857,3.0,4.333333333333333
0,0,1,27,1,2,2271,5,0,3.142857142857143,3.0,3.3333333333333335
1,1,1,29,0,0,2821,4,44,3.142857142857143,2.6666666666666665,1.6666666666666667
0,1,0,32,1,2,1081,2,0,3.142857142857143,4.0,4.333333333333333
1,1,1,39,0,0,2115,5,59,4.142857142857143,3.6666666666666665,3.6666666666666665
1,1,1,26,1,2,4295,4,0,4.0,4.0,4.333333333333333
0,1,1,15,0,0,1854,4,3,4.142857142857143,3.0,4.0
1,0,1,45,1,2,2411,4,39,4.428571428571429,4.0,4.666666666666667
0,1,0,17,1,1,2147,2,0,1.7142857142857142,1.0,3.3333333333333335
0,1,1,13,1,2,4637,1,22,1.8571428571428572,2.0,1.6666666666666667
0,0,1,30,0,2,2580,4,0,2.2857142857142856,2.0,3.6666666666666665
1,1,1,12,0,0,2421,5,0,4.142857142857143,3.6666666666666665,4.333333333333333
1,0,1,28,1,2,2003,5,0,4.285714285714286,4.0,4.666666666666667
0,1,1,26,1,2,3604,5,0,3.5714285714285716,3.0,3.3333333333333335
1,0,1,53,1,2,251,2,0,3.2857142857142856,4.333333333333333,3.0
0,0,1,33,0,0,1315,3,0,1.8571428571428572,2.0,1.0
1,1,1,28,1,2,1252,3,2,3.7142857142857144,5.0,4.333333333333333
0,0,1,9,0,0,1117,5,0,1.4285714285714286,1.0,3.0
0,0,0,25,1,0,1914,0,0,3.142857142857143,2.0,2.0
1,0,1,25,1,0,1533,4,0,2.5,1.0,2.3333333333333335
1,1,1,9,0,0,1281,1,0,2.4285714285714284,3.6666666666666665,2.6666666666666665
0,0,1,35,1,2,983,3,11,2.142857142857143,3.0,3.0
0,1,1,58,1,2,3603,1,0,2.4285714285714284,2.6666666666666665,2.3333333333333335
1,0,0,27,1,2,1926,5,1,4.142857142857143,1.0,4.0
0,0,1,64,0,0,1844,3,0,1.7142857142857142,2.0,3.0
0,1,1,38,1,0,1142,4,13,2.142857142857143,1.0,4.0
0,1,1,66,0,0,1974,3,226,2.142857142857143,3.0,2.6666666666666665
0,1,0,13,1,0,2716,1,2,2.142857142857143,1.0,3.3333333333333335
0,1,0,32,1,0,1581,0,0,2.4285714285714284,2.3333333333333335,1.6666666666666667
1,1,1,55,0,0,846,4,0,4.285714285714286,4.333333333333333,3.6666666666666665
1,1,1,41,1,2,1715,1,0,3.5714285714285716,4.0,3.3333333333333335
1,0,1,40,1,2,1410,4,99,4.285714285714286,4.333333333333333,4.666666666666667
0,0,1,19,0,0,3690,2,0,3.4285714285714284,4.333333333333333,4.333333333333333
1,0,1,60,1,2,275,1,0,3.4285714285714284,3.6666666666666665,4.0
1,1,1,46,1,2,3157,5,0,4.571428571428571,3.6666666666666665,3.6666666666666665
0,0,1,60,1,2,1552,1,6,2.4285714285714284,2.3333333333333335,3.0
1,1,1,41,1,2,609,3,11,3.7142857142857144,4.666666666666667,3.3333333333333335
0,0,1,58,1,2,2422,3,0,2.857142857142857,2.3333333333333335,2.3333333333333335
1,0,1,40,1,2,433,4,6,3.5714285714285716,3.3333333333333335,4.333333333333333
0,0,1,44,0,0,2218,5,0,3.4285714285714284,4.0,4.0
0,1,1,46,0,0,620,4,23,4.428571428571429,4.666666666666667,3.0
0,1,0,25,1,2,1440,5,0,3.5714285714285716,3.0,3.6666666666666665
1,0,1,53,1,2,460,1,29,3.5714285714285716,4.0,3.6666666666666665
0,1,0,25,1,2,2206,4,0,2.857142857142857,3.0,4.666666666666667
0,1,1,49,0,1,466,4,0,3.7142857142857144,3.6666666666666665,3.0
1,0,1,57,1,2,877,4,0,4.571428571428571,4.333333333333333,4.666666666666667
0,1,0,39,1,2,966,2,0,2.7142857142857144,5.0,3.0
1,1,1,30,0,0,2148,1,1,3.0,3.3333333333333335,2.3333333333333335
1,0,1,40,1,2,1882,2,20,3.2857142857142856,4.0,2.6666666666666665
1,0,1,42,1,2,1683,5,0,4.714285714285714,4.333333333333333,4.666666666666667
1,1,1,54,0,0,302,0,2,4.428571428571429,4.333333333333333,3.0
1,1,1,48,0,0,99,1,0,3.5714285714285716,4.666666666666667,3.3333333333333335
1,0,1,41,1,0,1594,1,0,4.0,4.0,1.6666666666666667
0,0,1,53,1,0,1396,1,26,1.8571428571428572,2.0,2.3333333333333335
1,0,1,44,1,1,1580,3,0,3.4285714285714284,5.0,2.3333333333333335
1,1,1,58,1,2,1454,3,0,4.0,4.666666666666667,4.0
0,1,1,8,0,0,2175,5,53,3.857142857142857,3.0,4.333333333333333
0,0,1,25,1,2,2999,2,115,2.5714285714285716,2.0,2.6666666666666665
0,1,0,36,1,2,1906,2,0,3.0,5.0,3.3333333333333335
1,1,0,38,1,2,1751,3,0,3.0,1.0,4.666666666666667
0,1,0,22,1,0,1198,5,10,3.5714285714285716,2.0,3.0
1,1,0,24,1,0,1291,0,7,4.285714285714286,5.0,3.3333333333333335
1,1,1,51,1,2,1842,2,13,3.4285714285714284,3.6666666666666665,3.6666666666666665
1,1,1,23,0,0,2032,2,6,3.7142857142857144,4.333333333333333,3.6666666666666665
0,1,1,47,0,1,510,1,0,2.2857142857142856,2.0,1.3333333333333333
1,1,1,41,0,1,466,4,0,4.25,4.333333333333333,3.6666666666666665
1,1,1,45,1,2,2333,4,74,3.5714285714285716,4.0,4.0
0,1,0,30,1,0,2293,2,5,2.5714285714285716,4.0,4.0
0,0,1,60,1,2,621,3,19,3.142857142857143,3.0,3.6666666666666665
1,0,1,66,1,2,54,3,0,3.4285714285714284,3.6666666666666665,3.3333333333333335
0,1,1,62,0,0,662,5,27,2.2857142857142856,1.3333333333333333,2.6666666666666665
1,1,0,24,1,2,1825,0,0,3.25,2.0,3.0
0,1,1,32,1,2,4281,2,55,2.142857142857143,2.0,2.0
0,0,1,51,1,0,2937,4,0,3.142857142857143,3.0,3.0
1,1,1,46,1,0,526,1,0,4.285714285714286,3.3333333333333335,3.0
1,0,1,49,1,2,1898,5,0,3.857142857142857,3.3333333333333335,3.6666666666666665
0,0,1,54,1,2,1560,3,12,2.857142857142857,3.3333333333333335,2.3333333333333335
1,0,1,49,1,2,2774,5,2,4.571428571428571,4.666666666666667,4.333333333333333
0,1,1,44,0,0,3578,4,132,3.0,2.0,3.0
1,1,1,35,0,0,3709,5,2,4.0,4.0,4.0
0,0,1,20,0,0,1966,1,14,2.5714285714285716,5.0,2.6666666666666665
1,1,1,34,1,2,1500,2,2,3.4285714285714284,4.333333333333333,3.0
1,1,1,9,0,0,1671,3,21,3.7142857142857144,4.333333333333333,3.6666666666666665
1,0,1,52,1,2,1759,1,0,4.571428571428571,4.333333333333333,4.666666666666667
0,0,0,24,1,0,1759,2,22,2.7142857142857144,3.0,3.0
1,1,1,9,0,0,1340,5,18,3.7142857142857144,3.6666666666666665,3.6666666666666665
1,0,1,48,1,2,937,4,28,4.0,4.0,4.333333333333333
1,1,1,33,1,2,3380,4,0,4.714285714285714,2.3333333333333335,4.0
0,1,0,20,1,1,2059,0,16,3.142857142857143,5.0,3.6666666666666665
1,0,1,48,1,2,2641,4,0,3.7142857142857144,5.0,4.0
0,0,1,42,1,1,2169,1,46,2.2857142857142856,2.0,2.0
0,0,0,47,1,0,1282,3,0,1.8571428571428572,1.0,3.0
1,1,1,11,0,0,1547,5,0,3.25,1.0,3.0
0,1,1,30,0,0,2141,4,6,4.142857142857143,2.0,3.0
0,0,1,69,0,2,385,2,14,2.5714285714285716,2.3333333333333335,2.0
0,0,1,56,0,0,1434,3,0,2.0,3.0,3.0
1,1,1,57,1,2,591,1,1,3.4285714285714284,4.666666666666667,3.3333333333333335
0,0,1,58,0,0,1886,5,0,2.857142857142857,2.0,4.0
0,1,1,78,1,2,1814,4,26,3.2857142857142856,2.6666666666666665,2.0
0,0,1,16,0,0,2890,4,4,2.857142857142857,2.0,3.6666666666666665
1,0,1,42,1,2,3897,2,0,3.857142857142857,4.0,4.0
0,0,0,61,1,0,1754,0,86,3.0,5.0,3.0
0,1,1,47,1,2,1920,4,48,2.142857142857143,3.0,2.3333333333333335
1,1,1,26,1,2,5159,5,20,3.857142857142857,4.0,4.0
1,1,1,51,0,0,340,2,1,3.5714285714285716,5.0,3.6666666666666665
1,0,1,59,1,0,2508,3,0,3.142857142857143,4.0,2.6666666666666665
1,1,1,16,0,0,1997,5,0,4.142857142857143,4.333333333333333,4.333333333333333
1,1,1,54,1,2,2545,4,25,4.285714285714286,4.666666666666667,4.666666666666667
1,1,1,29,0,0,2048,1,0,2.2857142857142856,3.6666666666666665,2.3333333333333335
1,1,1,39,1,2,2928,4,27,3.857142857142857,3.3333333333333335,4.333333333333333
0,0,0,36,1,2,3132,3,0,3.4285714285714284,3.0,3.3333333333333335
0,1,1,60,1,0,1115,4,0,2.4285714285714284,2.3333333333333335,3.3333333333333335
1,1,1,44,1,0,318,3,0,3.2857142857142856,3.0,2.3333333333333335
0,1,1,42,1,0,2608,3,122,2.5714285714285716,2.6666666666666665,3.0
1,0,1,46,1,2,1494,3,0,4.142857142857143,5.0,3.6666666666666665
0,0,1,56,1,0,2171,4,10,2.0,1.0,3.3333333333333335
0,0,1,25,0,2,2195,5,0,3.2857142857142856,2.0,3.6666666666666665
0,0,1,35,1,2,2228,5,0,2.142857142857143,2.6666666666666665,3.6666666666666665
1,1,1,39,0,1,2096,0,14,4.428571428571429,4.0,4.333333333333333
1,1,1,40,1,2,1717,4,0,4.0,4.666666666666667,4.0
1,1,1,38,1,1,1481,3,0,3.0,4.0,3.3333333333333335
1,1,1,42,0,0,411,4,0,4.142857142857143,3.0,4.333333333333333
0,0,0,45,1,2,1816,2,17,2.5714285714285716,2.0,4.0
1,1,1,49,1,2,346,4,0,3.7142857142857144,4.0,3.6666666666666665
1,0,1,40,1,2,1099,4,0,3.4285714285714284,4.666666666666667,4.0
1,1,1,45,0,0,738,5,1,5.0,4.0,4.666666666666667
1,1,1,54,1,2,2405,2,0,3.142857142857143,4.333333333333333,3.3333333333333335
1,1,1,47,1,0,636,4,0,4.142857142857143,3.6666666666666665,4.333333333333333
0,0,1,18,1,2,3951,3,36,2.857142857142857,3.0,2.3333333333333335
0,1,1,24,1,2,2757,3,0,2.857142857142857,3.0,3.3333333333333335
1,0,1,44,1,2,2996,4,34,3.857142857142857,4.0,4.333333333333333
0,0,0,29,1,0,2564,3,3,2.4285714285714284,2.3333333333333335,3.3333333333333335
1,0,1,20,0,0,2504,2,0,3.142857142857143,1.0,3.0
0,0,1,43,0,0,1758,4,0,3.5714285714285716,4.0,2.3333333333333335
1,0,1,45,1,2,682,2,0,3.857142857142857,4.666666666666667,4.0
1,0,1,39,1,2,1812,5,71,3.7142857142857144,4.0,3.6666666666666665
0,1,1,26,1,2,3030,5,0,3.7142857142857144,5.0,3.6666666666666665
0,0,1,60,0,0,2523,1,116,2.7142857142857144,3.6666666666666665,3.0
0,1,1,34,1,2,404,4,84,3.0,2.6666666666666665,3.0
1,1,1,39,1,2,309,5,3,4.571428571428571,4.333333333333333,4.666666666666667
1,0,1,22,1,1,2564,3,0,2.25,2.0,3.3333333333333335
1,1,1,33,0,0,2246,5,15,4.428571428571429,4.666666666666667,4.333333333333333
1,0,1,44,1,2,2880,2,0,3.0,3.0,3.6666666666666665
0,0,1,32,0,0,1515,5,2,2.7142857142857144,1.0,1.6666666666666667
0,0,1,49,0,0,1718,5,0,2.4285714285714284,2.0,3.3333333333333335
1,0,1,57,1,2,3866,1,0,2.5714285714285716,4.333333333333333,2.6666666666666665
0,1,0,23,1,0,1331,3,16,2.2857142857142856,2.0,3.0
0,1,0,50,1,2,2426,4,0,3.2857142857142856,1.0,3.6666666666666665
0,1,1,43,1,2,3270,3,0,3.2857142857142856,2.0,2.6666666666666665
1,0,1,60,1,2,337,3,0,3.7142857142857144,2.3333333333333335,4.333333333333333
0,1,0,9,1,0,1944,2,0,2.5714285714285716,1.0,3.6666666666666665
1,0,1,52,1,2,1593,2,30,3.2857142857142856,4.0,3.3333333333333335
0,1,0,47,1,0,2192,4,142,2.0,1.6666666666666667,3.0
0,1,0,20,1,0,2918,3,36,3.0,4.0,3.3333333333333335
1,1,1,30,0,0,1813,5,0,3.5714285714285716,1.0,3.3333333333333335
1,1,1,28,1,2,1951,1,5,3.2857142857142856,4.0,3.6666666666666665
1,0,1,22,1,1,2144,1,19,3.857142857142857,4.0,3.3333333333333335
0,0,1,31,1,2,1607,5,88,2.857142857142857,2.0,4.333333333333333
0,0,1,49,0,0,1888,4,61,3.5714285714285716,3.3333333333333335,3.6666666666666665
0,1,1,43,1,2,2043,2,14,1.2857142857142858,2.6666666666666665,1.3333333333333333
0,1,1,41,1,2,4023,5,228,1.8571428571428572,1.3333333333333333,3.3333333333333335
0,0,1,24,1,2,2407,3,37,3.0,2.0,2.3333333333333335
0,0,1,12,0,0,1956,4,0,2.4285714285714284,2.0,2.6666666666666665
1,1,1,52,1,2,2292,0,298,2.8,3.6666666666666665,4.0
1,0,1,32,1,2,2357,5,0,3.857142857142857,5.0,2.6666666666666665
1,1,1,44,1,2,3919,4,0,2.2,3.3333333333333335,2.6666666666666665
0,0,0,50,1,0,1552,0,0,3.142857142857143,3.6666666666666665,2.0
1,1,1,60,0,0,81,4,77,3.7142857142857144,4.0,4.333333333333333
1,1,1,43,1,2,3467,1,0,3.5714285714285716,5.0,3.6666666666666665
0,0,1,52,1,0,1699,3,0,2.4285714285714284,2.0,3.3333333333333335
0,0,0,23,1,0,1982,2,0,2.4285714285714284,3.0,4.666666666666667
1,1,1,41,1,2,99,2,0,3.2857142857142856,3.6666666666666665,3.3333333333333335
0,0,1,43,0,0,3405,4,3,3.4285714285714284,4.666666666666667,3.0
1,1,1,38,1,2,1635,5,15,4.0,3.0,3.3333333333333335
0,1,0,21,1,0,3573,2,35,2.0,2.0,2.3333333333333335
0,0,0,22,1,0,1193,3,0,3.0,2.0,2.3333333333333335
0,1,1,26,1,2,1970,5,0,2.857142857142857,2.0,3.3333333333333335
1,1,1,50,0,0,498,1,0,3.7142857142857144,2.6666666666666665,2.0
1,0,1,46,1,2,297,1,5,3.2857142857142856,4.666666666666667,3.0
1,1,1,44,0,0,339,4,0,2.75,4.0,3.0
0,0,1,66,1,1,1178,2,2,2.857142857142857,3.0,2.0
0,1,1,35,1,1,1677,4,0,2.7142857142857144,2.0,2.6666666666666665
0,1,1,32,1,2,3970,2,18,2.7142857142857144,3.0,2.6666666666666665
1,1,1,36,1,0,2339,4,0,3.4285714285714284,4.0,3.3333333333333335
0,0,1,20,1,2,2360,1,0,3.142857142857143,3.0,2.6666666666666665
0,0,1,43,0,0,2946,5,37,3.857142857142857,5.0,3.0
0,0,1,31,0,0,1361,4,18,3.0,2.0,3.3333333333333335
1,1,1,47,1,2,726,2,57,3.5714285714285716,4.0,3.3333333333333335
1,1,1,56,1,0,388,2,17,3.857142857142857,4.0,2.3333333333333335
0,1,0,11,1,0,2273,4,18,3.857142857142857,2.0,3.6666666666666665
1,1,1,44,1,2,1556,2,0,3.5714285714285716,4.333333333333333,3.3333333333333335
1,1,1,41,0,0,2444,3,0,4.142857142857143,5.0,4.333333333333333
1,0,0,28,1,2,1733,3,3,3.2857142857142856,1.0,3.6666666666666665
1,1,0,24,1,2,2823,5,0,3.5,1.0,3.6666666666666665
1,1,1,41,1,2,1551,3,1,3.5714285714285716,3.3333333333333335,3.0
1,1,1,28,0,0,1154,4,0,4.285714285714286,5.0,3.6666666666666665
1,0,1,31,1,2,5070,5,0,4.0,4.0,3.3333333333333335
0,0,1,20,0,0,1407,4,0,3.7142857142857144,5.0,2.6666666666666665
1,1,1,34,1,2,4929,3,164,3.5714285714285716,3.6666666666666665,3.6666666666666665
1,0,1,48,1,2,2721,5,8,4.857142857142857,3.3333333333333335,4.666666666666667
0,0,1,70,0,0,3648,3,0,2.4285714285714284,1.0,4.0
0,0,1,45,0,0,2064,1,0,2.4285714285714284,2.0,3.0
1,1,1,49,0,0,956,5,0,4.714285714285714,5.0,4.666666666666667
0,0,1,49,0,0,2202,5,152,4.0,3.3333333333333335,3.0
1,1,1,32,0,1,2054,5,12,3.0,4.0,3.3333333333333335
0,0,1,32,1,1,1629,3,5,3.142857142857143,3.0,3.0
1,1,1,54,0,0,983,4,0,4.0,3.6666666666666665,4.0
1,1,1,52,0,0,3371,3,16,3.857142857142857,4.333333333333333,4.333333333333333
0,1,1,48,1,0,368,4,0,3.0,2.3333333333333335,2.3333333333333335
1,0,1,37,1,2,3014,3,0,3.0,3.0,3.3333333333333335
0,0,0,27,1,2,1250,3,0,2.7142857142857144,1.0,2.6666666666666665
0,0,1,43,1,2,1965,1,0,2.2857142857142856,3.3333333333333335,1.6666666666666667
0,0,1,65,0,0,2470,2,0,2.2857142857142856,1.0,3.6666666666666665
0,0,0,29,1,2,2791,1,0,2.4285714285714284,2.0,3.3333333333333335
0,0,0,16,1,0,1582,2,33,3.2857142857142856,3.0,2.6666666666666665
1,1,1,57,1,2,1931,4,0,2.5714285714285716,3.0,2.6666666666666665
0,0,1,35,1,0,1767,1,12,2.7142857142857144,3.0,2.3333333333333335
1,0,1,41,1,2,3012,3,0,3.5714285714285716,4.333333333333333,3.3333333333333335
0,0,0,59,1,0,1731,1,0,2.5714285714285716,3.0,2.6666666666666665
1,0,1,53,1,2,2522,1,1,2.857142857142857,3.3333333333333335,2.6666666666666665
1,1,1,38,1,1,1410,2,20,3.857142857142857,5.0,2.3333333333333335
1,1,1,13,0,0,1294,5,26,3.7142857142857144,4.333333333333333,4.333333333333333
0,0,1,61,0,0,1457,4,46,2.2,1.0,4.0
0,0,1,10,0,0,2275,4,22,2.4285714285714284,1.0,3.6666666666666665
0,0,1,30,1,2,1714,0,0,1.8,2.0,1.3333333333333333
0,0,1,10,0,2,2473,3,0,3.7142857142857144,4.0,3.6666666666666665
0,0,0,16,1,0,1712,1,0,3.5714285714285716,5.0,2.6666666666666665
1,1,1,22,0,0,1839,3,38,3.2857142857142856,2.6666666666666665,3.0
0,1,1,59,1,2,312,1,0,2.4285714285714284,3.0,2.6666666666666665
0,0,1,51,0,1,3162,4,11,3.4,3.6666666666666665,2.3333333333333335
1,0,1,49,1,2,503,4,0,3.4285714285714284,3.3333333333333335,3.3333333333333335
0,0,1,33,1,2,2271,4,5,2.5714285714285716,3.0,3.0
1,0,1,40,1,2,789,4,0,4.285714285714286,4.333333333333333,4.666666666666667
0,1,1,13,1,2,1589,5,6,2.5714285714285716,2.0,3.6666666666666665
0,0,1,69,0,0,1893,5,0,2.857142857142857,3.3333333333333335,3.6666666666666665
1,0,1,58,1,2,2328,2,0,3.2857142857142856,4.0,3.3333333333333335
0,1,1,44,0,0,1473,4,5,4.285714285714286,4.333333333333333,4.333333333333333
1,1,1,21,0,0,2434,3,0,4.142857142857143,4.0,3.3333333333333335
0,0,1,65,1,2,444,4,16,3.2857142857142856,2.3333333333333335,3.3333333333333335
0,0,1,32,0,0,3094,5,28,2.4285714285714284,1.0,2.3333333333333335
0,0,1,28,0,0,1722,5,5,3.7142857142857144,2.6666666666666665,4.0
0,1,1,8,0,0,3430,4,36,4.0,5.0,3.3333333333333335
0,0,1,31,0,0,2986,4,0,4.0,3.6666666666666665,3.6666666666666665
1,0,1,51,1,2,2466,3,0,3.7142857142857144,4.0,3.6666666666666665
0,1,1,25,0,0,2197,5,0,3.857142857142857,4.0,3.6666666666666665
0,1,0,25,1,2,1663,0,0,3.4285714285714284,3.0,3.0
1,0,1,46,1,2,3781,2,12,3.2857142857142856,4.333333333333333,3.0
1,1,1,29,1,0,2549,4,1,4.0,5.0,3.0
0,0,1,55,1,2,2265,5,0,3.857142857142857,2.6666666666666665,3.3333333333333335
0,0,1,41,1,2,1417,5,31,3.2857142857142856,2.6666666666666665,3.6666666666666665
1,1,1,38,1,1,2049,5,0,4.142857142857143,5.0,4.333333333333333
1,1,1,54,1,2,2570,2,23,3.4285714285714284,5.0,4.0
0,0,1,47,0,0,2705,5,0,3.4285714285714284,3.0,4.333333333333333
1,0,0,27,1,2,1172,5,0,4.857142857142857,5.0,3.3333333333333335
0,0,1,46,1,0,1847,2,0,2.7142857142857144,3.0,3.0
1,0,1,43,1,2,3337,5,11,4.0,3.3333333333333335,4.0
0,0,1,60,1,2,296,5,7,3.7142857142857144,3.0,4.0
1,0,0,23,1,2,2579,5,15,3.7142857142857144,2.0,3.3333333333333335
0,0,0,22,1,0,1825,0,0,2.2857142857142856,2.0,4.0
1,0,0,21,1,2,1676,0,0,3.5714285714285716,1.0,4.666666666666667
0,1,0,23,1,0,1547,2,25,2.0,4.0,3.3333333333333335
0,1,1,23,1,2,4594,4,1,3.857142857142857,5.0,3.6666666666666665
0,0,1,36,1,0,2198,3,7,2.5714285714285716,1.0,2.6666666666666665
1,1,1,38,1,2,1768,3,0,3.4285714285714284,2.0,2.6666666666666665
1,1,1,37,1,0,3373,4,1,3.857142857142857,3.0,4.0
1,1,1,16,0,1,1337,3,0,3.2857142857142856,2.0,2.0
0,0,1,57,0,0,1389,5,0,3.7142857142857144,4.0,3.3333333333333335
1,0,1,59,1,2,2661,5,3,4.857142857142857,4.333333333333333,4.666666666666667
1,0,1,51,1,2,2785,2,105,3.857142857142857,4.333333333333333,4.0
0,1,0,44,1,0,1254,2,1,3.2857142857142856,5.0,3.3333333333333335
0,0,1,16,0,0,2331,5,0,3.0,1.0,3.3333333333333335
1,1,1,32,1,0,2788,2,136,2.857142857142857,4.333333333333333,2.3333333333333335
1,1,0,30,1,2,1917,0,0,3.25,3.0,4.0
0,1,0,38,1,0,2376,1,0,2.142857142857143,3.0,4.0
1,1,1,47,1,2,3859,5,0,4.428571428571429,4.666666666666667,4.333333333333333
1,1,1,44,1,2,502,2,0,3.7142857142857144,4.0,3.6666666666666665
1,1,1,39,0,0,4065,2,22,3.2857142857142856,4.0,4.0
0,1,1,43,0,0,335,3,0,3.5714285714285716,2.6666666666666665,2.6666666666666665
1,1,1,46,1,0,406,2,14,3.142857142857143,3.0,2.3333333333333335
0,0,1,30,1,2,2055,3,0,3.4285714285714284,3.0,3.0
0,0,1,52,1,2,3474,2,0,3.4285714285714284,3.0,2.3333333333333335
0,0,1,21,0,0,1810,5,34,2.7142857142857144,2.0,3.0
0,1,1,36,1,0,1916,2,24,2.4285714285714284,3.0,3.3333333333333335
0,0,1,15,0,0,1280,1,0,2.2857142857142856,2.0,3.0
0,0,1,34,1,2,2149,2,47,3.2857142857142856,4.0,3.0
0,0,0,27,1,0,1187,1,0,2.4285714285714284,2.0,2.3333333333333335
0,0,1,15,0,0,1612,2,1,2.0,2.0,2.6666666666666665
0,0,1,36,1,0,2621,4,4,2.4285714285714284,2.0,4.0
1,1,0,37,1,0,1069,0,0,2.5,3.0,3.0
1,1,1,44,1,2,797,4,0,4.142857142857143,4.0,3.6666666666666665
0,1,0,17,1,0,2694,2,0,2.5714285714285716,3.0,3.6666666666666665
1,1,1,43,0,1,854,2,48,3.7142857142857144,3.6666666666666665,3.0
0,1,0,28,1,1,1860,1,0,2.2857142857142856,3.0,2.3333333333333335
0,0,1,47,1,2,2281,0,17,2.6,3.3333333333333335,3.6666666666666665
1,1,1,56,1,2,1007,3,0,2.7142857142857144,3.3333333333333335,2.6666666666666665
0,1,0,20,1,0,1958,0,13,1.8571428571428572,1.0,3.0
1,1,1,36,1,0,1425,3,0,3.0,4.0,4.0
1,0,1,58,1,2,416,4,58,4.0,4.666666666666667,4.333333333333333
1,1,1,41,0,0,1353,5,0,3.2857142857142856,4.0,4.0
0,1,1,57,0,1,458,5,0,3.142857142857143,3.3333333333333335,2.6666666666666665
1,1,1,48,1,2,2468,1,25,3.7142857142857144,4.333333333333333,3.6666666666666665
1,1,1,53,1,2,514,4,0,3.7142857142857144,4.0,4.0
1,1,0,22,1,0,1490,3,6,3.857142857142857,5.0,4.0
1,0,1,56,1,2,2433,5,0,4.285714285714286,3.6666666666666665,4.666666666666667
1,1,1,70,0,0,525,3,0,3.5714285714285716,3.6666666666666665,4.0
1,0,1,39,1,0,2347,1,8,3.7142857142857144,5.0,1.0
1,1,1,29,0,0,1085,1,0,2.8,2.0,3.6666666666666665
1,1,1,58,0,0,1600,5,66,3.0,4.0,4.0
1,0,1,55,0,0,2604,5,0,4.857142857142857,5.0,3.6666666666666665
0,1,1,22,1,2,4286,5,40,3.2857142857142856,3.0,4.0
0,0,1,48,0,0,1623,4,0,3.0,3.0,2.6666666666666665
0,1,1,56,0,0,319,5,11,3.5714285714285716,2.0,3.0
1,0,1,50,1,2,677,1,3,3.142857142857143,4.0,3.3333333333333335
0,0,1,35,0,0,2097,4,7,3.0,5.0,3.0
1,1,1,48,1,2,2108,1,95,3.4285714285714284,4.333333333333333,3.0
1,1,1,26,0,0,1614,4,0,4.142857142857143,4.0,3.3333333333333335
0,1,0,36,1,0,1532,4,1,2.5714285714285716,3.3333333333333335,3.6666666666666665
0,0,1,70,0,0,2986,5,87,3.7142857142857144,3.0,3.6666666666666665
0,0,0,28,1,0,2280,2,17,2.0,2.6666666666666665,1.6666666666666667
0,0,1,58,0,0,1796,3,0,2.857142857142857,1.0,3.3333333333333335
0,0,1,48,0,0,2155,5,0,3.5714285714285716,1.0,3.3333333333333335
1,1,1,15,0,1,1435,4,0,3.5714285714285716,2.6666666666666665,3.3333333333333335
0,0,1,43,0,0,2197,4,0,2.857142857142857,1.0,4.333333333333333
0,1,0,48,1,2,1644,3,72,3.5714285714285716,5.0,3.6666666666666665
0,0,1,48,1,0,2399,1,204,2.2857142857142856,1.6666666666666667,2.0
1,0,1,46,1,2,319,1,0,3.0,3.3333333333333335,2.6666666666666665
1,1,1,26,0,0,1550,2,0,3.5714285714285716,4.666666666666667,4.0
0,1,0,20,1,0,1867,5,17,2.142857142857143,2.3333333333333335,3.3333333333333335
1,0,1,31,1,2,1348,4,0,3.857142857142857,5.0,2.3333333333333335
0,0,1,29,0,0,1901,4,0,2.5714285714285716,4.0,2.0
0,1,1,15,0,0,2070,1,19,3.7142857142857144,3.0,4.0
0,0,1,25,0,0,1849,2,0,3.0,3.6666666666666665,3.3333333333333335
1,0,1,52,1,2,379,0,10,2.8,3.3333333333333335,3.0
1,1,1,46,0,1,1282,4,0,4.0,5.0,3.0
0,1,0,36,1,0,2584,3,206,3.2857142857142856,3.0,3.6666666666666665
1,1,1,59,1,0,427,4,0,4.428571428571429,3.6666666666666665,3.6666666666666665
1,1,1,44,1,2,294,5,0,4.571428571428571,4.666666666666667,4.333333333333333
1,0,1,57,0,1,2810,4,0,4.0,1.0,3.3333333333333335
1,0,0,22,1,0,1814,0,4,3.25,2.0,3.6666666666666665
1,1,1,55,1,2,1869,1,13,2.857142857142857,3.6666666666666665,2.6666666666666665
1,0,1,8,0,0,1673,4,3,2.5714285714285716,2.0,3.6666666666666665
0,0,0,36,1,0,2099,2,0,2.2857142857142856,2.0,3.3333333333333335
1,1,1,33,0,1,2066,4,0,4.428571428571429,3.6666666666666665,3.0
1,1,1,48,1,2,1869,3,0,3.7142857142857144,4.666666666666667,3.6666666666666665
1,0,1,47,1,2,2002,4,0,4.571428571428571,4.333333333333333,4.0
1,0,1,44,1,2,3351,2,50,3.4285714285714284,3.3333333333333335,3.3333333333333335
1,1,1,51,1,2,3554,4,0,4.0,4.666666666666667,4.333333333333333
1,1,1,39,1,2,3732,1,8,3.5714285714285716,4.0,2.6666666666666665
0,1,0,49,1,2,2236,1,0,2.857142857142857,3.0,3.6666666666666665
1,1,0,15,1,2,2213,2,0,3.857142857142857,5.0,3.3333333333333335
1,0,1,30,1,2,4486,2,9,3.4285714285714284,4.0,1.6666666666666667
0,0,1,28,0,0,1636,4,0,2.7142857142857144,2.0,2.6666666666666665
1,0,1,36,1,2,1620,3,0,3.2857142857142856,3.3333333333333335,3.0
1,1,1,17,0,0,1937,4,0,3.857142857142857,4.0,1.6666666666666667
0,1,0,39,1,0,1430,0,0,2.0,4.0,3.0
0,1,1,39,1,2,2005,3,0,2.5714285714285716,2.6666666666666665,2.0
0,1,1,26,1,2,1892,4,0,3.4285714285714284,4.0,3.0
1,0,1,25,0,0,1927,5,10,3.75,2.0,3.3333333333333335
1,0,1,43,1,2,848,4,0,4.571428571428571,4.666666666666667,4.333333333333333
1,1,1,32,1,2,2538,1,8,3.4285714285714284,5.0,3.3333333333333335
1,1,1,52,1,2,4409,1,123,3.0,3.6666666666666665,3.3333333333333335
0,0,0,20,1,0,2728,1,135,2.5714285714285716,3.6666666666666665,3.6666666666666665
1,1,1,55,1,2,625,1,0,3.5714285714285716,3.6666666666666665,2.6666666666666665
1,1,1,45,1,2,2787,2,0,3.7142857142857144,2.0,3.6666666666666665
1,0,1,41,1,2,1862,2,0,3.4285714285714284,4.333333333333333,3.6666666666666665
0,1,1,42,1,0,575,3,0,2.2857142857142856,2.3333333333333335,2.0
1,1,1,11,0,0,2354,5,1,3.2857142857142856,4.0,3.6666666666666665
0,0,1,13,0,1,1962,3,1,3.142857142857143,5.0,2.6666666666666665
1,0,0,10,1,2,3710,0,0,3.8333333333333335,2.0,4.333333333333333
1,1,1,28,1,2,4424,1,0,3.5714285714285716,5.0,3.6666666666666665
1,1,1,58,1,2,418,1,17,3.142857142857143,4.666666666666667,3.0
1,1,1,50,1,2,2222,2,25,3.7142857142857144,4.0,3.3333333333333335
0,0,1,47,0,0,3657,4,148,3.4285714285714284,1.3333333333333333,2.6666666666666665
0,1,0,37,1,0,2449,1,0,2.2857142857142856,3.0,2.6666666666666665
1,1,1,45,0,0,897,5,0,3.0,1.0,4.0
0,0,0,36,1,0,2136,2,0,2.5714285714285716,2.0,2.3333333333333335
1,0,1,19,1,1,1911,4,0,3.5,4.0,2.0
1,0,1,47,1,2,3661,4,0,4.428571428571429,4.666666666666667,4.666666666666667
1,0,1,44,1,2,915,1,39,3.0,3.3333333333333335,3.0
1,1,1,42,1,2,1962,2,13,3.7142857142857144,4.0,3.6666666666666665
1,0,1,54,1,2,3534,4,0,3.2857142857142856,2.6666666666666665,3.6666666666666665
1,0,0,37,1,0,1878,4,5,3.7142857142857144,2.0,3.3333333333333335
0,1,0,39,1,2,1443,2,19,2.4285714285714284,1.0,3.0
1,1,1,40,0,0,3247,5,1,4.0,3.0,3.6666666666666665
0,1,0,22,1,2,2266,4,0,2.0,1.0,4.0
1,0,1,53,1,2,2589,3,0,3.857142857142857,4.333333333333333,4.0
1,1,1,25,0,0,2860,2,47,3.0,4.0,2.0
1,0,1,43,1,2,1829,2,0,3.2857142857142856,4.333333333333333,3.3333333333333335
0,0,1,56,1,0,1650,2,0,3.142857142857143,4.0,2.0
0,0,0,32,1,0,2113,3,0,2.857142857142857,2.0,4.333333333333333
1,0,1,50,1,2,3117,3,0,4.142857142857143,4.333333333333333,4.333333333333333
0,0,1,30,0,0,4314,3,13,3.2857142857142856,3.0,1.6666666666666667
1,1,1,56,1,2,1404,3,0,3.857142857142857,4.666666666666667,3.6666666666666665
1,0,0,40,1,2,1768,4,16,4.0,5.0,4.0
0,0,1,47,1,2,2686,3,200,2.5714285714285716,1.6666666666666667,3.0
0,1,1,35,1,2,851,3,32,1.7142857142857142,2.6666666666666665,2.3333333333333335
0,0,1,39,1,0,2047,0,3,1.6,1.0,2.6666666666666665
1,1,0,50,1,2,1276,4,0,4.0,3.3333333333333335,4.666666666666667
1,0,0,22,1,2,1883,4,0,4.285714285714286,3.3333333333333335,3.3333333333333335
0,0,1,47,1,2,1699,2,0,2.142857142857143,2.6666666666666665,2.3333333333333335
1,1,1,48,1,2,2192,5,0,4.571428571428571,4.333333333333333,4.666666666666667
0,1,1,58,1,1,1075,3,8,2.7142857142857144,2.0,2.6666666666666665
1,0,0,24,1,2,2828,0,0,4.428571428571429,4.666666666666667,4.666666666666667
1,0,1,26,1,2,4067,3,10,3.857142857142857,5.0,4.0
0,1,1,10,0,0,1705,2,22,3.2857142857142856,3.6666666666666665,3.3333333333333335
0,0,1,21,0,0,2011,5,0,4.285714285714286,4.0,3.3333333333333335
1,1,1,26,0,0,2072,2,16,3.142857142857143,4.333333333333333,3.6666666666666665
1,1,1,28,0,0,2223,3,53,3.4285714285714284,4.666666666666667,3.6666666666666665
1,1,1,34,0,0,1908,2,4,3.4285714285714284,5.0,3.0
1,1,0,30,1,2,2158,4,2,4.142857142857143,3.0,3.0
0,1,1,73,1,0,509,5,39,3.0,2.6666666666666665,3.0
1,1,1,51,1,2,3913,3,0,4.428571428571429,4.333333333333333,4.333333333333333
1,0,1,30,1,2,3390,2,0,3.5714285714285716,5.0,4.0
0,0,1,40,0,0,2206,4,0,2.7142857142857144,1.0,2.0
1,1,1,62,0,0,1399,4,0,4.428571428571429,5.0,4.333333333333333
1,1,1,11,0,0,3758,1,0,3.4285714285714284,4.333333333333333,3.0
0,1,1,57,1,0,540,2,0,3.2857142857142856,4.0,2.3333333333333335
0,0,0,23,1,0,1816,5,210,1.7142857142857142,3.6666666666666665,2.3333333333333335
0,0,1,45,0,0,2005,4,0,3.142857142857143,2.0,1.6666666666666667
0,0,0,28,1,0,2305,1,15,2.5714285714285716,4.0,2.6666666666666665
0,1,0,36,1,0,1859,2,0,3.5714285714285716,3.0,2.6666666666666665
1,0,1,49,1,2,2733,2,0,3.4285714285714284,4.333333333333333,3.3333333333333335
1,1,1,41,1,2,3660,1,0,3.142857142857143,3.3333333333333335,3.3333333333333335
0,0,0,24,1,0,1499,0,0,2.4285714285714284,2.0,2.6666666666666665
0,0,1,27,0,0,1628,5,0,2.142857142857143,4.0,3.3333333333333335
1,1,1,41,1,2,281,0,27,4.0,4.0,4.0
1,1,1,55,0,0,1517,5,0,2.75,3.3333333333333335,3.0
0,0,1,42,0,0,1998,2,40,2.4,3.0,3.3333333333333335
0,1,0,26,1,0,1879,2,0,3.142857142857143,4.333333333333333,3.0
0,0,1,40,1,0,2816,3,2,3.0,3.0,2.6666666666666665
1,1,1,54,1,2,341,1,0,3.0,4.333333333333333,2.6666666666666665
1,0,1,51,1,0,1676,1,0,4.142857142857143,4.0,2.6666666666666665
0,0,0,22,1,0,1670,1,20,2.5714285714285716,5.0,2.0
1,1,1,51,1,2,2628,5,0,4.0,2.6666666666666665,3.6666666666666665
1,1,1,43,1,0,465,4,0,4.142857142857143,3.3333333333333335,4.0
0,1,1,37,1,1,1274,3,0,2.2857142857142856,2.0,3.0
1,1,1,61,0,0,2455,3,0,4.0,4.333333333333333,4.0
1,0,1,46,1,2,3051,0,0,4.8,4.666666666666667,4.666666666666667
1,0,1,58,1,2,2066,3,0,3.0,3.6666666666666665,3.3333333333333335
1,1,1,58,1,2,1693,1,0,3.142857142857143,4.0,3.3333333333333335
0,0,0,45,1,2,1857,1,0,1.7142857142857142,2.0,4.0
1,1,1,43,0,0,2298,1,120,3.5714285714285716,4.666666666666667,3.0
1,1,1,58,1,2,843,1,0,3.4285714285714284,3.6666666666666665,3.0
0,0,1,42,1,0,2046,2,0,2.4285714285714284,2.0,2.0
1,0,1,52,1,2,541,5,20,4.285714285714286,3.6666666666666665,4.666666666666667
0,0,1,42,1,0,2514,2,44,2.2857142857142856,2.0,3.0
1,0,1,58,1,2,2657,3,19,4.0,4.333333333333333,3.3333333333333335
0,0,0,12,1,0,2322,4,193,3.0,4.333333333333333,3.6666666666666665
0,0,1,41,1,2,330,3,0,2.7142857142857144,3.3333333333333335,2.0
1,0,1,30,1,2,4247,4,0,3.4285714285714284,2.0,4.0
1,0,1,40,1,2,2535,3,0,3.7142857142857144,4.666666666666667,4.0
1,0,1,42,1,2,3293,4,0,4.8,4.666666666666667,3.3333333333333335
1,1,1,40,1,2,864,3,0,3.7142857142857144,4.333333333333333,4.0
1,1,1,32,1,2,993,3,0,3.0,4.333333333333333,2.3333333333333335
0,0,0,37,1,0,2234,2,0,2.857142857142857,5.0,3.6666666666666665
1,0,1,37,0,0,1639,5,0,3.4285714285714284,2.0,4.666666666666667
0,0,1,56,1,2,360,0,63,3.0,3.0,3.6666666666666665
1,0,1,41,1,2,936,4,0,4.0,4.666666666666667,4.333333333333333
1,1,1,26,1,2,4865,2,0,3.142857142857143,4.0,2.0
0,0,1,36,0,0,1843,5,11,2.5714285714285716,4.0,4.333333333333333
1,1,1,31,1,2,4145,5,0,4.571428571428571,5.0,5.0
1,0,1,60,1,2,3534,0,24,4.2,3.6666666666666665,4.333333333333333
1,1,1,47,1,2,448,5,31,4.285714285714286,4.333333333333333,4.0
1,1,1,29,0,0,1952,1,109,3.142857142857143,4.333333333333333,3.0
0,0,1,17,0,0,2562,2,118,2.7142857142857144,4.333333333333333,4.0
0,0,1,37,0,0,2230,5,0,3.0,3.0,4.0
1,1,1,53,1,2,2615,5,56,5.0,5.0,4.666666666666667
1,0,1,54,1,2,386,2,22,3.5714285714285716,4.666666666666667,3.3333333333333335
1,1,1,24,1,2,4780,1,2,2.4285714285714284,4.0,3.0
0,1,0,21,1,0,1532,0,11,2.857142857142857,3.0,3.3333333333333335
1,1,1,32,0,0,1670,4,4,1.75,4.0,2.6666666666666665
1,1,1,51,1,2,309,2,0,3.142857142857143,3.6666666666666665,3.0
1,1,1,13,0,2,2113,5,10,3.4285714285714284,1.0,2.6666666666666665
0,1,1,36,0,0,1553,5,0,3.4285714285714284,2.0,4.0
0,0,1,70,0,0,2048,0,0,4.0,4.0,4.0
1,0,1,49,1,2,2628,3,1,3.857142857142857,4.666666666666667,3.6666666666666665
1,1,1,20,1,2,2876,3,0,3.5714285714285716,4.0,4.0
1,1,1,58,1,2,853,2,0,3.2857142857142856,4.333333333333333,3.3333333333333335
1,1,1,59,1,2,453,5,1,4.142857142857143,4.666666666666667,4.333333333333333
0,1,1,41,1,2,553,2,0,2.857142857142857,3.0,2.3333333333333335
1,0,1,47,1,2,540,1,3,2.142857142857143,3.6666666666666665,2.6666666666666665
0,0,1,44,1,0,1712,1,0,3.2857142857142856,3.0,2.6666666666666665
1,1,1,30,1,2,1882,2,0,3.857142857142857,5.0,3.0
1,0,1,50,1,2,1019,2,0,3.2857142857142856,4.333333333333333,3.6666666666666665
1,1,1,40,1,2,604,5,0,4.428571428571429,4.333333333333333,4.666666666666667
1,1,1,26,1,2,3772,0,0,3.2,4.0,2.6666666666666665
0,0,1,51,1,2,1644,4,0,1.7142857142857142,2.6666666666666665,3.0
0,1,0,39,1,2,1520,4,0,3.2857142857142856,3.0,2.0
1,1,1,50,0,0,396,4,4,3.142857142857143,2.0,4.0
1,0,1,23,1,2,3958,4,0,2.857142857142857,3.0,3.6666666666666665
0,0,1,61,0,0,3100,4,1,2.5714285714285716,1.6666666666666667,3.3333333333333335
0,0,1,58,0,1,1913,4,0,3.7142857142857144,5.0,3.6666666666666665
0,0,1,54,1,0,1201,3,0,3.4285714285714284,4.0,3.6666666666666665
0,0,0,34,1,2,2959,3,0,3.2857142857142856,4.0,2.6666666666666665
1,0,1,43,1,2,466,1,0,3.7142857142857144,4.666666666666667,3.6666666666666665
0,1,0,37,1,2,1645,2,0,2.7142857142857144,5.0,3.6666666666666665
0,0,1,39,0,0,2148,0,0,2.5714285714285716,1.3333333333333333,4.333333333333333
1,1,1,63,1,2,384,1,0,3.142857142857143,4.333333333333333,3.0
1,1,1,45,1,2,355,2,58,4.142857142857143,4.333333333333333,4.666666666666667
1,1,1,54,1,2,2901,2,0,4.0,4.333333333333333,4.0
0,0,1,45,1,0,1488,4,0,2.2857142857142856,1.0,3.3333333333333335
0,0,1,22,0,0,2706,5,0,3.0,2.6666666666666665,4.0
1,1,1,19,1,2,2721,3,0,4.0,5.0,4.0
1,0,1,59,1,2,2367,1,0,3.7142857142857144,4.0,3.0
0,0,1,66,0,0,2680,4,29,3.857142857142857,4.0,4.0
0,1,1,35,0,0,2700,4,1,4.0,3.0,4.333333333333333
1,0,1,59,1,2,1778,3,0,4.0,4.0,3.3333333333333335
1,1,0,22,1,2,3603,2,10,3.7142857142857144,2.0,2.3333333333333335
0,0,1,46,1,2,51,2,35,2.5714285714285716,2.6666666666666665,2.3333333333333335
0,0,1,59,0,0,1710,0,9,4.0,3.0,4.0
0,0,1,21,0,0,1963,4,0,3.4285714285714284,2.6666666666666665,3.6666666666666665
0,0,1,64,0,0,3080,5,0,3.142857142857143,2.0,4.0
1,0,1,57,1,0,1211,2,0,3.142857142857143,5.0,2.6666666666666665
1,0,1,45,1,2,3909,1,0,2.857142857142857,3.0,2.0
0,0,0,29,1,2,2229,3,48,3.2857142857142856,4.0,3.0
1,0,1,21,0,0,1978,5,0,4.285714285714286,3.0,4.0
0,0,0,38,1,0,1079,0,14,3.0,5.0,3.3333333333333335
0,0,1,60,1,2,448,1,37,2.142857142857143,2.0,1.6666666666666667
0,0,1,63,0,0,1870,4,0,4.285714285714286,5.0,4.333333333333333
0,1,0,21,1,0,1569,0,16,2.5714285714285716,3.6666666666666665,3.0
1,1,1,52,0,0,381,3,20,3.7142857142857144,4.0,3.3333333333333335
1,1,1,15,0,2,2446,3,7,3.4285714285714284,3.3333333333333335,3.3333333333333335
1,1,1,49,1,2,2331,5,20,2.2,3.0,1.6666666666666667
1,1,1,45,1,0,703,4,0,4.714285714285714,2.3333333333333335,4.0
1,1,1,69,0,0,1434,2,34,3.2857142857142856,4.0,3.3333333333333335
0,0,1,67,0,0,2357,5,0,2.7142857142857144,5.0,2.6666666666666665
1,0,1,63,0,0,1773,3,0,3.2857142857142856,3.0,3.6666666666666665
0,0,1,62,0,0,2697,4,0,2.5714285714285716,4.0,4.0
0,0,1,61,0,0,1767,1,6,3.0,1.0,3.3333333333333335
1,1,1,35,0,0,1663,3,0,3.5714285714285716,3.6666666666666665,3.6666666666666665
0,0,1,51,1,0,2068,2,0,3.142857142857143,2.0,2.0
1,0,1,52,1,2,2494,2,0,3.5714285714285716,3.0,3.3333333333333335
1,0,1,55,1,2,2065,1,0,3.5714285714285716,4.666666666666667,3.3333333333333335
0,0,1,7,0,0,1886,4,0,3.4285714285714284,2.0,3.3333333333333335
0,0,1,14,0,0,1655,5,0,2.5714285714285716,4.333333333333333,2.3333333333333335
1,0,1,53,1,2,3748,3,15,4.142857142857143,4.0,3.6666666666666665
1,0,1,26,1,2,1766,5,0,3.857142857142857,4.0,4.333333333333333
0,1,0,45,1,2,1565,2,15,3.4285714285714284,5.0,3.6666666666666665
0,0,1,19,0,0,1968,5,3,2.4285714285714284,3.0,3.0
0,0,1,74,1,0,1883,1,98,1.7142857142857142,1.0,2.0
0,0,1,39,0,0,2525,4,6,4.142857142857143,4.0,4.333333333333333
1,1,1,53,1,2,3733,4,2,4.2,4.333333333333333,3.0
1,0,1,27,1,2,2989,5,20,3.857142857142857,5.0,3.3333333333333335
1,0,1,44,1,2,938,5,0,4.142857142857143,3.6666666666666665,4.333333333333333
1,1,1,44,0,0,1133,5,0,3.5,2.0,4.0
1,0,1,41,0,1,2642,4,14,2.75,5.0,3.6666666666666665
0,0,1,64,1,0,900,3,6,2.857142857142857,2.0,2.6666666666666665
0,0,1,32,0,0,2473,5,72,3.2857142857142856,4.0,4.0
1,1,1,33,1,2,1129,1,0,3.5714285714285716,4.0,3.0
1,1,1,41,1,2,1759,3,40,3.5714285714285716,3.6666666666666665,3.3333333333333335
1,0,1,32,1,2,2647,5,0,3.2857142857142856,2.0,3.0
1,1,1,41,0,2,1181,2,0,3.4285714285714284,4.333333333333333,3.3333333333333335
0,1,0,43,1,0,1287,4,0,3.0,5.0,2.6666666666666665
1,1,1,51,1,2,692,3,0,3.857142857142857,4.333333333333333,4.0
0,0,1,41,1,0,1531,3,0,3.0,3.0,2.6666666666666665
0,0,1,67,0,0,2665,5,265,3.5714285714285716,4.333333333333333,4.666666666666667
1,1,1,35,1,2,2307,1,24,3.857142857142857,4.0,3.3333333333333335
0,0,1,36,0,0,2199,3,0,3.5714285714285716,5.0,1.6666666666666667
1,1,1,38,0,0,1582,4,0,4.428571428571429,4.0,3.0
1,1,1,45,0,1,426,1,14,3.142857142857143,2.0,3.6666666666666665
0,1,1,33,1,1,3488,2,0,2.857142857142857,3.0,2.6666666666666665
0,0,0,20,1,0,1887,0,2,3.2857142857142856,2.0,3.6666666666666665
0,0,1,55,0,0,1935,5,0,3.2857142857142856,3.0,3.3333333333333335
0,1,1,44,1,0,278,3,22,2.5714285714285716,3.0,2.3333333333333335
0,0,0,38,1,0,916,0,0,2.7142857142857144,4.0,3.0
1,1,1,51,0,0,354,1,13,3.142857142857143,3.0,2.6666666666666665
1,1,1,43,1,2,3076,4,0,3.7142857142857144,4.0,4.0
1,1,1,27,1,2,3452,2,13,4.142857142857143,4.0,4.0
1,1,1,19,0,0,2785,5,14,4.0,5.0,4.333333333333333
1,1,1,40,0,0,1689,1,0,4.0,4.0,3.0
1,1,1,52,0,0,560,3,12,4.0,3.0,4.333333333333333
1,0,1,33,1,1,1569,1,10,3.5714285714285716,4.0,2.3333333333333335
1,1,1,52,1,2,1622,4,0,4.285714285714286,4.0,4.333333333333333
1,1,1,68,0,0,1540,4,7,4.142857142857143,3.6666666666666665,4.0
0,1,0,39,1,2,3573,3,0,3.7142857142857144,3.0,3.6666666666666665
1,1,1,39,1,2,2422,2,9,3.5714285714285716,4.333333333333333,3.3333333333333335
1,1,1,22,1,2,3644,2,82,3.2857142857142856,4.0,2.0
0,0,1,65,0,0,1204,3,0,3.4285714285714284,5.0,3.0
0,1,1,44,0,0,522,5,45,3.857142857142857,4.666666666666667,4.0
1,1,1,43,1,2,3607,4,4,4.6,5.0,3.6666666666666665
1,1,1,59,0,0,305,5,0,4.428571428571429,4.0,4.666666666666667
1,1,1,30,1,2,3436,3,0,3.142857142857143,5.0,3.0
0,1,1,24,1,2,3701,5,0,2.7142857142857144,2.0,3.0
1,1,1,51,1,2,3671,5,0,4.142857142857143,4.0,3.6666666666666665
0,1,0,50,1,2,2245,1,0,2.4285714285714284,4.0,3.6666666666666665
1,0,1,49,1,2,1318,3,15,3.7142857142857144,4.0,4.0
0,0,1,23,0,0,2141,4,0,2.857142857142857,3.0,3.0
1,0,1,48,1,0,1970,1,0,3.4285714285714284,4.0,3.0
0,0,0,40,1,2,1426,1,22,2.5714285714285716,3.0,4.333333333333333
1,0,1,8,0,0,2515,3,0,3.2857142857142856,2.0,2.6666666666666665
1,0,1,50,1,2,1161,1,13,2.857142857142857,3.6666666666666665,2.6666666666666665
1,1,1,48,1,2,3850,1,0,3.4285714285714284,4.333333333333333,2.6666666666666665
0,0,0,29,1,0,2353,2,0,3.142857142857143,5.0,3.6666666666666665
0,0,0,32,1,0,1667,3,0,2.4285714285714284,2.0,2.6666666666666665
1,0,1,44,1,2,2340,3,0,4.142857142857143,4.333333333333333,3.6666666666666665
1,1,1,65,1,2,98,2,0,3.4285714285714284,3.0,3.6666666666666665
1,1,1,59,0,0,883,5,19,3.4285714285714284,2.6666666666666665,3.3333333333333335
0,0,1,55,1,1,2247,2,0,2.7142857142857144,2.0,2.6666666666666665
1,1,1,34,1,2,402,2,0,4.142857142857143,4.333333333333333,3.3333333333333335
1,1,1,24,1,0,2521,1,5,2.857142857142857,4.0,2.3333333333333335
1,1,1,34,1,2,620,1,3,3.4285714285714284,4.333333333333333,3.3333333333333335
1,0,1,54,1,0,1454,4,0,4.142857142857143,5.0,3.6666666666666665
0,0,1,58,1,2,1557,3,11,4.0,3.0,2.6666666666666665
1,1,1,65,0,0,2484,3,0,4.0,5.0,4.333333333333333
0,1,1,38,1,0,1190,1,0,2.4285714285714284,3.0,2.6666666666666665
0,1,1,45,0,1,2075,5,160,4.142857142857143,4.333333333333333,4.333333333333333
1,0,1,30,1,2,3795,2,0,3.0,4.0,3.0
1,1,0,18,1,0,1065,0,0,4.285714285714286,3.6666666666666665,4.0
0,1,1,33,0,0,2500,3,151,2.142857142857143,1.0,2.6666666666666665
0,0,1,34,0,0,1735,1,0,1.7142857142857142,4.0,2.6666666666666665
1,1,1,52,1,2,2495,1,13,3.2857142857142856,4.0,3.0
1,0,1,51,1,2,250,4,0,4.142857142857143,4.333333333333333,3.6666666666666665
1,1,1,53,1,2,2692,3,0,3.7142857142857144,4.333333333333333,3.0
0,0,1,11,0,0,1601,5,7,1.8571428571428572,2.0,2.6666666666666665
1,1,1,37,1,2,1625,2,0,4.0,4.333333333333333,3.0
1,1,1,38,1,2,57,4,0,3.857142857142857,3.3333333333333335,3.0
1,1,1,62,0,0,1523,1,80,3.4285714285714284,4.333333333333333,3.3333333333333335
0,0,0,25,1,2,1823,4,11,2.4285714285714284,2.0,3.6666666666666665
1,1,0,12,1,0,1988,4,0,3.142857142857143,2.0,4.0
1,1,1,43,1,2,622,4,41,4.571428571428571,4.333333333333333,4.666666666666667
1,0,1,51,1,2,1726,3,0,3.4285714285714284,4.333333333333333,3.3333333333333335
0,0,1,62,0,0,2293,1,1,2.4285714285714284,5.0,3.0
0,1,1,32,1,0,1076,4,0,2.5714285714285716,2.0,3.3333333333333335
1,1,1,16,0,0,2264,4,21,3.7142857142857144,2.6666666666666665,4.333333333333333
0,1,0,21,1,0,2139,1,0,2.5714285714285716,2.3333333333333335,4.0
0,0,1,69,0,0,3683,5,0,3.7142857142857144,3.0,3.3333333333333335
1,1,0,24,1,2,1889,0,0,4.285714285714286,3.0,3.6666666666666665
1,1,1,35,0,0,1958,5,0,3.5714285714285716,4.0,3.3333333333333335
1,1,0,26,1,0,2017,3,0,4.142857142857143,4.0,3.3333333333333335
0,1,1,38,1,2,234,3,0,2.0,1.3333333333333333,3.0
0,0,1,48,0,0,2532,5,0,3.142857142857143,5.0,4.0
1,1,1,25,1,0,1776,1,56,4.428571428571429,5.0,2.3333333333333335
0,0,0,34,1,2,1853,3,20,3.4285714285714284,2.0,3.3333333333333335
1,0,1,52,1,2,573,3,0,2.857142857142857,4.0,2.6666666666666665
1,1,1,24,0,0,2638,4,1,4.142857142857143,4.0,3.6666666666666665
0,0,1,47,0,0,2800,5,28,2.142857142857143,1.0,3.6666666666666665
0,0,1,52,1,2,3329,3,0,1.7142857142857142,2.3333333333333335,1.6666666666666667
0,0,0,26,1,0,991,4,0,2.857142857142857,3.0,2.0
1,1,1,43,1,2,1110,3,24,3.4285714285714284,4.0,3.3333333333333335
0,1,1,8,0,0,2173,4,210,2.4285714285714284,1.6666666666666667,3.0
1,1,1,35,1,2,273,3,0,4.285714285714286,4.0,4.0
0,0,1,53,1,0,1577,2,4,2.2857142857142856,1.0,3.3333333333333335
0,0,1,17,0,0,3445,4,0,2.2857142857142856,1.0,2.3333333333333335
1,0,1,11,0,0,1790,4,0,4.142857142857143,5.0,3.3333333333333335
0,0,1,23,0,0,1721,4,0,2.5714285714285716,3.6666666666666665,3.3333333333333335
0,0,0,32,1,0,1511,5,0,2.5714285714285716,5.0,4.0
0,1,0,29,1,1,2572,3,144,2.7142857142857144,3.0,3.6666666666666665
0,0,1,24,0,0,2118,4,0,2.7142857142857144,4.333333333333333,2.3333333333333335
1,1,1,34,0,0,1109,5,0,4.142857142857143,3.3333333333333335,4.333333333333333
1,1,1,43,1,2,338,4,0,4.285714285714286,4.333333333333333,4.0
0,0,1,9,0,0,2202,4,13,1.5714285714285714,3.0,3.0
1,0,1,58,1,2,3172,3,64,4.0,4.0,4.0
1,1,1,52,1,2,2981,4,0,4.714285714285714,4.666666666666667,4.333333333333333
0,1,0,21,1,0,1738,3,0,2.7142857142857144,1.0,3.6666666666666665
1,1,1,20,0,0,1625,5,14,3.0,3.6666666666666665,4.0
0,0,0,13,1,0,2218,2,0,2.7142857142857144,2.0,4.666666666666667
0,0,1,18,0,0,2197,2,0,3.142857142857143,5.0,4.333333333333333
0,0,1,24,1,2,3139,1,0,1.8571428571428572,2.0,2.0
0,1,0,57,1,0,1246,0,0,3.0,5.0,3.0
1,0,1,51,1,2,342,1,0,3.0,2.6666666666666665,2.3333333333333335
1,1,1,17,0,0,2775,5,0,3.8,3.6666666666666665,3.0
1,1,1,42,1,2,674,4,6,4.571428571428571,4.0,4.666666666666667
0,0,1,19,0,0,2707,4,0,4.0,3.6666666666666665,4.333333333333333
1,1,1,13,0,0,4589,0,13,4.4,4.333333333333333,3.6666666666666665
0,0,1,7,0,0,1986,4,0,3.2857142857142856,2.0,3.0
1,1,1,16,0,0,2018,2,0,3.7142857142857144,4.333333333333333,3.6666666666666665
0,0,1,53,0,0,1733,5,58,2.857142857142857,2.0,4.0
0,1,1,59,1,2,1098,1,0,1.5714285714285714,2.0,1.3333333333333333
1,1,1,52,1,2,2114,1,30,3.0,4.333333333333333,3.3333333333333335
1,0,1,39,1,2,3333,3,0,4.142857142857143,3.6666666666666665,4.0
1,1,1,31,1,0,1409,0,0,2.0,3.0,2.0
0,1,0,22,1,0,2547,3,0,2.2857142857142856,3.0,2.0
1,0,1,68,1,2,86,3,0,3.7142857142857144,3.0,3.3333333333333335
0,1,1,22,1,2,1609,3,0,2.7142857142857144,3.0,2.3333333333333335
0,0,1,47,0,0,2025,1,0,2.4285714285714284,2.6666666666666665,3.0
1,0,1,51,1,2,3948,5,0,4.428571428571429,4.333333333333333,4.0
0,0,1,46,1,0,1417,1,2,2.2857142857142856,2.0,2.3333333333333335
1,1,0,21,1,0,1567,0,0,4.142857142857143,2.0,3.6666666666666665
0,0,0,11,1,0,1811,4,6,2.0,2.0,4.0
1,1,1,40,0,0,3524,4,0,4.142857142857143,4.666666666666667,3.6666666666666665
1,0,1,37,1,2,2083,4,0,3.4285714285714284,2.6666666666666665,3.0
1,0,0,27,1,2,1974,5,12,3.857142857142857,1.3333333333333333,4.333333333333333
1,1,1,27,0,2,1411,5,0,3.857142857142857,3.0,3.0
0,0,0,23,1,0,2370,1,0,2.4285714285714284,4.0,4.0
1,0,1,51,1,0,2355,3,0,3.0,4.0,3.0
1,0,1,43,1,2,3734,3,0,3.7142857142857144,4.333333333333333,3.6666666666666665
1,0,1,51,1,0,2692,2,30,3.857142857142857,5.0,2.3333333333333335
0,1,1,47,1,2,352,3,0,1.7142857142857142,1.6666666666666667,2.6666666666666665
1,0,1,47,1,2,1858,5,0,3.5714285714285716,4.666666666666667,4.333333333333333
1,0,1,50,1,2,3422,5,5,4.428571428571429,3.6666666666666665,4.333333333333333
1,0,1,45,1,2,2914,4,25,4.285714285714286,4.333333333333333,4.333333333333333
0,1,1,48,1,2,2291,3,50,2.0,2.6666666666666665,2.6666666666666665
0,0,1,26,0,0,1397,0,0,3.5714285714285716,5.0,2.3333333333333335
1,0,1,41,1,2,216,2,0,3.2857142857142856,4.333333333333333,3.0
0,1,0,18,1,0,1681,1,0,3.2857142857142856,3.6666666666666665,3.6666666666666665
1,1,1,27,0,0,1626,0,60,4.8,4.333333333333333,5.0
0,1,1,25,1,1,1408,4,37,2.857142857142857,2.3333333333333335,4.0
0,0,1,67,0,1,2923,1,3,3.0,4.0,3.0
1,1,1,58,0,1,716,4,0,3.857142857142857,4.333333333333333,3.6666666666666665
1,0,1,51,1,2,2048,2,8,3.5714285714285716,4.0,3.3333333333333335
0,0,1,44,0,0,1913,1,65,2.5714285714285716,5.0,2.0
1,1,1,36,0,0,1495,4,34,3.857142857142857,4.0,4.666666666666667
0,0,1,7,0,2,2202,5,61,4.285714285714286,4.0,2.6666666666666665
0,1,0,23,1,0,1668,2,0,2.5714285714285716,4.0,3.0
0,1,1,50,1,0,1932,1,0,1.7142857142857142,3.3333333333333335,1.6666666666666667
0,0,1,68,0,0,2826,5,0,2.857142857142857,4.0,4.333333333333333
1,0,1,9,1,2,2166,1,0,2.2857142857142856,3.0,2.0
0,0,1,38,1,2,906,1,0,3.857142857142857,3.6666666666666665,3.0
1,0,1,44,1,2,3410,4,0,4.571428571428571,4.333333333333333,4.666666666666667
0,1,0,21,1,0,1380,2,27,2.2857142857142856,1.0,3.3333333333333335
1,1,1,54,1,2,634,3,1,4.285714285714286,4.666666666666667,4.0
0,0,1,72,1,0,4360,4,0,2.0,2.3333333333333335,3.0
0,0,0,22,1,0,1643,0,2,2.2857142857142856,5.0,3.3333333333333335
0,1,1,80,1,1,560,3,0,2.857142857142857,3.0,3.0
1,1,1,46,1,2,2602,3,0,4.285714285714286,4.666666666666667,3.6666666666666665
0,0,1,62,0,0,1734,2,46,2.142857142857143,4.0,3.3333333333333335
1,0,1,23,1,0,2310,5,0,4.0,5.0,2.6666666666666665
0,1,1,33,1,2,989,0,33,2.6,3.0,2.3333333333333335
1,1,1,8,0,0,2811,2,0,3.857142857142857,4.0,3.6666666666666665
0,0,1,22,0,0,2339,5,7,2.857142857142857,4.0,3.0
1,1,1,24,1,2,2787,3,14,4.0,4.0,2.6666666666666665
1,1,1,34,1,2,3166,3,0,4.8,4.333333333333333,4.666666666666667
0,0,1,59,0,0,1131,3,5,3.4285714285714284,1.0,3.0
1,0,1,40,1,2,3009,3,0,4.428571428571429,4.666666666666667,4.333333333333333
0,0,1,39,1,0,2383,5,0,2.142857142857143,2.0,3.0
0,1,0,37,1,0,1493,1,0,1.2857142857142858,2.0,2.3333333333333335
1,1,1,35,1,0,2406,4,0,4.142857142857143,4.0,3.6666666666666665
1,1,1,12,1,2,4337,1,0,2.857142857142857,4.0,1.0
1,1,1,40,1,2,606,2,20,4.142857142857143,4.333333333333333,4.0
1,1,1,41,1,2,2152,3,19,3.7142857142857144,4.333333333333333,4.0
0,0,0,24,1,0,1617,4,43,3.4285714285714284,5.0,3.6666666666666665
1,0,0,22,1,0,1674,0,0,4.428571428571429,5.0,2.3333333333333335
0,0,1,59,0,0,1736,4,0,3.2857142857142856,3.0,2.6666666666666665
1,1,1,45,1,2,1820,3,22,4.0,4.0,4.333333333333333
0,1,1,38,1,2,3182,2,0,2.142857142857143,2.6666666666666665,2.3333333333333335
0,0,0,34,1,0,1730,0,0,3.4285714285714284,3.0,2.0
0,0,1,39,0,0,2820,4,15,3.5714285714285716,2.3333333333333335,3.6666666666666665
0,0,0,25,1,0,2132,3,0,2.142857142857143,2.3333333333333335,2.3333333333333335
0,0,1,46,1,2,3209,5,0,2.4285714285714284,2.0,3.0
0,0,1,48,1,0,1848,4,14,2.7142857142857144,2.0,3.0
1,1,1,57,1,2,2321,5,59,4.142857142857143,3.6666666666666665,4.333333333333333
1,1,1,40,0,0,2494,1,0,2.5714285714285716,3.3333333333333335,2.6666666666666665
0,0,1,14,1,2,2082,2,5,2.2857142857142856,2.0,2.0
1,1,1,48,1,2,775,3,0,3.857142857142857,4.333333333333333,3.6666666666666665
0,1,1,28,1,1,2100,5,27,2.7142857142857144,2.0,4.333333333333333
1,0,1,41,1,2,2930,4,0,4.142857142857143,4.333333333333333,3.6666666666666665
1,1,1,35,1,2,3522,3,11,4.285714285714286,4.0,3.6666666666666665
0,0,1,58,0,0,1737,5,6,2.857142857142857,2.0,3.3333333333333335
1,1,1,7,0,0,2311,0,56,2.0,3.3333333333333335,3.3333333333333335
0,0,1,14,0,0,1824,2,73,2.4285714285714284,3.0,3.6666666666666665
1,1,1,42,1,2,1829,1,5,3.142857142857143,4.0,3.3333333333333335
1,0,1,34,1,2,1577,2,1,3.4285714285714284,3.6666666666666665,3.6666666666666665
0,0,1,49,0,0,3285,3,0,2.6,2.6666666666666665,3.3333333333333335
1,1,0,43,1,2,2217,4,39,4.0,2.0,3.6666666666666665
1,1,1,58,1,2,1872,5,0,4.285714285714286,3.6666666666666665,4.0
1,1,1,58,1,0,1193,2,0,3.5714285714285716,3.6666666666666665,4.0
0,1,0,26,1,0,2929,1,0,2.142857142857143,3.6666666666666665,2.6666666666666665
0,0,1,47,0,0,1155,4,0,2.857142857142857,4.0,3.6666666666666665
1,1,1,35,1,2,2362,5,0,4.571428571428571,5.0,5.0
0,0,1,14,0,0,1282,3,23,3.4285714285714284,2.0,1.6666666666666667
0,0,1,60,1,1,816,2,1,3.142857142857143,3.0,3.0
1,0,1,58,1,2,2997,5,45,4.142857142857143,4.333333333333333,5.0
1,1,1,51,1,2,1613,2,3,4.142857142857143,5.0,3.6666666666666665
1,1,1,49,1,0,468,1,0,3.4285714285714284,4.333333333333333,2.0
0,0,0,36,1,0,2126,2,0,1.8,2.0,3.6666666666666665
0,0,1,70,1,1,1590,1,39,2.0,1.0,1.6666666666666667
0,0,0,46,1,2,1879,5,0,4.571428571428571,5.0,3.6666666666666665
1,0,1,29,1,2,3913,4,9,3.142857142857143,4.0,3.3333333333333335
0,0,1,25,1,2,3372,1,20,2.142857142857143,1.0,2.0
1,0,0,27,1,2,1554,0,0,3.5,3.0,4.0
1,1,1,36,0,0,2183,4,41,4.571428571428571,5.0,4.333333333333333
0,0,1,70,1,2,1623,5,3,3.2857142857142856,2.6666666666666665,3.0
1,0,1,39,1,2,5721,3,151,4.428571428571429,5.0,3.0
0,0,1,8,0,0,1548,5,0,3.142857142857143,4.0,4.0
0,0,1,35,1,1,1808,3,4,2.857142857142857,2.0,2.6666666666666665
0,0,0,17,1,0,1558,4,26,3.142857142857143,1.0,4.0
1,0,0,23,1,2,2424,5,32,4.285714285714286,4.0,4.333333333333333
1,0,1,21,1,2,2779,5,119,4.714285714285714,5.0,4.333333333333333
0,0,1,45,1,2,2994,4,5,4.0,3.0,3.3333333333333335
0,0,1,12,0,0,1682,1,0,3.142857142857143,4.0,2.6666666666666665
1,0,1,46,1,2,2685,4,0,3.5714285714285716,3.6666666666666665,3.0
0,0,1,29,1,2,3645,3,3,3.5714285714285716,4.0,3.3333333333333335
0,1,0,40,1,2,3112,2,8,3.142857142857143,2.0,4.0
1,0,0,24,1,2,2949,4,3,4.428571428571429,3.0,3.6666666666666665
1,1,1,37,0,0,2694,5,11,4.428571428571429,4.0,4.666666666666667
0,0,1,47,0,0,2826,5,0,3.2857142857142856,5.0,2.6666666666666665
0,0,1,64,1,0,2521,3,0,2.5714285714285716,1.0,3.6666666666666665
1,0,1,28,1,2,2052,5,0,4.285714285714286,4.0,4.333333333333333
0,0,1,28,0,0,1985,4,37,2.7142857142857144,1.0,3.6666666666666665
1,1,0,39,1,2,1315,2,25,2.4285714285714284,3.6666666666666665,3.0
1,1,1,53,1,0,754,1,20,3.5714285714285716,4.0,2.3333333333333335
1,1,1,46,1,2,2691,3,8,3.2857142857142856,4.333333333333333,3.3333333333333335
0,0,1,36,0,1,1420,5,0,2.4285714285714284,2.3333333333333335,2.6666666666666665
1,0,1,56,1,2,2753,2,19,3.2857142857142856,4.0,3.3333333333333335
0,1,1,59,1,2,325,2,24,2.7142857142857144,3.3333333333333335,2.0
0,0,1,47,1,0,1890,4,0,2.7142857142857144,2.0,2.6666666666666665
0,1,0,20,1,0,2278,4,0,3.4285714285714284,5.0,3.6666666666666665
1,0,1,39,1,2,1644,5,75,4.0,4.0,4.333333333333333
1,0,1,45,1,2,2270,2,0,3.4285714285714284,5.0,3.6666666666666665
0,1,0,65,0,0,1947,1,0,2.4285714285714284,4.0,4.0
1,1,1,48,1,2,2385,1,30,3.0,4.333333333333333,3.3333333333333335
0,0,1,50,1,0,2347,5,0,2.857142857142857,2.0,3.6666666666666665
0,0,0,34,1,0,1515,0,56,2.7142857142857144,2.6666666666666665,1.6666666666666667
0,0,1,42,1,0,1363,3,0,2.7142857142857144,1.0,3.3333333333333335
1,0,1,33,1,2,5237,2,0,3.2857142857142856,5.0,3.0
0,0,0,33,1,2,4012,4,10,3.857142857142857,2.0,3.0
0,1,1,59,0,1,341,5,0,2.857142857142857,3.3333333333333335,3.0
0,1,1,16,1,0,2805,2,12,2.142857142857143,1.3333333333333333,2.3333333333333335
1,0,1,39,1,2,3519,4,8,4.714285714285714,4.0,3.3333333333333335
1,1,1,61,1,2,3933,1,0,2.857142857142857,3.3333333333333335,2.6666666666666665
0,1,1,59,1,0,424,4,23,2.7142857142857144,3.0,3.3333333333333335
0,1,1,53,1,2,271,4,60,2.142857142857143,2.3333333333333335,2.0
1,1,1,44,1,2,1020,2,31,3.5714285714285716,4.333333333333333,3.3333333333333335
0,0,1,36,1,2,2772,5,0,3.4285714285714284,3.0,3.3333333333333335
0,1,0,22,1,0,1664,2,14,3.0,3.0,3.6666666666666665
0,0,1,25,1,2,4404,1,6,2.2857142857142856,3.0,1.3333333333333333
1,1,1,51,1,2,3886,3,1,3.5714285714285716,4.333333333333333,3.6666666666666665
0,0,1,69,1,2,2224,1,1,1.7142857142857142,3.0,2.0
0,0,1,47,0,1,1798,1,16,3.0,4.0,3.3333333333333335
1,1,1,29,1,2,2537,4,3,3.142857142857143,4.0,2.0
0,0,1,64,1,1,1687,3,27,2.142857142857143,2.0,2.6666666666666665
1,0,0,18,1,0,2746,4,133,3.7142857142857144,2.6666666666666665,3.6666666666666665
1,1,1,50,1,0,553,5,0,4.714285714285714,4.333333333333333,4.0
1,1,1,43,1,2,4190,2,141,3.5714285714285716,4.666666666666667,4.0
1,0,1,48,1,2,375,2,2,3.4285714285714284,4.333333333333333,3.0
0,0,1,7,0,0,2098,4,0,2.142857142857143,3.3333333333333335,3.3333333333333335
0,0,1,56,0,0,4058,4,0,2.857142857142857,4.333333333333333,4.666666666666667
0,1,1,64,0,0,1124,5,0,3.5714285714285716,4.0,3.0
1,1,1,44,0,0,671,1,0,3.0,4.0,3.3333333333333335
0,0,1,56,0,0,2987,2,9,3.2857142857142856,4.0,2.6666666666666665
1,0,1,57,1,0,2744,5,0,4.285714285714286,5.0,3.6666666666666665
0,0,1,53,0,0,2224,4,0,3.2857142857142856,1.0,3.6666666666666665
1,0,1,45,1,2,3741,5,12,3.7142857142857144,2.3333333333333335,3.6666666666666665
1,1,1,26,0,0,1195,3,0,4.428571428571429,4.333333333333333,4.333333333333333
1,0,1,41,1,2,3973,3,19,4.142857142857143,4.333333333333333,4.333333333333333
1,1,1,50,1,2,605,5,0,4.714285714285714,4.333333333333333,4.666666666666667
1,0,1,35,1,2,277,0,18,3.8,4.333333333333333,4.0
0,1,0,47,1,0,1538,0,0,1.7142857142857142,3.0,3.0
0,0,1,30,0,0,1917,4,0,4.142857142857143,5.0,4.0
1,0,1,39,1,2,4002,4,0,4.285714285714286,4.333333333333333,4.333333333333333
0,0,1,42,0,0,1620,3,0,3.0,3.0,3.3333333333333335
1,0,1,23,1,2,2379,2,0,3.0,4.0,3.0
0,1,1,49,1,0,559,3,0,2.5714285714285716,3.3333333333333335,2.3333333333333335
1,0,1,46,1,2,2546,3,8,3.4285714285714284,3.0,4.333333333333333
1,1,1,52,1,2,676,5,0,4.285714285714286,4.666666666666667,4.333333333333333
1,1,1,35,0,2,1634,4,0,3.2857142857142856,3.3333333333333335,3.6666666666666665
1,1,0,21,1,2,1706,0,0,3.142857142857143,5.0,4.0
0,1,1,54,1,2,223,3,0,3.0,2.6666666666666665,2.0
1,1,1,37,1,2,1833,1,2,2.4285714285714284,3.6666666666666665,2.3333333333333335
0,1,0,23,1,0,1116,4,0,3.7142857142857144,5.0,3.3333333333333335
1,1,1,15,0,0,2421,5,0,4.285714285714286,4.333333333333333,4.666666666666667
0,0,1,45,0,0,4236,4,0,2.7142857142857144,4.0,3.3333333333333335
1,1,1,16,1,0,3454,5,0,4.285714285714286,4.666666666666667,5.0
1,0,1,35,1,2,455,4,0,3.857142857142857,4.666666666666667,4.666666666666667
1,1,1,14,0,0,2480,5,0,4.142857142857143,4.0,4.333333333333333
0,1,0,30,1,0,1677,2,0,3.142857142857143,4.0,3.3333333333333335
0,1,0,38,1,2,1723,2,0,2.2857142857142856,4.0,3.6666666666666665
1,0,1,38,1,2,2625,3,14,4.0,5.0,4.0
1,0,1,32,1,2,1499,1,21,3.2857142857142856,4.0,3.3333333333333335
0,0,0,42,1,2,1823,3,0,4.0,3.6666666666666665,3.3333333333333335
1,1,1,45,1,2,3227,1,0,3.2857142857142856,4.333333333333333,3.0
1,0,1,53,1,2,3402,3,20,3.7142857142857144,3.6666666666666665,3.6666666666666665
1,1,1,29,0,0,2097,2,9,2.857142857142857,4.0,2.3333333333333335
0,0,1,42,1,1,2952,4,3,1.8571428571428572,2.0,2.6666666666666665
1,0,1,42,1,2,3130,5,3,3.4285714285714284,3.3333333333333335,4.0
1,1,1,67,0,0,643,1,8,2.5714285714285716,3.3333333333333335,2.3333333333333335
0,0,0,41,1,2,2163,3,178,2.7142857142857144,2.3333333333333335,4.0
0,0,1,60,0,1,2327,2,0,3.142857142857143,5.0,3.3333333333333335
0,0,0,41,1,0,1630,1,0,2.857142857142857,3.0,3.0
1,1,1,24,0,0,2959,1,4,2.857142857142857,4.0,2.3333333333333335
1,1,1,34,1,2,1929,3,0,4.285714285714286,4.666666666666667,3.6666666666666665
1,0,1,30,1,1,1659,3,0,3.5714285714285716,5.0,3.6666666666666665
0,0,1,50,0,0,1791,4,0,3.142857142857143,5.0,3.0
1,1,1,48,1,2,464,1,0,3.2857142857142856,2.6666666666666665,2.6666666666666665
0,1,1,34,1,2,1953,4,0,1.8571428571428572,3.0,2.0
0,1,1,28,1,2,2054,1,52,2.857142857142857,3.0,2.0
1,0,1,39,1,2,1661,0,0,2.4,3.3333333333333335,2.3333333333333335
0,1,1,43,1,2,3840,5,4,3.0,2.3333333333333335,3.3333333333333335
1,1,1,18,0,0,2609,3,0,4.0,4.333333333333333,4.0
1,1,1,39,1,2,4007,3,0,3.5714285714285716,3.3333333333333335,3.0
1,0,1,54,1,2,1919,5,29,3.857142857142857,3.6666666666666665,4.0
1,1,1,46,1,2,209,5,5,4.857142857142857,5.0,5.0
0,0,1,41,1,2,1290,5,0,3.4285714285714284,3.3333333333333335,3.0
1,1,1,42,1,2,2747,3,0,4.285714285714286,4.333333333333333,3.6666666666666665
0,1,0,55,1,0,1375,0,0,2.857142857142857,1.0,3.6666666666666665
0,1,1,30,1,1,1935,3,11,3.0,4.0,3.6666666666666665
0,0,1,7,0,0,1726,5,0,3.7142857142857144,2.0,4.666666666666667
1,0,1,56,1,2,3676,3,0,3.142857142857143,4.0,3.3333333333333335
0,0,1,66,0,0,2057,2,0,3.2857142857142856,4.0,1.3333333333333333
1,0,1,45,1,0,2053,3,0,4.0,5.0,2.3333333333333335
1,0,1,44,1,2,362,3,0,3.4285714285714284,3.6666666666666665,3.3333333333333335
1,1,1,44,1,2,3358,1,7,3.0,4.0,3.3333333333333335
0,0,1,28,0,0,2836,5,9,4.0,4.0,4.0
1,0,1,57,1,2,306,4,0,4.142857142857143,5.0,4.0
0,0,0,40,1,0,1637,0,0,2.7142857142857144,5.0,2.6666666666666665
1,1,1,58,1,2,630,4,0,4.285714285714286,4.666666666666667,4.0
1,1,1,48,1,2,239,2,0,2.857142857142857,2.6666666666666665,3.0
1,1,1,53,1,2,1177,4,11,3.7142857142857144,4.0,3.6666666666666665
0,0,1,49,1,0,2774,4,0,2.5714285714285716,2.0,2.6666666666666665
0,0,0,18,1,0,2187,3,0,3.4285714285714284,3.0,4.0
0,1,1,22,1,2,2752,3,4,2.2857142857142856,1.0,2.6666666666666665
0,0,1,46,0,0,2161,5,8,2.142857142857143,1.0,3.0
0,1,0,24,1,0,1737,0,0,3.4285714285714284,4.0,3.6666666666666665
0,0,1,49,1,2,3910,5,0,2.4285714285714284,2.6666666666666665,3.0
0,0,0,27,1,0,2567,1,184,2.5714285714285716,4.333333333333333,3.6666666666666665
0,1,0,27,1,0,1913,3,0,2.5714285714285716,1.0,3.3333333333333335
0,1,1,38,1,0,1827,4,0,2.857142857142857,2.0,3.0
1,1,1,13,0,0,2751,5,0,4.142857142857143,3.0,5.0
1,0,1,52,1,2,302,0,0,3.2,4.666666666666667,2.6666666666666665
1,1,1,49,0,0,309,1,0,3.5714285714285716,5.0,3.3333333333333335
1,1,1,50,1,2,290,3,57,4.285714285714286,4.333333333333333,4.333333333333333
0,1,0,27,1,1,1815,2,1,2.142857142857143,1.0,3.3333333333333335
1,0,0,46,1,2,2039,5,0,4.142857142857143,3.6666666666666665,3.0
0,1,1,59,0,0,251,5,25,4.6,4.333333333333333,3.6666666666666665
0,0,1,39,1,1,2037,1,5,3.7142857142857144,4.0,2.6666666666666665
0,1,0,15,1,0,2739,3,0,3.4285714285714284,2.0,3.6666666666666665
0,1,1,41,0,0,1301,5,8,2.857142857142857,2.0,2.3333333333333335
0,0,1,50,0,0,1989,4,0,3.4285714285714284,3.3333333333333335,2.3333333333333335
1,1,1,35,0,0,2102,2,5,3.2857142857142856,4.0,3.0
0,0,1,25,0,0,1831,4,0,2.857142857142857,2.0,3.0
1,0,1,64,1,2,2512,3,4,3.857142857142857,4.333333333333333,3.6666666666666665
1,1,1,46,0,0,401,5,0,4.428571428571429,4.0,4.0
0,1,1,21,0,0,1481,5,24,3.857142857142857,5.0,3.6666666666666665
0,0,1,30,1,2,2694,1,81,2.7142857142857144,4.0,2.6666666666666665
1,1,1,24,1,2,5532,0,52,2.4,2.6666666666666665,4.0
1,0,0,37,1,2,1534,5,0,4.0,3.0,5.0
0,1,1,35,1,1,2138,2,134,2.142857142857143,1.0,2.3333333333333335
0,1,0,26,1,0,1219,3,0,3.142857142857143,5.0,2.6666666666666665
1,1,1,41,1,0,2528,5,0,4.571428571428571,5.0,2.6666666666666665
0,1,1,20,1,1,1731,4,45,3.2857142857142856,3.0,3.0
0,0,1,58,0,0,2123,4,0,3.142857142857143,3.0,4.666666666666667
1,1,1,40,1,2,768,1,6,3.5714285714285716,4.333333333333333,3.3333333333333335
1,0,1,36,1,2,1072,1,17,3.142857142857143,4.0,3.3333333333333335
0,0,1,38,1,2,3514,5,4,2.857142857142857,1.6666666666666667,3.3333333333333335
0,0,1,63,1,2,436,1,0,2.857142857142857,3.3333333333333335,2.0
0,0,1,60,0,0,2034,4,0,2.5714285714285716,4.0,4.333333333333333
0,0,0,40,1,2,3038,1,0,2.4285714285714284,2.0,3.6666666666666665
0,0,0,36,1,0,1886,0,53,3.0,2.0,3.0
0,1,1,39,1,1,2320,3,14,2.857142857142857,3.0,2.6666666666666665
0,0,1,40,0,0,1999,5,0,2.7142857142857144,2.3333333333333335,3.3333333333333335
1,1,1,11,0,0,2745,5,0,3.5714285714285716,2.6666666666666665,3.0
1,1,0,26,1,2,2040,5,6,4.142857142857143,3.0,3.6666666666666665
1,1,1,48,1,2,3180,2,4,3.5714285714285716,3.6666666666666665,3.3333333333333335
1,0,1,47,1,2,2601,5,1,5.0,5.0,5.0
0,0,1,70,0,0,1692,1,0,1.4285714285714286,1.0,3.3333333333333335
0,0,1,19,0,0,1504,4,1,3.857142857142857,3.0,4.666666666666667
0,0,1,23,0,0,2008,0,1,3.2857142857142856,1.0,3.3333333333333335
0,1,1,60,0,0,643,1,0,4.0,3.3333333333333335,3.3333333333333335
0,1,1,24,1,0,2652,1,0,3.0,2.3333333333333335,2.6666666666666665
1,1,1,56,1,2,64,5,0,3.4285714285714284,3.6666666666666665,3.3333333333333335
0,0,1,62,0,0,1288,1,0,2.857142857142857,4.333333333333333,3.0
1,0,1,37,1,2,1998,3,0,4.0,4.666666666666667,3.6666666666666665
1,0,1,16,0,0,2782,3,0,4.0,4.0,3.3333333333333335
1,1,1,20,1,2,3197,1,0,3.142857142857143,5.0,3.6666666666666665
1,1,1,37,0,0,1887,5,6,4.571428571428571,4.333333333333333,4.333333333333333
1,0,1,39,1,2,3625,5,2,4.714285714285714,5.0,5.0
1,1,1,30,1,2,1348,3,3,3.142857142857143,4.0,2.6666666666666665
0,0,1,64,0,0,2397,0,0,3.5714285714285716,1.0,3.0
1,1,1,29,1,2,2524,2,0,3.2857142857142856,4.0,2.6666666666666665
0,0,1,22,1,2,2409,1,0,2.857142857142857,3.0,2.6666666666666665
0,0,1,45,0,0,2167,4,0,2.0,1.0,2.6666666666666665
1,0,1,40,1,2,2476,3,5,3.7142857142857144,4.0,4.0
1,1,1,38,1,1,2133,2,56,3.142857142857143,4.0,3.0
1,0,1,24,1,2,2576,3,0,2.857142857142857,2.0,3.3333333333333335
1,1,1,40,0,0,3467,2,20,3.7142857142857144,4.333333333333333,3.6666666666666665
0,0,0,50,1,0,2028,0,69,2.4285714285714284,2.0,1.6666666666666667
0,1,0,27,1,0,1762,3,82,3.0,4.0,3.3333333333333335
1,0,1,62,1,2,2778,1,16,3.142857142857143,3.6666666666666665,3.3333333333333335
0,1,1,49,1,0,610,3,0,2.5714285714285716,3.0,3.0
0,0,1,30,1,2,5208,3,0,2.4285714285714284,1.0,3.3333333333333335
1,1,1,27,0,0,2061,5,0,3.142857142857143,3.0,3.3333333333333335
0,0,1,50,0,0,2744,5,0,3.142857142857143,3.6666666666666665,4.0
1,0,1,22,1,2,2856,1,22,3.2857142857142856,4.0,3.0
1,1,1,27,1,2,3838,1,0,2.7142857142857144,2.0,3.6666666666666665
1,1,1,67,0,0,512,5,0,4.714285714285714,4.333333333333333,3.3333333333333335
0,1,1,49,1,0,1056,2,0,2.2857142857142856,2.3333333333333335,2.3333333333333335
1,1,1,35,1,2,2027,0,0,2.6,3.3333333333333335,2.6666666666666665
0,1,1,8,0,0,1819,5,0,3.7142857142857144,4.0,3.0
1,0,1,57,1,2,309,0,25,4.4,4.666666666666667,3.3333333333333335
0,1,0,35,1,0,1574,3,52,3.857142857142857,4.0,3.0
1,1,1,44,0,0,270,4,0,4.428571428571429,4.0,4.666666666666667
1,1,1,37,1,2,382,3,0,3.2857142857142856,5.0,4.0
0,0,1,35,0,0,1195,5,11,3.857142857142857,4.0,3.6666666666666665
1,1,1,56,1,2,2518,4,29,4.285714285714286,4.333333333333333,4.0
1,1,1,59,1,2,2405,5,0,4.714285714285714,4.0,4.0
1,0,1,28,1,1,1759,1,0,4.142857142857143,5.0,2.0
0,1,0,43,1,2,2149,4,0,4.142857142857143,5.0,2.6666666666666665
1,1,1,55,1,2,412,3,11,3.0,2.3333333333333335,2.6666666666666665
0,0,1,43,1,0,4163,1,11,2.5714285714285716,3.3333333333333335,2.6666666666666665
1,1,1,48,1,2,3585,5,0,4.428571428571429,4.333333333333333,4.666666666666667
1,0,1,47,1,2,1116,3,0,4.285714285714286,3.3333333333333335,3.3333333333333335
1,0,1,32,1,2,2946,4,93,4.285714285714286,4.0,3.6666666666666665
1,1,1,32,0,0,1284,1,3,2.7142857142857144,5.0,1.3333333333333333
1,0,0,22,1,0,2398,5,0,4.428571428571429,4.0,3.6666666666666665
1,1,1,23,0,1,1728,3,7,3.2857142857142856,2.0,4.0
1,0,1,25,1,2,3451,2,0,4.0,4.0,3.0
0,0,1,37,1,2,1843,2,23,2.0,2.3333333333333335,1.6666666666666667
0,0,1,42,1,2,396,5,0,3.0,3.3333333333333335,2.6666666666666665
1,0,1,55,0,0,1916,5,0,3.857142857142857,5.0,3.3333333333333335
1,1,1,63,0,0,951,1,0,3.5714285714285716,4.333333333333333,3.3333333333333335
1,1,1,52,1,2,1013,5,0,4.142857142857143,4.666666666666667,4.0
0,0,1,54,1,2,1800,4,0,3.4285714285714284,2.3333333333333335,3.0
0,0,0,29,1,2,2641,3,7,3.2857142857142856,1.0,4.0
1,0,1,32,1,2,2610,5,77,4.0,4.0,5.0
1,1,1,41,1,2,108,3,0,3.2857142857142856,3.6666666666666665,3.0
0,1,0,37,1,2,1606,1,30,2.7142857142857144,5.0,3.0
0,0,1,37,0,0,2855,4,4,2.4285714285714284,2.0,1.6666666666666667
1,0,0,39,1,0,1799,1,0,3.857142857142857,2.0,2.6666666666666665
0,0,0,24,1,0,1169,3,0,2.0,3.0,3.3333333333333335
0,0,1,18,0,0,2885,5,212,3.5714285714285716,1.6666666666666667,3.0
1,0,1,39,1,2,3359,5,0,1.8571428571428572,3.0,1.6666666666666667
1,1,1,29,0,0,1683,4,1,3.857142857142857,4.666666666666667,4.666666666666667
1,1,1,50,1,2,972,4,30,3.2857142857142856,4.0,3.3333333333333335
0,1,1,20,1,2,5141,3,160,3.0,2.3333333333333335,3.0
0,0,1,41,0,0,2561,4,0,3.2857142857142856,4.0,3.6666666666666665
0,0,1,47,0,1,3064,3,52,2.2857142857142856,3.0,3.0
1,1,1,30,0,0,2176,2,5,3.142857142857143,3.3333333333333335,2.6666666666666665
1,0,1,13,0,0,3329,5,2,4.142857142857143,3.0,3.6666666666666665
1,1,1,24,1,2,3193,2,0,3.4285714285714284,5.0,3.6666666666666665
1,0,1,26,1,2,2823,1,38,3.142857142857143,3.0,2.6666666666666665
1,1,1,41,1,2,2160,4,6,3.7142857142857144,4.333333333333333,4.0
0,0,1,59,0,0,2053,4,0,3.142857142857143,5.0,3.6666666666666665
1,1,0,37,1,2,2612,5,46,4.142857142857143,3.3333333333333335,3.3333333333333335
1,1,1,58,0,0,369,1,0,2.857142857142857,4.0,3.0
1,1,1,43,0,2,82,2,0,3.142857142857143,4.0,3.0
1,0,1,58,1,2,1822,1,6,3.4285714285714284,4.0,3.3333333333333335
0,0,1,39,1,0,1292,1,0,2.4285714285714284,2.0,1.6666666666666667
0,0,1,43,1,2,2655,5,0,3.142857142857143,2.3333333333333335,2.6666666666666665
0,0,1,32,0,0,2843,4,0,3.2857142857142856,3.0,1.0
0,1,0,25,1,2,2631,4,21,4.428571428571429,4.0,5.0
0,1,1,42,1,0,305,2,0,1.8571428571428572,1.6666666666666667,2.0
1,1,1,22,1,2,2081,5,0,4.428571428571429,4.0,4.666666666666667
0,0,1,39,1,1,1136,1,29,2.5714285714285716,1.0,2.6666666666666665
1,1,1,49,1,2,3786,1,4,3.5714285714285716,4.666666666666667,3.3333333333333335
1,1,0,24,1,2,1605,4,22,4.428571428571429,4.666666666666667,3.6666666666666665
0,1,0,18,1,0,2777,3,47,3.142857142857143,1.0,2.6666666666666665
0,0,1,39,0,2,700,1,0,2.5714285714285716,2.6666666666666665,3.0
1,0,1,46,1,2,1585,3,1,3.2857142857142856,4.333333333333333,3.0
1,1,1,58,1,2,2493,5,0,4.285714285714286,5.0,5.0
1,1,1,55,1,2,2899,2,15,3.4285714285714284,4.0,3.0
1,1,1,57,1,2,1750,5,19,4.0,4.666666666666667,4.666666666666667
0,1,1,22,0,0,2042,5,0,4.0,2.0,3.6666666666666665
0,1,0,19,1,0,2784,3,0,3.5714285714285716,4.333333333333333,2.6666666666666665
0,0,1,29,0,0,2201,5,7,3.142857142857143,3.3333333333333335,4.333333333333333
1,1,1,45,0,0,925,5,0,4.0,4.666666666666667,3.6666666666666665
0,0,1,52,1,2,223,2,0,3.0,3.6666666666666665,3.0
0,0,1,33,1,2,1347,1,49,3.5714285714285716,4.0,2.6666666666666665
0,1,0,37,1,0,1668,3,17,2.2857142857142856,2.0,2.0
1,0,0,23,1,0,1772,0,0,4.0,5.0,4.333333333333333
0,0,1,28,0,0,2017,1,0,1.6,2.0,2.0
0,0,0,20,1,0,2029,3,0,3.4285714285714284,3.0,3.0
0,1,1,54,1,2,844,3,0,2.5714285714285716,2.3333333333333335,3.0
1,1,1,43,0,1,493,2,4,3.142857142857143,3.6666666666666665,3.3333333333333335
0,1,1,60,0,0,908,3,76,3.142857142857143,1.3333333333333333,2.3333333333333335
1,0,1,45,1,2,2571,1,0,2.5714285714285716,3.6666666666666665,3.0
1,1,1,68,0,0,757,1,107,3.5714285714285716,4.333333333333333,3.0
0,1,0,37,1,0,1654,4,0,2.857142857142857,3.0,3.0
1,0,1,36,1,2,2065,5,34,4.428571428571429,3.6666666666666665,3.6666666666666665
0,0,0,25,1,2,2823,0,0,3.5714285714285716,4.0,4.333333333333333
1,0,1,49,1,2,236,3,0,3.857142857142857,4.333333333333333,3.6666666666666665
0,0,1,44,1,2,2600,3,58,2.2857142857142856,2.6666666666666665,2.3333333333333335
1,0,1,27,1,2,2877,2,215,3.857142857142857,4.666666666666667,4.0
0,0,1,40,0,0,3427,2,0,2.5714285714285716,3.3333333333333335,3.3333333333333335
1,1,1,58,0,1,931,5,0,3.2857142857142856,3.6666666666666665,2.6666666666666665
1,0,1,46,1,2,3376,5,0,4.857142857142857,4.333333333333333,4.666666666666667
1,1,1,40,1,2,659,4,4,3.857142857142857,4.0,3.6666666666666665
1,0,1,41,1,2,1754,5,0,3.4285714285714284,4.0,4.0
1,1,1,60,0,0,792,1,6,2.142857142857143,3.6666666666666665,1.6666666666666667
1,1,1,45,1,2,375,4,13,4.714285714285714,4.333333333333333,4.666666666666667
1,0,1,53,1,1,2144,1,0,3.7142857142857144,5.0,2.3333333333333335
1,0,1,54,1,2,3713,4,0,3.5714285714285716,4.0,3.3333333333333335
0,0,1,64,0,0,1869,5,0,3.142857142857143,4.0,3.6666666666666665
0,0,1,21,0,0,1635,4,0,2.2857142857142856,2.0,4.333333333333333
0,0,1,27,1,2,5060,3,8,2.142857142857143,2.0,3.0
1,1,1,10,1,0,2380,1,0,4.285714285714286,3.6666666666666665,2.3333333333333335
1,1,1,16,0,0,2585,5,2,3.7142857142857144,4.0,4.0
0,1,0,20,0,0,2386,5,0,3.2857142857142856,5.0,2.6666666666666665
0,0,1,56,0,2,406,5,0,1.8571428571428572,3.6666666666666665,2.0
1,1,1,46,0,1,743,1,3,3.142857142857143,4.0,3.3333333333333335
0,0,1,45,0,0,1930,2,0,2.857142857142857,2.0,1.6666666666666667
1,1,1,42,1,2,2555,5,68,4.571428571428571,5.0,4.666666666666667
1,1,1,41,1,2,2898,0,57,2.0,3.0,3.0
1,0,1,48,1,2,1801,5,0,4.142857142857143,3.6666666666666665,4.0
1,1,1,56,1,2,1237,3,19,4.142857142857143,4.0,4.0
0,1,1,34,0,1,1203,5,49,4.285714285714286,3.0,3.3333333333333335
0,0,1,62,0,1,1859,4,60,3.2857142857142856,5.0,3.0
1,1,1,52,1,2,446,2,9,3.7142857142857144,4.0,3.3333333333333335
1,1,1,52,1,2,2423,5,0,4.428571428571429,4.333333333333333,5.0
1,1,1,36,0,0,2149,4,12,4.0,4.0,3.6666666666666665
1,0,1,34,1,2,6131,4,0,4.428571428571429,5.0,4.666666666666667
0,1,1,70,1,2,60,1,0,2.2857142857142856,3.0,1.6666666666666667
1,1,1,22,1,2,2558,1,0,2.4285714285714284,2.0,3.3333333333333335
0,0,1,66,0,0,2236,4,1,2.2857142857142856,5.0,2.6666666666666665
1,1,1,20,0,2,1493,4,2,2.75,2.0,3.6666666666666665
0,1,0,42,1,2,3260,3,0,3.2857142857142856,1.0,4.666666666666667
0,0,1,49,1,1,2126,5,39,3.0,2.0,3.6666666666666665
1,1,1,8,0,1,1811,1,23,2.857142857142857,4.0,2.0
1,1,1,7,0,0,1808,2,0,5.0,4.333333333333333,4.333333333333333
0,0,1,23,0,0,1723,5,23,4.285714285714286,3.0,4.0
0,0,1,55,0,0,2543,4,0,3.0,2.6666666666666665,4.333333333333333
1,0,0,37,1,0,1643,0,0,3.857142857142857,5.0,2.6666666666666665
0,0,1,16,0,0,1156,5,0,3.5714285714285716,1.0,4.0
0,1,0,24,1,0,2269,1,0,2.0,2.0,3.0
0,0,0,49,1,2,1973,2,5,3.2857142857142856,5.0,4.333333333333333
0,0,1,36,1,2,460,3,4,2.857142857142857,3.0,2.3333333333333335
0,0,1,62,1,1,2252,5,174,2.7142857142857144,2.0,3.3333333333333335
0,1,1,49,1,2,3498,1,0,1.4285714285714286,2.6666666666666665,1.6666666666666667
1,1,1,30,1,2,4809,5,0,4.0,4.0,4.0
1,1,1,64,0,0,312,3,10,3.6,4.333333333333333,4.333333333333333
0,1,1,47,0,0,488,5,0,3.7142857142857144,4.0,3.0
1,0,0,25,1,2,2282,0,33,4.0,3.0,3.6666666666666665
0,0,1,23,0,0,1755,5,0,3.142857142857143,4.0,3.3333333333333335
1,1,0,20,1,2,2521,5,17,4.285714285714286,4.0,3.3333333333333335
1,1,1,30,1,2,2711,3,0,4.142857142857143,5.0,3.6666666666666665
0,0,1,47,0,2,365,0,0,2.4285714285714284,4.0,2.3333333333333335
1,1,1,51,1,0,278,5,0,4.428571428571429,3.0,3.6666666666666665
0,0,1,50,0,0,1920,5,3,4.285714285714286,5.0,4.0
0,1,0,14,1,0,2602,3,0,3.142857142857143,1.0,4.0
1,1,1,50,1,2,3542,3,70,3.4285714285714284,4.333333333333333,3.6666666666666665
1,0,1,33,1,2,2743,2,0,3.4285714285714284,4.0,4.0
0,0,1,23,0,0,2963,5,3,3.0,4.333333333333333,3.0
1,0,1,44,1,0,1880,5,9,2.7142857142857144,3.0,3.0
0,1,0,25,1,2,2672,4,9,3.2857142857142856,4.333333333333333,3.6666666666666665
0,0,1,58,0,0,3105,5,0,3.5714285714285716,3.0,2.3333333333333335
1,1,1,44,1,2,1999,1,0,2.857142857142857,3.6666666666666665,2.3333333333333335
1,1,1,47,0,0,571,4,5,3.0,5.0,2.3333333333333335
0,1,1,23,0,0,2622,5,0,3.857142857142857,3.0,4.0
1,1,1,60,1,2,448,3,22,3.7142857142857144,4.0,4.0
1,0,0,26,1,0,1820,0,21,4.142857142857143,5.0,4.0
1,1,1,25,0,0,1513,4,0,3.5714285714285716,3.6666666666666665,3.3333333333333335
1,1,1,66,0,0,540,4,0,3.142857142857143,2.6666666666666665,3.6666666666666665
0,1,1,69,1,2,3068,2,8,1.8571428571428572,2.6666666666666665,1.3333333333333333
1,0,0,26,1,2,1461,5,0,4.0,2.3333333333333335,3.6666666666666665
1,1,1,66,0,0,1150,1,0,3.857142857142857,4.333333333333333,3.3333333333333335
1,1,1,35,1,2,1586,1,31,3.0,3.6666666666666665,3.0
1,0,1,41,1,2,1022,4,0,4.285714285714286,4.666666666666667,4.333333333333333
0,0,1,55,0,0,2377,4,16,2.142857142857143,1.0,4.0
0,0,1,33,1,2,4054,5,0,2.7142857142857144,2.0,3.6666666666666665
1,1,1,49,1,2,2746,2,108,3.2857142857142856,3.0,3.6666666666666665
0,1,1,32,0,0,1289,5,0,3.7142857142857144,3.6666666666666665,2.3333333333333335
1,1,1,45,0,2,260,3,47,4.142857142857143,3.6666666666666665,3.3333333333333335
1,0,1,39,0,1,1212,1,0,3.5714285714285716,3.3333333333333335,3.6666666666666665
0,0,1,70,0,0,1646,1,0,2.142857142857143,1.0,2.6666666666666665
0,0,1,16,0,2,2031,3,0,1.8571428571428572,1.0,3.3333333333333335
1,0,1,22,1,2,3670,4,147,4.285714285714286,5.0,4.333333333333333
1,1,1,60,0,0,992,3,0,4.142857142857143,4.666666666666667,3.6666666666666665
1,0,1,17,0,1,1911,2,0,3.5,5.0,2.0
1,1,1,40,1,2,1921,4,0,3.857142857142857,4.333333333333333,4.333333333333333
0,0,0,27,1,1,1330,2,0,2.2857142857142856,5.0,4.0
0,0,1,50,0,0,2306,4,0,2.4285714285714284,1.0,3.0
1,1,1,35,1,2,780,5,62,4.142857142857143,4.666666666666667,4.666666666666667
1,1,1,49,1,1,344,2,0,4.571428571428571,4.0,2.6666666666666665
0,1,1,69,0,0,457,2,0,2.4285714285714284,1.3333333333333333,3.0
1,1,1,49,0,0,1893,5,16,4.571428571428571,4.0,5.0
1,1,1,15,0,0,1189,1,0,3.2857142857142856,4.333333333333333,3.0
1,1,1,8,0,0,1223,1,0,3.2857142857142856,5.0,3.0
1,1,0,80,1,2,269,4,13,4.428571428571429,4.666666666666667,3.0
0,0,1,15,0,2,1687,1,0,2.7142857142857144,4.0,1.3333333333333333
1,1,0,20,1,0,2149,4,7,3.4285714285714284,2.0,3.0
1,1,1,61,0,2,497,5,0,3.4285714285714284,2.0,3.6666666666666665
1,0,1,37,1,2,3006,3,111,3.857142857142857,3.6666666666666665,3.6666666666666665
1,1,1,54,1,2,568,5,0,4.714285714285714,4.333333333333333,4.333333333333333
1,0,1,48,1,2,1951,4,0,4.428571428571429,2.6666666666666665,3.6666666666666665
1,1,1,51,1,2,2132,2,0,4.0,4.333333333333333,3.3333333333333335
0,0,0,28,1,0,2659,3,21,3.0,2.0,3.3333333333333335
1,1,1,51,1,2,2280,1,0,4.428571428571429,4.333333333333333,4.666666666666667
1,1,1,52,1,2,3841,5,39,4.571428571428571,4.0,4.333333333333333
1,1,1,65,0,0,555,5,0,3.4285714285714284,3.6666666666666665,3.6666666666666665
1,0,1,40,1,2,3259,3,0,2.4285714285714284,3.6666666666666665,3.0
0,0,0,33,0,0,2137,4,0,3.142857142857143,5.0,3.6666666666666665
1,1,1,25,0,0,1633,1,63,3.2857142857142856,4.0,3.6666666666666665
1,0,1,43,1,2,2838,1,0,3.5714285714285716,4.666666666666667,3.6666666666666665
1,0,1,50,1,2,1434,5,0,4.0,3.6666666666666665,4.333333333333333
1,0,1,46,1,2,2469,1,7,3.2857142857142856,4.333333333333333,3.3333333333333335
1,0,1,42,1,2,2201,3,2,3.857142857142857,4.333333333333333,3.6666666666666665
0,1,0,19,1,0,2118,4,0,3.2857142857142856,1.0,3.0
1,1,1,69,0,0,244,4,2,4.571428571428571,4.0,4.666666666666667
0,1,1,72,1,0,347,1,53,2.7142857142857144,3.0,2.0
1,0,1,34,1,2,1164,2,4,3.7142857142857144,4.333333333333333,4.0
0,0,0,27,1,0,1764,0,0,1.8571428571428572,3.0,2.6666666666666665
0,1,0,25,1,0,2829,1,17,2.2857142857142856,3.0,3.3333333333333335
1,0,1,46,1,2,3469,4,0,4.0,4.0,4.333333333333333
1,1,1,28,0,0,1167,1,11,1.8571428571428572,3.3333333333333335,1.6666666666666667
1,1,1,66,0,0,73,5,31,3.8,3.6666666666666665,3.6666666666666665
0,1,1,75,1,0,270,4,22,2.4285714285714284,2.0,3.3333333333333335
1,1,1,54,0,0,1052,4,0,4.142857142857143,4.0,3.6666666666666665
0,1,0,43,1,0,1258,5,27,2.142857142857143,1.0,2.6666666666666665
0,0,1,43,0,0,2238,4,0,2.142857142857143,2.3333333333333335,3.0
0,1,1,50,0,0,587,3,0,3.4285714285714284,2.3333333333333335,3.3333333333333335
1,1,1,50,1,2,2643,3,2,4.0,5.0,4.333333333333333
1,1,1,58,1,2,5587,2,205,3.857142857142857,4.333333333333333,4.0
0,1,0,49,1,0,1994,1,53,1.8571428571428572,1.0,2.6666666666666665
1,1,1,17,0,0,3151,2,0,2.5,3.3333333333333335,3.6666666666666665
0,1,0,9,1,0,2302,4,22,3.857142857142857,5.0,3.0
1,0,1,49,1,2,3985,1,6,2.857142857142857,4.0,3.3333333333333335
0,0,0,17,1,0,2202,1,0,2.0,3.0,3.3333333333333335
1,1,1,54,0,0,979,1,4,3.2857142857142856,3.6666666666666665,3.3333333333333335
0,0,1,8,1,2,4062,1,0,2.857142857142857,2.0,2.3333333333333335
1,1,1,24,1,0,1584,5,43,3.7142857142857144,4.333333333333333,4.333333333333333
0,1,1,27,0,0,2635,4,247,2.2857142857142856,2.3333333333333335,3.3333333333333335
0,0,1,22,0,0,1609,5,113,3.0,2.0,3.6666666666666665
1,1,1,46,1,2,2417,1,0,3.0,4.333333333333333,2.6666666666666665
0,0,1,41,0,0,1405,4,0,2.4285714285714284,1.0,3.6666666666666665
0,0,1,47,0,0,3245,2,11,3.857142857142857,5.0,3.3333333333333335
0,0,1,19,0,0,2390,5,19,2.5714285714285716,1.0,3.0
1,1,1,46,1,2,2094,2,0,3.857142857142857,4.333333333333333,4.0
1,1,1,30,1,2,1493,4,2,3.4285714285714284,3.0,4.333333333333333
1,1,1,47,1,2,1143,4,21,3.7142857142857144,4.333333333333333,3.6666666666666665
0,0,0,26,1,0,1644,4,0,3.5714285714285716,3.0,3.6666666666666665
1,0,1,16,1,1,1842,4,0,4.142857142857143,5.0,2.3333333333333335
0,1,1,42,1,2,2715,5,0,4.0,3.3333333333333335,3.6666666666666665
0,1,1,28,0,0,3187,5,0,3.857142857142857,3.3333333333333335,3.3333333333333335
0,0,1,27,0,0,1333,3,67,2.5714285714285716,4.0,4.0
1,1,1,44,1,0,2040,1,153,3.5714285714285716,3.6666666666666665,3.6666666666666665
1,1,1,12,0,2,2192,4,0,3.7142857142857144,4.666666666666667,4.333333333333333
1,1,1,19,0,0,2235,4,15,4.2,4.333333333333333,4.666666666666667
0,0,0,22,1,0,2135,3,0,2.2857142857142856,2.0,1.3333333333333333
1,0,1,48,1,2,2497,0,2,4.6,4.333333333333333,3.3333333333333335
1,0,1,47,1,2,320,1,4,3.2857142857142856,4.333333333333333,3.0
1,1,1,16,0,0,1777,5,0,3.5714285714285716,2.6666666666666665,3.6666666666666665
0,0,0,48,1,2,1941,4,255,3.857142857142857,4.333333333333333,3.6666666666666665
1,0,1,30,1,2,3646,1,0,3.2857142857142856,5.0,3.6666666666666665
0,0,1,53,0,0,1163,5,36,3.5714285714285716,3.0,4.0
1,1,1,49,1,2,1702,1,48,2.7142857142857144,3.3333333333333335,2.6666666666666665
0,0,1,19,0,1,2860,2,0,2.5714285714285716,1.0,2.6666666666666665
0,0,0,16,1,0,2451,5,192,3.142857142857143,4.666666666666667,4.666666666666667
1,0,1,37,1,2,621,2,48,3.7142857142857144,4.333333333333333,4.0
1,1,1,38,0,0,1029,4,0,4.285714285714286,4.666666666666667,4.333333333333333
1,0,1,24,1,2,2127,1,0,2.4285714285714284,2.0,3.3333333333333335
0,0,1,60,0,0,1977,5,0,2.5714285714285716,3.0,3.6666666666666665
0,1,1,41,1,0,2196,4,0,2.142857142857143,1.0,2.6666666666666665
1,1,1,60,0,0,912,1,10,2.75,2.3333333333333335,3.0
0,1,1,30,0,0,2502,5,12,4.0,5.0,2.6666666666666665
1,0,1,41,1,0,2327,5,0,3.4285714285714284,4.0,2.6666666666666665
0,0,1,38,0,0,2043,5,37,3.2857142857142856,3.0,3.6666666666666665
1,1,1,54,1,2,1344,2,0,3.2857142857142856,4.333333333333333,3.0
0,0,1,24,1,2,3368,1,0,2.7142857142857144,3.0,2.0
0,1,0,20,1,0,1964,3,76,2.5714285714285716,1.3333333333333333,4.0
1,1,1,10,0,0,2154,3,0,3.857142857142857,2.6666666666666665,3.0
1,1,1,33,1,2,1212,1,2,3.857142857142857,4.333333333333333,3.3333333333333335
1,1,1,44,1,2,2685,3,50,3.4285714285714284,4.0,3.6666666666666665
0,1,0,36,1,2,2257,3,0,3.0,2.0,4.333333333333333
0,1,1,53,1,2,3104,3,0,2.2857142857142856,2.6666666666666665,2.6666666666666665
1,0,1,56,1,2,2625,4,0,3.857142857142857,3.6666666666666665,3.6666666666666665
1,1,1,17,0,0,1651,2,0,2.857142857142857,3.6666666666666665,3.0
0,1,0,24,1,0,2198,4,0,3.4285714285714284,5.0,4.0
1,0,1,44,0,0,2698,5,0,3.857142857142857,2.3333333333333335,3.0
0,1,0,45,1,0,1703,5,0,2.7142857142857144,3.0,3.3333333333333335
0,0,1,56,1,2,680,1,0,3.142857142857143,3.0,2.3333333333333335
0,0,1,9,0,0,1200,5,0,2.857142857142857,2.0,3.0
0,1,0,20,1,0,2120,2,0,2.5714285714285716,5.0,2.3333333333333335
1,1,1,22,0,0,2334,2,0,3.142857142857143,3.6666666666666665,3.0
1,0,1,48,1,2,2413,3,0,3.857142857142857,4.333333333333333,4.0
1,1,1,59,0,0,1135,2,0,4.0,4.333333333333333,3.3333333333333335
0,1,0,31,1,2,3239,3,0,3.142857142857143,2.6666666666666665,3.0
0,0,1,31,0,0,1328,5,0,3.4285714285714284,3.0,4.666666666666667
0,0,1,67,0,0,2558,5,0,3.142857142857143,3.0,2.3333333333333335
0,0,1,34,0,0,1511,4,112,2.5714285714285716,5.0,4.0
0,0,1,30,1,2,2348,3,0,2.7142857142857144,2.0,2.6666666666666665
1,0,0,30,1,2,2142,0,0,4.25,5.0,3.3333333333333335
1,0,1,46,1,2,553,1,6,3.5714285714285716,4.666666666666667,3.6666666666666665
1,1,1,60,1,2,3639,2,6,3.2857142857142856,4.666666666666667,3.6666666666666665
1,1,1,55,1,0,845,1,0,3.4285714285714284,3.0,3.6666666666666665
1,1,1,54,0,0,219,3,4,3.5714285714285716,4.0,3.6666666666666665
0,0,1,64,1,2,1024,4,10,2.4285714285714284,3.0,2.6666666666666665
1,1,1,41,1,2,2121,1,14,3.142857142857143,3.6666666666666665,2.3333333333333335
1,0,1,38,1,0,1443,2,1,3.142857142857143,5.0,3.0
1,1,0,22,1,2,2733,0,0,4.142857142857143,4.666666666666667,3.6666666666666665
0,1,0,37,1,0,1456,4,0,2.0,1.0,3.6666666666666665
1,1,1,59,1,2,2124,5,6,4.428571428571429,4.333333333333333,4.333333333333333
1,0,1,19,0,0,1589,1,60,3.857142857142857,4.0,3.0
1,1,1,19,0,0,2898,3,55,2.857142857142857,3.3333333333333335,3.3333333333333335
0,1,0,24,1,0,2505,2,40,2.857142857142857,2.6666666666666665,3.6666666666666665
0,1,1,64,0,1,296,0,4,3.0,2.3333333333333335,2.6666666666666665
1,1,1,50,1,2,3865,2,0,3.7142857142857144,4.0,3.0
0,0,1,36,0,0,1933,4,23,3.5714285714285716,1.6666666666666667,3.6666666666666665
0,1,1,64,0,0,2597,1,132,1.8571428571428572,1.6666666666666667,2.3333333333333335
1,1,1,41,1,2,1635,1,0,3.4285714285714284,4.666666666666667,3.6666666666666665
0,0,0,25,1,2,1428,0,0,3.857142857142857,2.0,4.0
1,1,0,23,1,0,1865,0,0,4.428571428571429,5.0,3.6666666666666665
1,1,1,54,1,2,3333,5,11,3.7142857142857144,4.666666666666667,4.333333333333333
1,1,1,37,1,0,1093,5,0,3.4285714285714284,5.0,4.0
1,1,1,42,1,2,2947,3,1,4.142857142857143,4.666666666666667,4.0
0,1,1,77,1,2,3284,2,0,3.142857142857143,2.6666666666666665,2.3333333333333335
1,1,1,49,1,2,1858,5,11,3.0,3.6666666666666665,3.3333333333333335
0,1,0,27,1,2,1574,2,0,3.142857142857143,3.0,4.0
1,1,1,49,0,0,694,2,0,3.7142857142857144,4.0,3.0
1,1,1,46,1,2,2417,5,61,4.142857142857143,4.0,4.0
1,0,1,42,1,2,2355,5,7,4.285714285714286,4.666666666666667,4.0
1,0,1,56,1,0,1511,3,0,3.0,2.0,2.3333333333333335
0,0,1,63,0,0,1869,3,3,1.7142857142857142,2.0,2.3333333333333335
0,0,1,48,1,2,1988,2,0,3.142857142857143,2.3333333333333335,2.3333333333333335
1,1,1,51,1,2,3165,2,11,3.4285714285714284,4.0,3.3333333333333335
0,0,1,59,1,2,380,1,53,2.142857142857143,2.3333333333333335,1.6666666666666667
1,1,1,60,0,2,663,1,100,3.2857142857142856,4.0,3.0
1,0,1,52,1,2,656,3,22,4.142857142857143,4.666666666666667,4.0
1,1,1,56,0,0,1571,5,0,3.5714285714285716,3.3333333333333335,2.6666666666666665
1,0,1,29,1,2,4614,1,0,3.4285714285714284,5.0,2.6666666666666665
1,0,1,55,1,2,1889,5,0,4.142857142857143,4.333333333333333,4.333333333333333
0,0,1,47,0,0,2186,3,24,2.857142857142857,3.0,3.0
1,1,1,62,0,0,1264,4,0,4.0,4.666666666666667,4.0
1,0,1,54,1,0,1787,1,0,3.7142857142857144,4.0,1.6666666666666667
1,0,1,41,1,2,1759,4,0,4.142857142857143,5.0,4.0
1,0,1,22,1,2,4644,2,0,3.142857142857143,3.0,2.6666666666666665
0,1,1,63,1,0,420,5,0,3.0,2.6666666666666665,2.6666666666666665
0,1,0,23,1,1,1385,4,0,2.4285714285714284,3.0,2.6666666666666665
1,0,1,51,1,2,1999,5,8,4.0,3.6666666666666665,3.6666666666666665
1,1,1,53,1,2,260,4,0,4.6,4.666666666666667,4.333333333333333
0,0,1,11,0,0,2282,4,0,3.857142857142857,4.0,3.6666666666666665
1,1,1,53,0,0,1249,5,58,4.0,4.0,4.333333333333333
1,1,1,67,0,1,626,2,0,3.2857142857142856,1.6666666666666667,3.3333333333333335
1,1,1,23,0,0,1805,2,0,3.142857142857143,4.0,3.3333333333333335
1,1,1,39,1,2,3127,3,61,4.142857142857143,5.0,4.333333333333333
0,1,1,61,0,1,475,5,0,3.2857142857142856,3.3333333333333335,2.0
1,1,1,22,0,0,2790,3,0,4.0,4.0,3.6666666666666665
1,0,1,20,0,0,2793,5,11,4.0,5.0,4.333333333333333
1,0,1,59,1,2,3627,4,0,4.714285714285714,4.666666666666667,4.666666666666667
0,0,1,33,0,0,1896,4,48,2.857142857142857,1.0,4.666666666666667
1,0,1,51,1,2,91,3,0,4.285714285714286,4.333333333333333,3.6666666666666665
0,0,1,32,1,0,2037,2,9,3.7142857142857144,4.0,2.6666666666666665
1,1,1,40,1,0,2289,3,110,2.857142857142857,4.0,3.3333333333333335
1,0,1,25,1,2,2835,5,5,4.142857142857143,4.0,4.333333333333333
1,0,1,50,1,2,2568,5,0,4.428571428571429,5.0,4.666666666666667
1,1,1,40,1,2,3982,5,5,4.857142857142857,4.0,5.0
0,0,0,36,1,2,2954,3,0,3.0,1.0,4.333333333333333
1,1,1,45,1,2,1632,2,9,4.0,4.666666666666667,3.3333333333333335
0,0,1,25,0,0,1832,2,0,2.4285714285714284,2.0,2.6666666666666665
0,1,0,11,1,0,2243,2,0,3.0,5.0,3.3333333333333335
1,0,1,49,1,2,1541,1,0,3.2857142857142856,4.333333333333333,3.0
1,1,1,42,1,1,619,3,3,3.0,3.0,2.0
0,1,0,22,1,0,1393,0,0,2.857142857142857,3.0,4.333333333333333
0,1,1,33,1,2,852,1,0,2.857142857142857,2.6666666666666665,1.6666666666666667
0,0,1,35,0,0,3493,1,1,2.5714285714285716,1.0,2.6666666666666665
1,1,1,41,1,2,720,1,0,3.7142857142857144,4.0,3.3333333333333335
1,0,1,39,1,2,2164,5,1,3.2857142857142856,4.0,3.0
1,0,1,39,1,2,2173,5,0,4.285714285714286,4.0,4.333333333333333
1,1,0,24,1,2,1522,0,7,3.25,2.0,4.333333333333333
0,1,0,37,1,0,1482,1,0,3.2857142857142856,5.0,3.3333333333333335
1,1,1,56,1,2,901,5,0,4.857142857142857,4.0,4.666666666666667
0,0,1,32,0,1,1808,5,0,3.5714285714285716,5.0,3.0
1,1,1,47,1,2,1823,5,0,4.428571428571429,4.666666666666667,5.0
0,0,1,62,0,0,1747,4,0,3.0,3.6666666666666665,3.6666666666666665
1,1,1,44,1,2,2309,1,27,3.2857142857142856,4.0,2.6666666666666665
0,1,0,26,1,0,2016,4,0,4.0,5.0,3.6666666666666665
1,0,1,40,1,2,83,5,4,3.857142857142857,3.0,4.333333333333333
1,1,1,42,0,0,1328,5,0,4.428571428571429,4.0,4.666666666666667
1,0,1,45,1,2,3353,3,0,4.285714285714286,5.0,4.0
0,0,1,50,0,0,1619,5,59,2.0,2.3333333333333335,3.0
0,1,1,55,1,0,553,2,27,3.7142857142857144,2.6666666666666665,3.3333333333333335
1,1,1,59,1,2,1625,3,0,4.285714285714286,5.0,4.333333333333333
0,0,1,54,1,2,2629,1,37,2.4285714285714284,3.3333333333333335,2.3333333333333335
0,0,0,48,1,0,1849,3,12,2.857142857142857,4.0,2.0
1,1,1,14,0,0,2422,3,0,4.0,4.333333333333333,4.0
0,0,1,15,0,1,1774,5,0,3.142857142857143,4.0,3.3333333333333335
1,1,1,41,1,2,1289,1,0,3.2857142857142856,4.0,3.0
1,0,1,37,1,1,2354,5,0,3.0,4.0,4.0
1,1,1,40,1,2,2952,5,24,5.0,4.666666666666667,4.333333333333333
0,0,1,34,0,0,2385,3,140,2.4285714285714284,2.0,2.3333333333333335
0,1,1,57,0,0,1023,2,4,4.0,3.3333333333333335,3.6666666666666665
1,1,1,57,1,2,812,5,10,4.142857142857143,4.666666666666667,4.0
0,1,0,35,1,2,2788,2,0,2.857142857142857,4.0,4.0
1,1,1,16,0,0,2570,2,1,3.142857142857143,4.333333333333333,4.0
0,0,1,21,0,0,2192,5,0,3.142857142857143,5.0,1.3333333333333333
1,0,1,29,1,2,3134,5,1,5.0,5.0,4.666666666666667
0,0,1,31,0,0,2308,5,0,2.5714285714285716,2.0,3.0
0,1,0,20,1,0,2394,3,0,3.142857142857143,4.666666666666667,1.6666666666666667
1,0,1,39,1,2,1708,1,0,3.0,4.333333333333333,3.0
0,1,1,50,0,0,389,5,0,3.142857142857143,2.6666666666666665,2.3333333333333335
0,0,1,58,0,0,1241,5,0,2.857142857142857,5.0,3.0
1,0,1,60,1,2,1630,3,40,4.285714285714286,4.666666666666667,3.6666666666666665
1,1,0,57,1,2,2542,4,0,4.0,3.0,3.3333333333333335
1,0,0,25,1,2,1741,0,0,4.285714285714286,5.0,3.0
1,0,1,40,1,2,2097,3,0,4.285714285714286,4.333333333333333,4.333333333333333
0,1,0,33,1,0,1154,5,64,3.5714285714285716,3.6666666666666665,3.3333333333333335
1,1,1,30,1,2,2050,5,2,3.142857142857143,4.0,2.6666666666666665
0,1,0,24,1,0,1321,5,28,2.142857142857143,1.0,2.6666666666666665
1,0,0,20,1,2,1695,3,6,3.857142857142857,5.0,4.333333333333333
1,1,0,28,1,0,2621,5,0,4.0,2.0,2.3333333333333335
0,0,0,36,1,2,1583,4,0,3.5714285714285716,2.0,3.3333333333333335
0,0,0,37,1,2,2230,4,8,3.857142857142857,3.0,3.6666666666666665
0,1,0,25,1,0,2871,3,10,2.5714285714285716,1.0,2.6666666666666665
0,0,1,48,0,0,1426,1,10,2.0,3.3333333333333335,1.6666666666666667
1,1,1,64,1,2,2753,1,0,2.4285714285714284,3.0,3.3333333333333335
1,1,1,54,1,2,2838,3,0,3.5714285714285716,3.0,4.0
1,0,1,22,1,2,4150,5,0,3.857142857142857,3.0,4.333333333333333
1,1,1,61,1,2,3525,1,0,3.5714285714285716,3.3333333333333335,2.6666666666666665
1,0,1,43,1,0,2364,1,60,3.7142857142857144,5.0,2.3333333333333335
1,1,1,66,0,0,375,3,0,3.5714285714285716,4.333333333333333,4.0
1,0,1,42,1,2,633,4,0,3.857142857142857,4.333333333333333,3.6666666666666665
0,1,1,46,1,2,2374,5,17,2.142857142857143,2.6666666666666665,3.3333333333333335
1,1,1,49,0,0,909,2,0,4.142857142857143,3.0,4.0
1,0,1,45,1,2,2397,3,6,4.0,4.0,3.6666666666666665
0,0,1,15,0,0,2380,2,0,2.2857142857142856,1.6666666666666667,2.6666666666666665
1,1,1,42,1,2,2558,4,0,4.0,3.6666666666666665,4.0
1,1,1,47,1,0,535,3,0,4.142857142857143,4.0,4.0
0,0,1,61,0,0,2222,0,0,2.857142857142857,4.0,4.0
1,0,0,20,1,0,930,0,0,4.142857142857143,5.0,4.333333333333333
1,1,1,38,1,1,1734,5,0,3.5714285714285716,4.0,2.6666666666666665
1,1,1,53,0,1,2198,1,0,3.7142857142857144,4.0,2.6666666666666665
1,1,1,32,1,2,3198,4,11,4.0,4.0,4.333333333333333
1,1,1,42,0,0,98,5,10,3.857142857142857,3.0,3.3333333333333335
1,1,1,42,1,2,1564,2,26,3.7142857142857144,3.0,2.6666666666666665
1,1,1,56,0,0,611,3,6,4.0,3.6666666666666665,4.333333333333333
1,0,1,16,0,0,2800,4,266,4.285714285714286,3.6666666666666665,3.0
0,0,1,59,1,0,2408,4,0,3.0,3.0,3.6666666666666665
1,1,1,37,1,0,2564,2,0,4.285714285714286,5.0,3.3333333333333335
0,0,0,25,1,0,2918,3,0,2.857142857142857,1.0,3.6666666666666665
1,0,1,30,1,0,1299,3,0,3.4285714285714284,4.0,3.0
0,1,1,34,0,1,2300,4,108,3.2857142857142856,3.0,3.3333333333333335
1,1,1,26,1,1,2512,5,12,4.0,5.0,3.6666666666666665
0,0,1,52,0,0,3970,4,0,2.4285714285714284,3.3333333333333335,3.0
1,1,1,11,0,0,2387,4,0,4.571428571428571,5.0,4.0
0,1,1,57,1,2,2488,2,93,3.5714285714285716,4.0,3.0
0,0,1,52,0,0,1795,5,0,3.7142857142857144,5.0,4.333333333333333
1,0,1,33,1,2,3665,4,6,4.142857142857143,5.0,2.6666666666666665
0,0,1,17,0,0,2276,5,4,3.2857142857142856,4.0,3.6666666666666665
1,1,1,52,1,2,2756,5,0,3.5714285714285716,3.3333333333333335,3.3333333333333335
1,0,1,29,1,2,4114,3,0,4.142857142857143,4.0,4.0
0,1,0,16,1,0,1988,2,0,2.4285714285714284,2.6666666666666665,3.6666666666666665
0,0,1,21,0,0,2651,4,0,3.0,2.6666666666666665,3.0
0,1,1,35,0,0,1099,5,32,3.7142857142857144,5.0,4.0
0,1,1,33,1,0,1280,4,110,3.142857142857143,2.0,3.3333333333333335
0,0,1,35,0,0,1401,2,0,2.0,2.0,2.3333333333333335
1,0,1,52,1,2,2257,1,0,2.857142857142857,4.0,3.0
1,0,1,53,1,2,2717,5,20,4.428571428571429,4.666666666666667,5.0
1,0,1,77,1,2,2382,3,0,2.2857142857142856,3.0,1.6666666666666667
1,1,1,23,0,0,3608,3,1,3.5714285714285716,5.0,3.0
0,0,1,40,0,0,3160,4,0,3.142857142857143,2.0,4.333333333333333
1,0,1,69,0,0,1533,4,0,4.0,3.0,3.3333333333333335
1,1,1,31,1,2,1113,1,0,3.142857142857143,4.0,2.3333333333333335
1,0,1,50,1,0,1910,2,134,3.7142857142857144,3.0,2.3333333333333335
0,0,0,37,1,2,2144,3,0,3.2857142857142856,1.0,4.0
0,1,1,30,1,2,4516,4,0,3.142857142857143,4.0,2.3333333333333335
0,1,1,57,1,0,350,4,0,3.4285714285714284,3.0,3.0
0,0,0,25,1,0,2195,0,0,2.8,5.0,3.3333333333333335
0,1,0,36,1,2,1408,2,3,3.0,1.0,4.0
0,1,1,24,1,2,2379,2,0,2.142857142857143,1.0,3.3333333333333335
1,1,1,36,0,0,2139,1,0,4.142857142857143,5.0,3.3333333333333335
0,0,1,40,0,0,1422,5,5,3.142857142857143,2.6666666666666665,3.3333333333333335
0,1,0,42,1,0,1323,0,0,3.5714285714285716,4.0,2.6666666666666665
0,0,1,11,0,0,2524,4,22,3.7142857142857144,3.0,4.333333333333333
1,1,1,65,0,0,745,2,0,3.5714285714285716,4.0,3.6666666666666665
0,1,1,33,1,1,1743,3,22,2.5714285714285716,2.0,3.0
1,1,1,54,1,2,2437,4,0,3.2857142857142856,4.0,3.6666666666666665
0,0,0,55,1,0,959,0,0,2.142857142857143,3.0,1.0
1,1,1,58,1,2,1973,3,46,4.142857142857143,4.0,4.333333333333333
0,1,1,25,0,0,2697,4,11,4.285714285714286,3.6666666666666665,4.333333333333333
1,1,1,65,0,2,611,3,4,4.142857142857143,5.0,2.6666666666666665
1,1,1,38,1,0,1596,2,0,3.2857142857142856,4.0,4.0
1,0,1,32,0,0,1227,4,0,4.428571428571429,5.0,3.0
1,1,1,21,0,0,2030,2,0,4.142857142857143,4.333333333333333,3.3333333333333335
0,0,0,24,1,0,2723,3,0,3.2857142857142856,5.0,2.3333333333333335
0,0,1,13,0,0,1925,5,0,3.142857142857143,1.0,4.0
1,0,1,30,1,2,3895,4,0,3.7142857142857144,4.0,4.333333333333333
0,1,1,60,1,2,1588,5,7,2.4285714285714284,3.0,3.3333333333333335
1,0,1,17,1,2,5471,3,0,4.0,4.0,3.6666666666666665
0,0,1,48,0,2,1646,2,0,2.5714285714285716,2.3333333333333335,2.3333333333333335
0,0,1,21,0,0,1514,3,0,3.142857142857143,2.0,2.6666666666666665
1,0,1,26,0,1,3422,5,6,4.428571428571429,3.0,3.3333333333333335
0,0,0,58,1,2,1454,1,0,2.0,3.3333333333333335,3.0
0,1,1,23,0,0,3891,5,0,1.8571428571428572,1.0,3.6666666666666665
0,0,1,69,0,0,2133,5,30,3.7142857142857144,3.6666666666666665,4.333333333333333
1,0,1,47,0,2,529,5,0,2.25,3.0,3.0
0,0,1,41,0,0,1502,4,0,4.142857142857143,5.0,4.333333333333333
0,1,1,41,1,0,1935,4,0,2.142857142857143,2.0,2.3333333333333335
1,0,1,39,1,2,2556,1,0,3.7142857142857144,4.666666666666667,2.6666666666666665
1,1,0,20,1,0,1780,5,0,3.7142857142857144,5.0,1.6666666666666667
1,0,1,57,1,2,2963,0,16,4.6,2.6666666666666665,2.6666666666666665
0,1,0,29,1,0,2711,0,1,2.6666666666666665,3.0,2.3333333333333335
1,0,1,43,1,2,1666,2,0,4.428571428571429,4.333333333333333,3.6666666666666665
1,1,1,32,1,2,2393,1,13,3.142857142857143,3.0,3.3333333333333335
0,1,0,22,1,0,2952,4,0,3.2857142857142856,5.0,2.6666666666666665
1,1,1,50,1,1,258,1,0,3.4285714285714284,3.3333333333333335,3.0
0,0,0,42,1,2,2298,3,0,3.4285714285714284,4.0,3.0
1,1,0,23,1,0,2333,5,12,4.142857142857143,2.0,3.6666666666666665
0,0,1,64,0,0,1244,5,0,3.2857142857142856,2.0,4.0
1,0,1,25,1,1,1873,5,0,3.75,4.666666666666667,2.3333333333333335
0,0,1,68,0,0,1577,5,0,3.142857142857143,1.6666666666666667,3.3333333333333335
1,1,1,47,1,2,2767,3,167,3.857142857142857,4.666666666666667,4.0
1,1,1,21,0,2,2211,4,31,4.142857142857143,5.0,4.333333333333333
0,1,1,36,1,2,1494,3,61,2.2857142857142856,2.6666666666666665,2.3333333333333335
0,0,0,41,1,2,4563,3,23,3.0,2.0,3.3333333333333335
1,1,1,29,0,0,2185,2,0,3.7142857142857144,4.0,4.0
1,0,1,45,1,2,3958,4,15,4.0,4.666666666666667,3.6666666666666665
1,0,0,38,1,2,2033,3,24,3.857142857142857,3.3333333333333335,3.6666666666666665
0,1,0,29,1,0,2397,3,0,2.5714285714285716,2.0,2.6666666666666665
1,1,0,21,1,0,2011,5,0,3.7142857142857144,5.0,2.6666666666666665
1,0,1,40,1,2,1063,4,0,3.7142857142857144,4.333333333333333,3.6666666666666665
1,0,0,25,1,2,3282,0,152,3.4285714285714284,3.3333333333333335,4.0
0,1,0,29,1,0,2414,2,3,2.4285714285714284,1.0,2.3333333333333335
0,0,0,29,1,2,2349,2,23,3.142857142857143,4.333333333333333,3.0
0,1,1,40,0,0,2877,5,6,4.0,5.0,3.0
0,0,1,7,0,2,2573,4,0,2.5714285714285716,2.6666666666666665,4.0
0,0,1,56,1,2,865,3,0,1.7142857142857142,2.6666666666666665,1.6666666666666667
1,1,1,39,1,2,2587,4,0,4.142857142857143,4.666666666666667,4.333333333333333
0,0,0,35,1,2,2016,1,4,2.142857142857143,2.0,4.0
0,0,1,36,0,0,1759,4,0,3.5714285714285716,2.6666666666666665,4.0
0,1,1,50,1,0,432,1,0,3.0,3.0,2.0
1,1,1,54,0,0,567,4,0,3.7142857142857144,4.333333333333333,3.6666666666666665
1,1,1,23,0,0,1774,4,0,3.2857142857142856,3.0,4.333333333333333
0,1,1,42,1,2,3858,5,38,2.7142857142857144,2.3333333333333335,3.0
1,1,1,42,1,2,2718,1,0,3.2857142857142856,3.6666666666666665,2.3333333333333335
1,1,1,30,0,0,2740,5,37,3.5714285714285716,4.0,3.0
1,1,1,38,0,0,1937,5,0,4.142857142857143,4.0,4.0
1,0,1,55,1,2,387,5,21,4.714285714285714,4.333333333333333,5.0
0,1,0,36,1,0,1881,4,0,3.142857142857143,3.0,3.0
0,0,0,39,1,2,1362,4,0,3.5714285714285716,4.0,3.0
0,0,1,42,0,0,2074,3,17,2.7142857142857144,3.0,3.3333333333333335
1,0,1,60,1,2,965,2,0,3.142857142857143,4.0,3.3333333333333335
0,0,0,20,1,0,2546,4,0,3.4285714285714284,2.0,2.6666666666666665
0,1,0,25,1,0,1107,3,0,2.142857142857143,1.0,4.0
0,1,1,85,1,2,2052,3,17,3.0,3.6666666666666665,3.6666666666666665
1,0,1,25,1,2,4127,5,0,4.142857142857143,4.0,4.666666666666667
0,0,1,38,1,2,3740,3,19,2.7142857142857144,3.3333333333333335,2.6666666666666665
0,0,1,10,0,0,1676,5,0,2.4285714285714284,1.0,3.6666666666666665
1,0,1,30,1,2,4290,1,25,3.2857142857142856,4.0,3.3333333333333335
0,0,1,31,0,2,2012,1,0,3.4285714285714284,4.0,3.0
1,0,1,71,1,2,4025,4,0,3.7142857142857144,3.6666666666666665,4.333333333333333
0,0,1,17,1,1,2529,5,26,2.857142857142857,3.3333333333333335,3.6666666666666665
1,0,1,41,1,2,892,1,0,3.7142857142857144,4.333333333333333,3.6666666666666665
0,1,0,24,1,0,2202,1,0,2.7142857142857144,2.6666666666666665,2.6666666666666665
1,0,0,37,1,2,1925,5,69,4.285714285714286,3.0,4.666666666666667
1,1,1,41,0,1,2635,1,9,3.142857142857143,4.0,3.3333333333333335
1,1,1,59,1,2,647,3,3,3.142857142857143,3.3333333333333335,3.0
1,1,1,52,1,2,340,3,0,3.4285714285714284,3.3333333333333335,3.3333333333333335
1,1,1,32,1,2,4974,2,0,3.857142857142857,4.0,4.0
1,0,1,53,1,2,2623,5,5,4.285714285714286,4.333333333333333,4.333333333333333
0,0,1,56,1,0,1384,2,0,1.7142857142857142,1.0,3.0
0,0,0,34,1,0,2283,2,98,2.5714285714285716,1.0,3.0
1,0,1,61,1,2,3197,2,0,4.142857142857143,4.0,3.6666666666666665
1,0,1,33,1,2,4657,2,62,3.142857142857143,2.0,4.0
0,1,0,34,1,0,1541,4,0,2.5714285714285716,2.0,2.6666666666666665
1,1,1,53,1,0,392,3,0,3.857142857142857,4.666666666666667,3.6666666666666665
1,0,1,39,1,0,2030,3,12,2.857142857142857,4.0,3.3333333333333335
0,0,1,36,1,2,1506,5,43,2.0,2.0,2.6666666666666665
1,1,1,55,1,2,2163,2,0,3.2857142857142856,4.333333333333333,3.6666666666666665
1,0,1,36,1,2,4204,5,407,4.142857142857143,4.333333333333333,4.333333333333333
0,0,1,21,0,0,1667,4,0,2.5714285714285716,2.0,3.0
1,1,1,29,0,0,3040,2,12,4.142857142857143,4.0,3.6666666666666665
0,1,0,39,1,2,3793,2,19,3.0,3.0,3.3333333333333335
1,1,0,20,1,2,2154,0,31,4.142857142857143,5.0,4.0
1,1,1,26,0,0,1696,5,0,3.0,3.3333333333333335,3.3333333333333335
1,0,0,18,1,0,1397,0,0,3.5,2.0,3.6666666666666665
0,0,1,37,0,0,2008,4,15,3.0,2.0,2.6666666666666665
0,0,1,60,1,2,3121,1,0,2.5714285714285716,3.0,2.3333333333333335
1,1,1,40,1,0,1872,1,3,3.0,5.0,2.6666666666666665
1,0,1,48,1,2,1800,3,11,3.857142857142857,4.333333333333333,4.0
0,0,0,49,1,2,4040,3,0,3.142857142857143,1.0,3.6666666666666665
1,1,1,39,0,0,1484,4,9,4.714285714285714,5.0,4.333333333333333
1,0,1,42,1,2,2951,2,0,4.142857142857143,4.666666666666667,3.6666666666666665
0,0,1,39,1,0,1293,4,0,3.7142857142857144,4.0,2.6666666666666665
1,1,0,21,1,2,2149,4,0,3.857142857142857,2.0,3.0
1,0,1,55,0,0,2893,2,0,3.142857142857143,2.0,3.0
0,1,0,44,1,0,1154,3,73,3.0,2.0,3.0
0,0,1,44,0,0,2356,5,0,2.2857142857142856,4.333333333333333,2.3333333333333335
1,1,1,46,1,2,869,1,0,3.4285714285714284,4.0,3.0
0,0,1,45,0,0,1377,5,0,2.4285714285714284,4.0,3.3333333333333335
1,1,1,47,1,2,2673,5,0,4.428571428571429,2.3333333333333335,3.3333333333333335
1,1,1,42,1,0,64,3,55,3.4285714285714284,3.3333333333333335,3.0
0,1,1,22,1,2,3130,0,0,2.8,2.0,4.0
0,0,1,38,0,1,1551,5,79,3.2,3.3333333333333335,4.666666666666667
0,1,1,12,1,2,3578,2,12,3.4285714285714284,3.0,2.3333333333333335
1,0,1,28,0,0,1315,4,0,3.7142857142857144,1.0,2.6666666666666665
1,1,1,50,1,2,2787,2,0,4.285714285714286,4.0,3.6666666666666665
0,1,0,20,1,0,2015,0,0,2.142857142857143,1.0,4.0
1,0,1,47,1,2,58,4,0,4.8,4.333333333333333,4.0
1,1,1,19,0,0,1673,5,4,4.714285714285714,4.333333333333333,4.333333333333333
0,0,0,24,1,0,1849,1,0,1.7142857142857142,2.3333333333333335,2.6666666666666665
1,1,1,59,1,2,862,4,0,3.4285714285714284,3.6666666666666665,3.3333333333333335
1,1,1,68,0,1,722,5,7,3.857142857142857,2.0,3.6666666666666665
1,0,1,37,1,2,238,4,0,4.285714285714286,3.3333333333333335,3.0
0,1,1,55,1,2,3571,5,0,3.142857142857143,2.3333333333333335,3.0
0,0,1,74,1,2,1596,3,0,1.7142857142857142,3.0,2.0
1,1,1,70,0,1,373,1,0,3.142857142857143,4.0,3.3333333333333335
1,1,1,39,1,0,1934,5,0,3.7142857142857144,4.0,3.3333333333333335
0,0,1,25,1,2,3225,5,0,2.857142857142857,2.0,3.6666666666666665
0,0,1,42,0,0,1724,4,0,3.4285714285714284,1.0,3.6666666666666665
1,1,1,66,0,0,284,5,0,4.714285714285714,4.0,4.0
1,0,1,51,1,2,2921,2,3,3.2857142857142856,4.333333333333333,3.6666666666666665
1,1,1,42,1,2,1466,1,11,3.5714285714285716,4.333333333333333,3.0
1,0,1,55,1,2,1099,2,0,3.7142857142857144,4.0,3.3333333333333335
0,1,0,43,1,0,1214,0,37,2.857142857142857,2.0,3.6666666666666665
1,1,1,53,0,2,959,4,0,3.857142857142857,4.333333333333333,4.0
1,1,1,39,0,0,1887,0,0,3.6,4.0,3.3333333333333335
1,1,1,24,0,0,2470,5,44,4.285714285714286,4.0,4.666666666666667
1,1,1,19,0,0,1445,1,0,3.142857142857143,4.0,3.0
1,1,1,63,0,0,321,5,55,3.0,1.6666666666666667,3.0
0,0,1,28,0,2,2386,5,0,4.0,5.0,3.3333333333333335
1,0,1,34,1,2,1857,0,159,3.4,3.6666666666666665,3.0
1,1,1,39,0,1,1707,2,0,3.7142857142857144,3.6666666666666665,3.0
1,1,1,57,1,2,363,0,11,3.0,4.333333333333333,3.6666666666666665
1,1,1,43,1,2,3315,4,0,4.714285714285714,4.333333333333333,4.0
0,1,1,47,0,1,455,5,0,4.0,4.0,4.0
1,1,1,26,1,2,2063,1,0,3.4285714285714284,5.0,3.6666666666666665
0,0,1,51,0,0,2030,5,89,3.0,4.0,3.0
1,0,1,56,1,2,260,2,0,4.0,5.0,3.3333333333333335
1,0,1,45,1,2,3945,1,0,2.0,3.6666666666666665,2.0
1,1,1,48,1,2,2696,2,0,3.857142857142857,4.666666666666667,4.0
0,0,0,43,1,0,1435,0,2,2.142857142857143,1.0,4.333333333333333
1,1,1,22,1,0,2333,4,0,3.75,3.0,4.0
1,0,1,17,1,2,4014,5,0,4.0,4.0,4.0
0,1,1,37,1,2,3382,1,1,2.2857142857142856,2.6666666666666665,1.3333333333333333
0,0,1,53,0,0,1747,4,20,2.5714285714285716,3.0,3.0
1,1,1,48,0,2,358,2,14,3.5714285714285716,3.6666666666666665,3.6666666666666665
1,1,0,37,1,2,2692,0,0,4.2,4.0,4.333333333333333
0,0,1,60,1,2,424,5,4,3.142857142857143,2.6666666666666665,3.6666666666666665
0,1,0,28,1,2,2891,4,0,4.0,5.0,4.0
0,1,0,29,1,0,2599,1,0,1.5714285714285714,1.0,2.6666666666666665
1,1,1,43,0,0,484,3,56,3.7142857142857144,4.666666666666667,3.3333333333333335
1,0,1,42,1,2,2616,2,31,3.142857142857143,4.0,3.6666666666666665
1,1,1,56,0,0,772,4,0,3.4285714285714284,4.0,3.6666666666666665
1,0,1,49,1,2,281,4,0,4.428571428571429,3.6666666666666665,4.333333333333333
0,0,0,11,1,0,2719,4,0,3.0,3.0,2.0
0,0,1,46,0,0,1404,5,0,3.142857142857143,2.0,4.333333333333333
1,0,1,53,1,2,620,5,2,4.285714285714286,4.0,4.333333333333333
0,0,0,32,1,2,2327,3,12,3.142857142857143,1.0,3.6666666666666665
0,0,1,34,0,2,916,4,22,2.5714285714285716,4.0,3.3333333333333335
1,0,1,42,1,2,1532,4,0,3.5714285714285716,4.0,3.6666666666666665
1,1,1,31,1,2,2456,4,0,3.0,3.0,2.0
1,0,1,57,0,0,3509,4,0,3.0,1.0,4.0
0,1,1,14,0,1,1653,5,0,3.2857142857142856,4.333333333333333,3.6666666666666665
1,0,1,41,1,2,771,4,7,4.428571428571429,4.333333333333333,4.0
1,0,1,50,1,2,1514,1,16,3.4285714285714284,4.666666666666667,2.6666666666666665
0,1,1,58,1,2,3907,1,0,2.2857142857142856,3.0,2.0
0,0,0,23,1,0,1886,3,0,3.0,4.0,2.3333333333333335
1,1,0,22,1,0,2793,2,7,3.142857142857143,2.3333333333333335,4.333333333333333
0,0,0,21,1,0,2033,1,41,2.5714285714285716,3.0,2.6666666666666665
0,0,1,49,1,2,1399,1,6,3.7142857142857144,3.0,2.6666666666666665
0,0,1,31,0,0,3190,3,29,2.4,1.0,3.6666666666666665
0,1,1,28,1,2,1792,4,3,2.0,1.0,3.0
1,1,1,10,0,1,1337,5,26,4.142857142857143,3.0,3.6666666666666665
1,0,1,52,1,2,1272,3,0,4.0,4.666666666666667,4.333333333333333
0,1,1,15,0,0,2577,5,12,3.857142857142857,4.0,3.6666666666666665
1,1,1,59,1,2,2894,5,0,4.714285714285714,4.0,5.0
1,1,1,60,1,2,269,2,27,3.4285714285714284,4.666666666666667,3.6666666666666665
1,1,1,47,0,0,597,1,0,2.5714285714285716,3.6666666666666665,2.6666666666666665
1,1,1,57,0,0,545,4,6,4.285714285714286,4.333333333333333,4.0
0,0,1,16,0,0,1458,3,0,2.7142857142857144,4.0,3.0
1,1,1,49,1,2,3992,4,0,4.428571428571429,5.0,4.0
0,0,1,49,1,0,1283,4,5,2.0,1.0,2.6666666666666665
1,1,1,13,0,2,2411,5,6,2.75,2.0,3.6666666666666665
1,1,1,25,0,2,1726,1,0,3.142857142857143,4.333333333333333,3.0
0,0,1,48,1,0,2180,2,0,2.2857142857142856,2.0,3.0
1,0,1,46,1,0,1064,4,0,4.428571428571429,4.0,3.3333333333333335
1,1,1,45,0,0,917,2,11,3.2857142857142856,4.0,3.3333333333333335
1,1,0,30,1,2,1771,5,0,4.0,3.0,4.333333333333333
0,0,1,42,1,2,2207,5,0,4.0,3.3333333333333335,4.0
0,0,1,39,1,0,2849,4,13,3.4285714285714284,3.0,2.6666666666666665
0,1,1,68,0,0,777,4,0,4.142857142857143,2.3333333333333335,3.6666666666666665
1,1,1,48,1,2,3218,4,0,3.857142857142857,4.0,4.0
1,1,0,26,1,2,1989,5,8,4.428571428571429,4.0,3.3333333333333335
0,0,1,57,0,0,2020,4,0,3.2857142857142856,4.333333333333333,4.0
1,0,0,27,1,2,2125,4,0,4.285714285714286,4.0,4.0
0,1,1,47,1,1,215,2,53,3.2857142857142856,3.0,3.3333333333333335
1,0,1,60,1,2,220,1,0,3.5714285714285716,5.0,3.3333333333333335
0,0,1,24,1,0,4321,5,0,2.5714285714285716,2.6666666666666665,2.0
1,1,1,26,1,2,4285,3,0,3.5714285714285716,5.0,3.6666666666666665
1,1,1,33,1,2,381,4,4,3.142857142857143,3.6666666666666665,2.3333333333333335
1,1,1,7,0,0,984,4,6,4.142857142857143,4.333333333333333,4.0
1,1,1,43,1,2,392,3,0,4.0,4.0,4.0
0,1,0,45,1,2,1401,3,0,3.5714285714285716,3.0,4.0
0,1,0,26,1,2,1673,5,4,3.2857142857142856,4.333333333333333,4.0
0,0,1,32,0,0,2443,3,138,2.0,4.666666666666667,4.333333333333333
0,0,0,28,1,0,1903,2,0,3.7142857142857144,3.0,2.3333333333333335
1,0,1,67,0,0,1288,4,0,4.0,4.0,2.3333333333333335
0,1,1,44,1,0,231,1,0,3.5714285714285716,3.3333333333333335,2.0
1,1,1,70,0,0,955,2,0,3.4285714285714284,4.0,3.6666666666666665
0,0,1,58,0,0,1656,1,0,3.7142857142857144,2.0,3.0
0,1,1,25,1,0,1960,3,0,3.2857142857142856,3.3333333333333335,2.6666666666666665
0,0,1,54,0,0,2107,4,101,3.4285714285714284,4.0,4.0
1,1,1,25,0,0,1960,5,0,4.571428571428571,3.0,3.6666666666666665
1,1,1,47,0,2,830,2,43,3.7142857142857144,3.6666666666666665,3.3333333333333335
1,1,1,19,0,0,1680,1,0,3.2857142857142856,4.333333333333333,2.6666666666666665
0,0,1,45,0,0,2100,0,33,3.4285714285714284,5.0,3.3333333333333335
1,0,1,50,1,0,1619,4,1,3.857142857142857,4.0,3.3333333333333335
1,0,1,29,1,2,4417,1,0,3.142857142857143,4.0,2.6666666666666665
1,1,1,73,1,2,3228,4,5,3.5714285714285716,4.333333333333333,4.333333333333333
0,1,1,24,1,1,1989,3,0,1.7142857142857142,1.3333333333333333,2.6666666666666665
1,0,1,53,1,2,2514,1,0,2.2857142857142856,4.0,2.6666666666666665
0,0,1,26,1,2,3521,4,0,3.142857142857143,3.0,3.0
1,1,1,35,1,2,2635,3,0,3.857142857142857,2.6666666666666665,3.6666666666666665
0,1,0,28,1,0,2170,3,0,2.5714285714285716,1.0,3.6666666666666665
1,1,1,28,1,2,2118,2,0,3.7142857142857144,5.0,3.3333333333333335
1,0,1,27,1,2,1567,1,0,3.4285714285714284,5.0,3.0
1,1,1,48,0,0,649,3,0,3.2857142857142856,4.0,4.0
0,0,1,36,0,0,2161,4,0,2.2857142857142856,3.6666666666666665,3.6666666666666665
0,0,1,31,0,0,2111,1,0,3.2857142857142856,5.0,2.6666666666666665
0,1,0,22,1,0,1680,3,0,2.5714285714285716,5.0,2.6666666666666665
1,1,1,49,0,0,888,1,18,2.4285714285714284,4.0,1.3333333333333333
0,1,1,33,1,2,2522,2,0,2.7142857142857144,2.0,2.3333333333333335
1,1,0,20,1,0,1133,5,0,4.0,1.0,4.666666666666667
0,0,0,23,1,2,1733,4,13,3.2857142857142856,2.0,3.0
0,1,0,62,1,2,1725,4,2,3.857142857142857,2.0,3.3333333333333335
0,0,1,53,0,0,1320,5,7,2.142857142857143,3.0,4.0
0,1,1,42,1,0,2180,1,40,3.4285714285714284,3.0,2.0
0,0,1,51,1,2,2667,5,32,2.4285714285714284,2.3333333333333335,3.6666666666666665
0,0,1,40,1,2,3131,2,0,1.4285714285714286,2.0,1.6666666666666667
1,0,1,54,1,2,1769,3,31,3.7142857142857144,4.0,4.0
1,1,1,44,1,2,1075,5,32,4.428571428571429,3.0,3.6666666666666665
0,0,1,55,1,0,1327,1,8,2.7142857142857144,3.0,2.0
1,0,1,19,1,2,5311,1,0,3.2857142857142856,5.0,1.3333333333333333
1,1,1,44,1,2,1575,3,91,3.5714285714285716,2.6666666666666665,4.0
0,0,0,37,1,2,3179,1,23,2.7142857142857144,3.0,2.6666666666666665
1,1,1,62,0,0,581,1,5,2.2857142857142856,2.3333333333333335,2.0
1,0,1,45,1,0,2445,1,0,2.7142857142857144,4.0,2.6666666666666665
0,0,1,60,1,0,1765,1,0,2.142857142857143,1.0,2.3333333333333335
1,1,1,38,1,2,1651,5,0,3.6,3.6666666666666665,2.3333333333333335
1,1,1,56,0,0,1235,4,25,4.571428571428571,4.0,4.333333333333333
1,0,1,46,1,2,50,4,0,3.4,4.333333333333333,2.3333333333333335
1,1,1,28,1,0,2388,4,0,3.142857142857143,4.0,2.3333333333333335
1,1,1,49,1,2,1485,1,6,3.142857142857143,4.0,2.6666666666666665
1,0,1,54,1,2,1636,3,15,3.7142857142857144,4.0,3.6666666666666665
0,0,0,27,1,0,3365,1,113,2.4285714285714284,4.333333333333333,2.6666666666666665
1,1,1,24,1,2,2430,3,0,3.5714285714285716,5.0,4.0
1,1,0,25,1,1,1226,0,0,3.5,4.0,3.0
0,1,1,39,1,2,3566,3,0,2.142857142857143,2.0,2.3333333333333335
0,1,0,37,1,0,1770,1,32,3.4285714285714284,5.0,3.0
1,1,0,54,1,2,1670,4,42,4.285714285714286,3.0,3.0
1,1,1,66,0,0,278,2,23,4.0,4.666666666666667,3.3333333333333335
1,1,1,43,1,2,3307,2,0,3.4285714285714284,4.0,3.6666666666666665
0,0,1,60,1,2,403,2,38,1.8571428571428572,2.3333333333333335,2.3333333333333335
1,1,1,48,1,0,305,4,64,3.142857142857143,3.3333333333333335,3.6666666666666665
0,1,0,35,1,2,1876,4,82,3.857142857142857,4.0,4.0
0,0,1,22,0,0,1977,4,0,3.142857142857143,2.0,4.666666666666667
1,0,1,58,1,0,1579,4,0,3.2857142857142856,3.0,3.3333333333333335
0,0,1,34,0,2,261,5,14,2.857142857142857,3.3333333333333335,3.3333333333333335
0,1,0,31,1,2,2968,2,0,3.2857142857142856,3.0,3.3333333333333335
1,0,1,44,1,2,1100,5,0,4.571428571428571,4.666666666666667,5.0
1,1,1,35,1,0,2903,4,0,4.0,5.0,3.3333333333333335
0,0,1,32,1,0,2896,3,38,3.7142857142857144,5.0,2.6666666666666665
1,0,1,44,1,2,809,1,3,2.5714285714285716,3.3333333333333335,2.6666666666666665
0,1,1,38,1,2,1603,5,0,3.142857142857143,2.6666666666666665,3.0
1,1,1,68,0,0,671,5,21,4.857142857142857,4.666666666666667,4.666666666666667
0,0,1,36,0,1,2395,4,14,4.285714285714286,3.0,3.3333333333333335
0,0,1,43,1,2,3328,3,6,3.142857142857143,3.6666666666666665,3.0
0,1,1,57,0,0,529,5,1,3.0,3.6666666666666665,3.6666666666666665
1,0,0,39,1,2,2201,4,430,4.142857142857143,5.0,3.6666666666666665
1,0,1,39,1,2,1498,1,1,3.2857142857142856,4.333333333333333,2.3333333333333335
1,0,1,54,1,2,377,3,0,4.0,3.6666666666666665,3.6666666666666665
1,0,1,21,1,0,1795,4,49,3.25,2.0,2.6666666666666665
1,1,0,22,1,2,2664,4,0,3.857142857142857,4.0,3.6666666666666665
0,0,0,29,1,0,2461,1,4,2.4285714285714284,5.0,2.3333333333333335
1,0,1,57,1,2,1777,4,0,2.8,4.0,3.6666666666666665
1,1,1,52,0,0,1111,4,0,3.2857142857142856,3.0,3.6666666666666665
1,1,1,58,1,2,3211,4,0,3.7142857142857144,4.333333333333333,4.333333333333333
1,1,1,25,1,2,3954,5,0,3.4285714285714284,4.0,3.3333333333333335
1,1,1,48,1,2,3890,4,0,3.6,4.0,2.6666666666666665
1,1,1,46,1,2,2425,1,70,3.7142857142857144,4.666666666666667,3.3333333333333335
1,1,1,39,1,2,2083,5,0,4.0,4.0,4.0
1,0,1,55,1,2,3872,2,0,3.7142857142857144,4.0,2.6666666666666665
1,1,1,41,1,0,1236,4,0,3.5714285714285716,4.0,3.3333333333333335
0,0,1,17,0,2,2432,4,0,2.857142857142857,3.0,4.0
0,1,0,35,1,2,2438,2,0,3.2857142857142856,4.333333333333333,3.3333333333333335
1,1,1,43,0,0,1091,4,29,4.0,4.0,3.6666666666666665
1,0,1,54,1,2,3962,2,0,3.2857142857142856,2.3333333333333335,3.0
0,1,1,43,1,2,676,4,52,3.2857142857142856,2.6666666666666665,3.3333333333333335
0,1,0,19,1,0,1817,0,0,2.7142857142857144,3.0,2.0
0,1,1,42,1,0,257,2,0,2.4285714285714284,2.3333333333333335,2.6666666666666665
1,1,0,51,1,2,2034,4,0,3.7142857142857144,4.0,4.0
0,0,1,56,0,0,1495,5,0,2.5714285714285716,4.0,2.6666666666666665
1,1,0,30,1,0,1868,0,0,3.142857142857143,2.0,3.0
0,1,0,35,1,0,1849,1,0,1.8571428571428572,1.0,2.6666666666666665
1,0,1,48,1,2,3666,5,0,3.2,4.0,4.0
1,1,1,36,1,2,2153,2,0,3.5714285714285716,3.6666666666666665,3.6666666666666665
0,0,1,46,1,0,2137,4,52,2.2857142857142856,2.0,2.6666666666666665
0,0,1,11,0,0,2049,5,0,2.5714285714285716,2.0,4.0
0,1,1,14,0,0,2021,4,4,3.0,2.0,3.0
0,0,1,23,1,2,3148,1,119,2.857142857142857,4.0,2.6666666666666665
0,0,1,59,0,0,2625,4,12,2.0,2.0,4.333333333333333
1,0,1,50,1,2,1549,4,30,4.0,3.6666666666666665,3.6666666666666665
1,1,1,11,0,0,3124,4,19,3.5714285714285716,1.0,4.0
0,1,0,36,1,2,3044,2,2,3.2857142857142856,5.0,4.0
1,0,1,35,1,2,1659,1,2,3.2857142857142856,4.666666666666667,3.0
1,0,1,61,1,2,3653,4,0,4.285714285714286,4.333333333333333,4.333333333333333
1,1,1,20,0,0,1948,2,0,2.857142857142857,2.6666666666666665,3.0
1,1,1,39,1,2,894,1,96,2.142857142857143,3.3333333333333335,2.6666666666666665
1,1,1,27,0,0,1868,4,0,3.2857142857142856,1.0,4.0
1,0,1,60,1,2,1541,5,52,4.428571428571429,4.333333333333333,4.333333333333333
1,1,1,33,0,2,338,5,5,3.5714285714285716,3.6666666666666665,3.3333333333333335
0,0,1,40,1,2,2602,4,0,3.857142857142857,4.0,3.6666666666666665
1,0,1,53,1,2,369,1,19,3.7142857142857144,4.0,3.0
0,1,0,38,1,2,1367,2,0,2.5714285714285716,1.0,3.0
0,1,1,33,1,2,2607,4,0,3.0,2.3333333333333335,2.6666666666666665
1,0,1,44,1,2,2128,2,25,3.4285714285714284,3.6666666666666665,3.0
0,0,1,51,0,0,2156,5,0,2.2857142857142856,1.0,3.6666666666666665
0,1,0,41,1,2,3275,1,25,2.2857142857142856,2.0,3.0
0,0,1,61,0,2,1746,5,0,2.4285714285714284,3.3333333333333335,2.3333333333333335
0,0,1,22,0,0,2774,4,0,2.4285714285714284,4.0,3.6666666666666665
1,0,1,40,1,2,832,2,0,4.0,4.666666666666667,3.6666666666666665
1,1,1,48,1,2,2684,0,0,3.2,4.0,3.6666666666666665
1,1,1,9,0,0,2752,5,0,4.428571428571429,4.333333333333333,4.333333333333333
1,0,1,60,1,2,521,1,11,3.142857142857143,3.6666666666666665,3.0
0,1,1,61,1,0,244,3,0,2.5714285714285716,2.6666666666666665,2.3333333333333335
1,1,1,35,1,2,2471,3,4,3.2857142857142856,3.6666666666666665,3.6666666666666665
1,0,1,49,1,2,500,3,98,3.4285714285714284,2.6666666666666665,4.0
1,1,0,29,1,0,2863,5,0,4.285714285714286,3.0,3.3333333333333335
0,0,1,11,0,0,1540,2,0,2.5714285714285716,1.0,2.6666666666666665
1,0,1,60,1,2,884,5,75,4.142857142857143,4.0,4.333333333333333
1,1,1,56,1,2,3589,2,22,4.142857142857143,4.666666666666667,3.6666666666666665
1,0,1,57,1,2,2786,3,0,4.0,4.0,3.6666666666666665
0,0,1,51,0,0,2202,5,0,2.5714285714285716,4.333333333333333,4.666666666666667
0,0,1,69,0,0,2404,5,0,3.5714285714285716,2.0,1.0
1,0,1,25,1,1,2018,2,0,3.5714285714285716,5.0,3.0
0,1,1,37,1,2,2939,3,0,1.4285714285714286,2.0,2.0
1,1,1,53,1,2,838,5,41,2.5714285714285716,3.3333333333333335,4.0
0,1,1,52,1,0,1797,5,0,2.0,2.6666666666666665,2.6666666666666665
1,1,1,39,0,0,1830,1,0,3.0,2.0,2.6666666666666665
1,1,1,52,1,0,392,5,0,4.0,3.6666666666666665,4.0
1,0,1,37,1,2,2373,3,0,2.857142857142857,3.3333333333333335,3.6666666666666665
0,1,0,42,1,0,2076,3,7,3.7142857142857144,2.0,3.3333333333333335
0,0,1,54,0,0,1748,4,0,3.142857142857143,3.0,3.6666666666666665
1,1,1,40,1,2,670,5,14,4.0,4.0,3.6666666666666665
1,0,1,46,1,2,2930,1,7,3.0,4.0,2.6666666666666665
1,1,1,32,1,2,1379,5,2,4.0,5.0,2.3333333333333335
1,0,1,48,1,2,543,3,0,3.5714285714285716,4.333333333333333,3.6666666666666665
1,1,0,17,1,0,2320,4,0,4.285714285714286,4.0,4.666666666666667
0,0,0,37,1,2,2574,3,0,3.7142857142857144,5.0,4.666666666666667
0,1,1,19,1,2,1949,5,1,1.7142857142857142,1.0,2.3333333333333335
0,1,0,36,1,0,2065,3,44,3.0,4.0,3.6666666666666665
1,1,1,29,1,2,1614,3,0,3.857142857142857,5.0,3.6666666666666665
0,0,1,46,1,2,2995,4,0,2.142857142857143,3.0,3.0
0,1,0,28,1,2,1776,4,1,4.0,5.0,3.6666666666666665
1,1,1,36,1,2,1979,0,0,1.6,2.3333333333333335,3.3333333333333335
1,1,0,22,1,0,1908,4,0,3.0,2.0,3.0
1,1,1,38,0,1,2583,4,26,3.4285714285714284,2.0,4.333333333333333
0,0,1,54,0,0,2286,1,5,2.2857142857142856,1.0,2.6666666666666665
0,0,1,42,0,0,1555,4,0,1.7142857142857142,3.0,3.0
0,1,0,29,1,0,2548,2,0,2.857142857142857,4.0,3.6666666666666665
0,1,1,30,1,2,3812,4,2,3.142857142857143,4.0,2.6666666666666665
1,1,1,37,1,2,2478,4,0,4.714285714285714,4.666666666666667,4.666666666666667
1,1,1,47,0,0,444,2,9,4.0,4.0,3.0
0,0,0,37,1,2,2850,1,4,2.0,1.0,3.6666666666666665
0,0,1,46,0,0,1799,5,0,2.857142857142857,2.0,3.6666666666666665
1,1,0,21,1,2,1498,2,0,3.857142857142857,2.0,4.333333333333333
0,0,0,23,1,0,2566,5,17,3.7142857142857144,4.0,3.0
1,1,1,26,0,0,1180,3,2,4.428571428571429,4.0,4.333333333333333
1,1,1,57,0,0,1123,2,0,4.0,4.333333333333333,3.6666666666666665
1,0,1,48,1,2,3297,3,31,4.428571428571429,4.666666666666667,4.333333333333333
0,0,1,56,0,0,2044,4,0,2.4285714285714284,4.0,4.333333333333333
0,0,1,40,1,0,1569,3,0,2.4285714285714284,2.0,2.6666666666666665
1,1,1,43,1,2,1747,5,0,4.571428571428571,4.0,4.333333333333333
1,1,0,25,1,2,1950,5,27,4.0,2.6666666666666665,4.0
0,1,1,32,1,2,2827,2,4,3.0,3.0,2.6666666666666665
0,1,1,63,1,0,408,5,101,2.142857142857143,2.3333333333333335,3.3333333333333335
0,0,1,33,1,2,1400,3,0,3.142857142857143,3.6666666666666665,2.3333333333333335
1,1,1,28,1,2,3349,3,2,2.857142857142857,1.0,3.6666666666666665
0,1,1,37,0,2,2435,5,154,3.142857142857143,3.3333333333333335,4.333333333333333
1,1,1,45,1,2,627,3,0,3.5714285714285716,4.333333333333333,4.0
0,0,1,31,1,2,4779,4,1,3.2857142857142856,4.0,3.0
1,0,1,41,1,0,2196,2,0,2.7142857142857144,2.0,2.3333333333333335
0,0,0,27,1,2,1700,1,0,2.4285714285714284,4.0,2.6666666666666665
0,0,1,14,0,0,1514,3,123,3.7142857142857144,5.0,4.666666666666667
1,1,1,26,1,2,3395,3,3,3.7142857142857144,4.0,4.333333333333333
1,1,1,39,0,0,1684,2,0,3.5714285714285716,4.666666666666667,3.6666666666666665
0,1,0,22,1,0,2486,3,0,4.0,4.666666666666667,3.3333333333333335
1,1,1,66,0,1,500,4,0,4.571428571428571,4.0,4.0
0,0,1,29,0,0,2984,2,0,2.7142857142857144,4.0,3.3333333333333335
1,0,1,49,1,2,2005,1,0,4.0,4.333333333333333,4.333333333333333
1,0,1,57,1,2,2249,3,4,3.0,3.3333333333333335,3.6666666666666665
1,0,1,39,1,2,368,2,0,3.5714285714285716,3.0,3.0
1,1,1,55,0,1,1247,4,0,3.857142857142857,2.3333333333333335,3.6666666666666665
1,1,1,42,1,2,3417,2,0,3.5714285714285716,3.0,3.3333333333333335
0,1,0,8,1,0,2057,1,0,2.142857142857143,3.0,4.333333333333333
0,0,0,27,1,0,1833,1,19,2.4285714285714284,2.0,1.6666666666666667
0,0,1,15,0,0,1394,5,0,2.7142857142857144,1.0,3.6666666666666665
1,1,1,13,1,1,2846,2,8,2.857142857142857,4.333333333333333,3.3333333333333335
1,0,1,40,1,2,3723,1,0,3.4285714285714284,3.6666666666666665,2.6666666666666665
1,1,0,25,1,2,2392,3,0,3.857142857142857,2.0,2.6666666666666665
0,0,1,35,1,1,2436,5,253,2.4285714285714284,2.0,2.6666666666666665
0,1,1,27,1,2,1782,3,0,3.0,2.0,3.6666666666666665
1,1,1,49,1,2,3432,1,19,3.7142857142857144,4.333333333333333,3.3333333333333335
0,0,1,36,1,2,54,5,0,3.5714285714285716,3.6666666666666665,3.3333333333333335
1,1,1,39,0,0,3307,1,6,3.857142857142857,5.0,3.0
1,1,1,12,0,0,1495,2,0,3.5714285714285716,1.0,3.3333333333333335
1,1,1,30,1,2,3596,1,0,3.5714285714285716,5.0,3.6666666666666665
1,0,1,39,1,2,236,3,0,3.5714285714285716,3.0,4.0
0,1,1,22,1,2,1484,3,5,3.0,3.0,2.6666666666666665
1,0,1,34,1,2,487,5,1,3.7142857142857144,3.6666666666666665,4.333333333333333
0,1,1,47,1,0,409,5,66,3.5714285714285716,2.3333333333333335,4.0
0,1,1,48,1,2,5477,3,134,2.2857142857142856,1.3333333333333333,2.3333333333333335
1,0,1,41,1,0,1036,3,2,4.0,5.0,3.3333333333333335
1,1,1,68,0,2,1442,5,60,4.0,2.6666666666666665,4.666666666666667
0,0,1,29,1,2,5637,1,165,2.5714285714285716,2.0,1.6666666666666667
1,1,1,38,1,2,1236,5,30,4.571428571428571,4.333333333333333,4.666666666666667
1,0,1,17,1,2,2782,2,45,3.5714285714285716,5.0,4.0
0,1,0,29,1,0,1483,5,1,2.4285714285714284,4.0,2.6666666666666665
1,0,0,23,1,2,2241,0,5,4.0,2.0,3.3333333333333335
1,1,1,40,1,2,2039,4,7,3.2857142857142856,3.6666666666666665,3.0
1,1,1,37,0,2,88,1,0,3.0,4.0,3.3333333333333335
0,0,1,41,1,0,1646,1,9,2.4285714285714284,3.0,3.0
1,1,1,45,1,2,3640,5,10,4.2,4.666666666666667,3.6666666666666665
0,0,1,34,1,2,1071,3,0,2.142857142857143,3.0,1.6666666666666667
0,1,0,46,1,0,3954,4,0,2.857142857142857,2.0,2.3333333333333335
0,0,1,15,0,0,1825,4,8,1.8571428571428572,1.0,2.6666666666666665
0,0,1,42,1,2,2159,2,0,2.857142857142857,2.6666666666666665,2.0
1,1,1,46,1,0,893,5,0,4.571428571428571,4.0,4.0
1,1,1,41,1,2,1146,4,0,3.5714285714285716,4.666666666666667,3.6666666666666665
1,1,1,30,0,0,2300,5,8,3.7142857142857144,2.3333333333333335,4.0
1,1,1,49,0,0,1523,4,3,3.5714285714285716,4.333333333333333,2.3333333333333335
1,0,1,38,1,2,3177,1,0,2.5714285714285716,2.0,2.3333333333333335
0,0,1,39,1,2,1472,4,88,2.7142857142857144,2.6666666666666665,2.3333333333333335
1,1,1,62,0,0,341,5,8,4.0,3.3333333333333335,4.333333333333333
0,0,1,69,0,0,2705,4,0,3.2857142857142856,2.6666666666666665,4.666666666666667
1,1,1,55,1,2,2818,1,106,3.857142857142857,4.333333333333333,2.6666666666666665
0,0,1,50,1,2,2150,5,5,2.7142857142857144,3.0,3.0
1,1,1,28,1,2,5036,2,5,3.7142857142857144,4.0,3.3333333333333335
0,0,1,60,0,0,1666,5,0,4.0,5.0,4.333333333333333
0,0,0,30,1,2,2172,4,0,4.0,4.0,3.6666666666666665
0,0,1,10,0,0,2092,2,2,2.5714285714285716,4.0,3.3333333333333335
1,1,1,54,1,2,2786,4,0,4.714285714285714,4.333333333333333,4.666666666666667
1,1,1,20,1,2,3770,3,0,4.0,4.0,4.0
1,0,1,50,1,2,1702,2,15,2.5714285714285716,3.3333333333333335,2.3333333333333335
1,1,1,41,1,2,1952,1,46,3.7142857142857144,4.666666666666667,3.6666666666666665
0,0,1,23,1,2,4535,2,0,2.5714285714285716,2.0,3.0
1,1,0,19,1,0,2743,2,8,2.7142857142857144,2.0,3.0
1,1,1,53,0,0,457,4,46,3.857142857142857,3.6666666666666665,4.0
0,0,1,56,0,0,1696,5,0,3.7142857142857144,1.0,4.0
1,1,1,58,1,2,1875,1,0,3.0,3.6666666666666665,3.0
1,1,1,51,0,0,1456,5,12,3.4285714285714284,4.333333333333333,3.6666666666666665
1,1,1,41,0,0,1903,3,0,3.4285714285714284,2.0,2.3333333333333335
0,0,1,46,0,0,1309,5,0,2.7142857142857144,4.0,4.0
1,1,1,47,0,0,1004,0,0,3.6,5.0,2.6666666666666665
0,1,1,50,1,2,1092,1,0,1.8571428571428572,3.0,1.6666666666666667
1,0,0,28,1,2,2506,4,2,4.0,4.0,4.333333333333333
1,1,1,63,1,2,361,4,17,3.7142857142857144,4.333333333333333,4.333333333333333
0,1,1,19,0,0,2070,1,76,2.857142857142857,2.6666666666666665,3.0
0,0,1,36,1,2,1775,4,126,2.7142857142857144,2.6666666666666665,3.3333333333333335
0,0,0,38,1,1,1238,4,0,3.7142857142857144,3.0,2.0
0,0,1,19,0,0,1874,4,30,3.0,4.0,2.6666666666666665
0,1,1,21,1,2,2147,0,0,3.4,3.3333333333333335,2.6666666666666665
0,1,0,44,1,1,1058,1,0,1.4285714285714286,1.0,3.6666666666666665
1,0,1,52,1,2,2662,1,19,3.142857142857143,4.0,3.3333333333333335
0,1,1,28,1,2,1765,3,0,2.142857142857143,1.0,2.3333333333333335
1,0,1,47,1,2,1123,4,0,4.142857142857143,4.0,3.6666666666666665
1,0,0,24,1,2,2053,0,168,4.25,4.0,4.0
1,0,1,52,1,2,365,0,11,2.4,4.0,3.0
1,1,1,58,1,1,245,5,63,4.142857142857143,3.0,3.3333333333333335
0,1,1,45,1,2,2261,4,0,2.7142857142857144,3.3333333333333335,2.6666666666666665
0,0,0,22,1,0,1156,5,0,4.0,5.0,4.333333333333333
0,0,1,27,0,0,2319,1,0,2.0,1.0,2.6666666666666665
1,1,1,44,1,2,3410,4,0,4.0,4.0,3.6666666666666665
0,1,1,48,1,2,536,3,11,2.4285714285714284,2.6666666666666665,2.0
0,0,1,28,0,0,3915,5,4,2.2857142857142856,2.0,2.0
1,1,1,49,1,2,261,4,0,4.428571428571429,4.333333333333333,4.0
1,0,1,38,1,2,1841,4,1,3.857142857142857,2.3333333333333335,3.6666666666666665
1,0,1,51,1,2,2254,1,1,3.4285714285714284,5.0,3.6666666666666665
1,0,1,31,0,0,1999,4,14,3.0,1.0,2.6666666666666665
1,0,1,23,1,2,2795,5,4,4.0,5.0,4.666666666666667
1,1,1,28,1,2,3142,2,0,3.5714285714285716,5.0,3.3333333333333335
1,0,1,52,1,2,2583,2,4,4.428571428571429,4.666666666666667,4.333333333333333
0,0,0,57,0,0,2680,4,87,2.857142857142857,5.0,3.3333333333333335
1,0,1,33,1,2,1149,3,0,4.285714285714286,5.0,4.333333333333333
1,1,1,21,0,0,2044,2,0,2.2857142857142856,4.0,2.6666666666666665
0,0,1,66,1,2,593,3,0,3.0,3.0,3.0
1,1,1,33,1,2,2086,1,0,3.0,4.333333333333333,3.0
1,1,1,50,1,2,2297,3,21,4.285714285714286,4.0,4.333333333333333
0,0,1,48,0,0,1922,4,42,2.7142857142857144,3.0,4.0
0,0,1,46,0,1,2487,5,0,3.7142857142857144,4.0,3.6666666666666665
0,0,1,27,0,0,3192,2,0,2.857142857142857,2.0,3.0
1,0,1,54,0,0,2679,5,0,4.142857142857143,2.3333333333333335,3.0
0,0,1,13,0,2,2624,4,197,3.4285714285714284,4.333333333333333,4.0
1,0,0,27,1,2,2704,4,27,3.5714285714285716,3.0,3.6666666666666665
0,0,0,38,1,0,1904,3,0,2.8,5.0,3.3333333333333335
1,1,1,43,1,2,1773,2,1,3.4285714285714284,3.6666666666666665,3.6666666666666665
0,1,1,56,1,0,1613,4,3,3.0,2.6666666666666665,3.3333333333333335
1,0,1,32,1,0,1737,3,76,3.2857142857142856,5.0,2.3333333333333335
0,1,0,26,1,1,1239,4,5,3.2857142857142856,5.0,3.3333333333333335
1,0,1,53,1,2,357,0,0,2.6,2.0,3.0
1,1,1,51,1,2,694,4,9,4.571428571428571,4.0,4.333333333333333
1,0,1,50,1,2,2007,5,55,2.6,3.0,2.6666666666666665
1,1,1,34,1,2,241,3,25,3.1666666666666665,3.6666666666666665,3.6666666666666665
1,1,1,75,1,2,442,5,0,4.714285714285714,3.3333333333333335,4.0
1,0,1,67,1,2,3598,3,26,4.142857142857143,4.333333333333333,3.6666666666666665
0,1,1,40,1,1,1929,2,225,3.5714285714285716,2.6666666666666665,2.6666666666666665
1,0,1,23,1,2,4459,1,4,2.5714285714285716,3.0,2.6666666666666665
0,0,1,66,0,2,1764,4,0,2.2857142857142856,3.6666666666666665,3.3333333333333335
0,1,0,38,1,2,1521,4,24,4.142857142857143,3.3333333333333335,3.3333333333333335
1,0,0,58,1,2,1539,4,0,4.0,5.0,3.6666666666666665
1,1,1,13,0,0,2155,4,0,4.0,3.6666666666666665,3.0
0,0,1,47,0,2,101,2,0,2.4,3.0,2.6666666666666665
0,0,1,55,1,2,1915,2,0,2.5714285714285716,2.3333333333333335,1.6666666666666667
0,0,0,25,1,2,2774,5,0,3.0,5.0,3.3333333333333335
1,1,1,58,1,2,346,4,0,4.142857142857143,4.666666666666667,4.333333333333333
1,0,1,26,1,2,3548,1,16,3.0,3.0,3.3333333333333335
0,0,0,35,1,0,2818,2,1,3.0,3.0,2.3333333333333335
1,1,1,57,1,2,733,5,32,3.142857142857143,4.0,4.0
1,1,1,20,0,0,1664,5,0,4.142857142857143,4.0,3.6666666666666665
1,1,1,42,0,2,255,5,0,4.571428571428571,3.6666666666666665,4.666666666666667
0,1,1,65,1,0,50,2,2,1.5714285714285714,2.3333333333333335,2.0
0,0,0,37,1,2,2089,3,0,3.5714285714285716,3.3333333333333335,4.333333333333333
0,0,1,43,1,2,971,2,0,2.0,1.6666666666666667,2.3333333333333335
1,0,1,40,0,1,989,5,0,3.7142857142857144,1.0,4.333333333333333
0,0,1,66,0,0,2105,2,79,1.8571428571428572,4.0,3.3333333333333335
0,0,1,54,0,0,3100,3,28,2.142857142857143,1.0,4.0
0,0,0,26,1,2,1104,2,0,3.2857142857142856,5.0,3.3333333333333335
0,1,1,15,0,0,3020,4,0,3.857142857142857,2.0,3.6666666666666665
0,1,1,51,0,0,2729,2,180,1.8571428571428572,2.0,3.0
1,1,1,45,0,1,1090,2,0,3.7142857142857144,4.0,3.3333333333333335
0,1,1,51,0,0,94,5,0,3.4285714285714284,4.0,4.333333333333333
1,0,1,13,0,0,1692,2,0,3.857142857142857,2.0,3.6666666666666665
1,1,0,50,1,2,1988,4,109,3.2857142857142856,3.0,4.0
1,1,1,63,0,0,212,3,4,3.5714285714285716,4.0,2.6666666666666665
0,0,1,55,1,0,1907,1,0,3.0,3.0,2.6666666666666665
0,0,1,30,0,0,1191,1,0,2.5714285714285716,1.0,3.6666666666666665
0,0,1,11,0,0,2983,0,0,2.7142857142857144,3.6666666666666665,4.333333333333333
1,0,1,55,1,2,1951,1,7,4.0,4.333333333333333,3.6666666666666665
0,1,0,23,1,2,1106,2,61,2.7142857142857144,2.0,3.3333333333333335
0,1,0,50,1,2,932,3,0,3.4285714285714284,5.0,4.0
1,0,0,41,1,2,2685,5,302,4.142857142857143,3.6666666666666665,4.0
0,0,1,14,0,0,3997,5,16,2.857142857142857,1.0,3.3333333333333335
1,0,1,32,1,2,2376,5,0,4.285714285714286,4.0,4.333333333333333
1,1,1,24,1,2,4100,1,0,2.7142857142857144,4.0,2.6666666666666665
1,0,1,60,1,2,2620,4,0,4.0,4.0,4.333333333333333
1,1,0,27,1,2,1930,4,42,4.285714285714286,3.0,3.3333333333333335
1,1,1,27,0,0,1614,3,0,3.857142857142857,3.3333333333333335,4.333333333333333
0,1,0,40,1,2,1950,4,0,3.7142857142857144,4.0,2.6666666666666665
0,0,0,27,1,0,1146,0,0,2.4285714285714284,1.0,3.0
1,1,1,47,1,0,904,2,0,2.857142857142857,3.6666666666666665,2.6666666666666665
1,1,1,54,1,1,868,3,0,3.857142857142857,4.0,3.3333333333333335
0,0,1,48,0,0,1495,4,0,3.0,1.0,4.0
1,0,1,21,1,2,2758,1,0,3.0,4.0,2.6666666666666665
0,0,1,37,0,0,3039,3,0,1.8571428571428572,2.0,3.0
1,0,1,51,1,2,2742,5,28,3.7142857142857144,3.3333333333333335,3.6666666666666665
0,1,1,58,1,1,721,4,0,2.2857142857142856,2.3333333333333335,2.6666666666666665
1,0,1,36,1,2,1752,2,0,3.7142857142857144,3.6666666666666665,3.6666666666666665
0,0,1,37,1,2,517,3,0,1.7142857142857142,1.6666666666666667,2.0
0,1,0,18,1,0,1620,4,0,2.2857142857142856,2.0,3.0
0,1,0,27,1,2,2647,2,0,3.142857142857143,2.0,3.3333333333333335
1,0,1,22,0,0,1544,5,0,4.142857142857143,2.0,4.333333333333333
0,1,0,10,1,0,1782,4,0,2.857142857142857,1.0,2.6666666666666665
0,1,1,26,1,0,3897,2,0,2.0,1.3333333333333333,2.0
1,1,1,51,0,0,1199,4,0,3.0,3.6666666666666665,3.0
0,0,0,26,1,0,1484,1,0,3.0,3.0,2.6666666666666665
0,0,1,50,0,2,687,2,0,2.5714285714285716,3.3333333333333335,3.3333333333333335
0,0,1,69,0,0,2071,3,34,1.7142857142857142,1.0,2.6666666666666665
0,0,1,64,0,0,2319,5,32,3.2857142857142856,1.3333333333333333,4.0
0,0,1,16,0,0,2175,3,0,3.2857142857142856,3.0,2.3333333333333335
1,1,1,32,1,2,4356,1,0,3.142857142857143,4.333333333333333,3.6666666666666665
1,1,1,45,0,0,400,1,1,3.3333333333333335,4.333333333333333,3.3333333333333335
1,0,1,23,1,1,2627,2,29,4.0,4.333333333333333,3.0
1,1,1,47,1,2,2746,4,11,3.7142857142857144,4.333333333333333,4.333333333333333
0,0,0,62,1,2,1619,2,0,2.857142857142857,2.3333333333333335,4.0
0,0,1,44,0,0,3045,5,0,2.857142857142857,2.0,2.3333333333333335
0,0,1,24,0,0,1251,4,19,3.142857142857143,1.0,3.3333333333333335
1,1,1,52,0,0,2231,4,1,3.2857142857142856,2.6666666666666665,3.3333333333333335
0,0,1,31,0,2,2670,3,0,2.7142857142857144,3.0,3.3333333333333335
1,0,1,51,1,2,1757,4,0,4.285714285714286,4.0,3.6666666666666665
1,1,1,40,1,0,1742,2,7,4.428571428571429,4.0,1.6666666666666667
1,0,0,47,1,2,1293,5,0,4.857142857142857,5.0,4.333333333333333
1,1,1,36,1,0,2173,4,88,4.428571428571429,5.0,4.0
0,0,1,60,0,0,1377,3,4,2.2857142857142856,2.6666666666666665,4.0
0,0,1,38,1,2,305,3,0,2.857142857142857,2.3333333333333335,3.3333333333333335
1,0,1,12,0,0,2638,5,13,4.0,5.0,3.6666666666666665
0,0,1,57,0,2,341,5,5,3.4285714285714284,4.666666666666667,3.0
1,0,1,44,1,2,1585,2,1,3.4285714285714284,4.0,3.6666666666666665
0,0,1,56,0,0,1712,4,0,3.2857142857142856,4.0,3.0
1,1,1,52,1,0,592,4,0,3.4285714285714284,3.6666666666666665,4.333333333333333
1,1,1,49,1,2,895,5,0,3.0,3.6666666666666665,4.0
1,1,1,28,1,2,4219,5,69,4.142857142857143,3.0,4.333333333333333
0,0,1,30,0,0,2348,2,5,2.0,1.0,3.0
1,0,1,33,1,2,4941,4,0,4.0,4.0,4.333333333333333
0,0,0,21,1,0,2148,1,4,3.142857142857143,5.0,2.0
0,0,1,18,0,0,1822,1,0,2.2857142857142856,1.0,2.6666666666666665
1,0,1,77,1,2,345,2,0,3.5714285714285716,4.333333333333333,3.0
0,0,1,33,1,2,3402,3,6,3.5714285714285716,3.3333333333333335,3.0
0,1,1,7,1,2,1819,3,0,2.142857142857143,2.0,2.6666666666666665
1,1,1,57,1,2,3217,1,35,3.4285714285714284,4.0,3.0
1,1,1,22,1,2,3441,2,0,3.2857142857142856,4.0,3.3333333333333335
1,1,1,43,0,0,512,1,13,2.4285714285714284,3.3333333333333335,3.0
0,0,1,27,0,0,1390,5,0,4.4,5.0,3.6666666666666665
1,1,1,39,1,2,710,5,0,4.0,4.333333333333333,4.333333333333333
1,0,1,58,1,1,1727,4,60,3.4285714285714284,5.0,2.3333333333333335
1,1,1,49,1,2,3824,4,25,4.142857142857143,3.3333333333333335,4.333333333333333
1,1,1,53,1,2,395,5,15,4.571428571428571,4.333333333333333,4.333333333333333
1,1,1,9,0,0,1522,5,26,3.2857142857142856,3.6666666666666665,3.3333333333333335
0,0,0,36,1,0,1315,1,0,2.5714285714285716,3.0,2.3333333333333335
1,0,1,36,1,2,1856,2,155,3.0,4.333333333333333,3.6666666666666665
0,1,1,47,1,2,1822,1,23,2.857142857142857,3.0,2.3333333333333335
1,0,1,55,1,2,391,4,9,3.7142857142857144,4.0,3.0
1,1,1,38,1,0,2262,3,0,3.857142857142857,3.0,4.0
0,0,1,62,0,0,1587,5,50,2.5714285714285716,2.0,3.0
1,1,1,48,0,0,1070,2,87,3.4285714285714284,4.0,4.0
0,0,1,36,0,0,2410,4,0,3.857142857142857,5.0,3.0
0,0,1,42,0,0,2669,4,3,3.5714285714285716,4.0,4.0
1,0,1,22,1,2,2803,5,0,4.142857142857143,5.0,4.666666666666667
0,0,1,56,0,1,1616,3,27,3.0,5.0,4.0
0,1,1,29,1,2,2661,2,139,2.7142857142857144,2.0,2.3333333333333335
0,0,1,58,1,2,65,2,1,2.5714285714285716,2.6666666666666665,2.0
1,0,1,44,1,2,3916,2,10,3.0,4.0,3.0
0,1,0,36,1,2,1906,3,29,3.5714285714285716,3.0,3.6666666666666665
1,1,1,36,1,0,1826,4,178,4.0,5.0,3.6666666666666665
1,1,1,55,1,2,768,5,10,4.857142857142857,4.666666666666667,4.333333333333333
1,1,1,69,0,1,570,5,0,2.142857142857143,2.3333333333333335,3.3333333333333335
0,0,1,43,0,0,1852,5,0,2.4285714285714284,2.0,4.0
1,1,1,56,1,2,590,4,8,4.0,4.333333333333333,3.6666666666666665
0,0,1,59,1,2,340,2,48,2.7142857142857144,3.0,2.3333333333333335
0,0,1,44,0,0,1755,2,24,3.5714285714285716,5.0,2.6666666666666665
1,1,0,20,1,2,2406,0,0,4.285714285714286,4.0,3.3333333333333335
0,0,1,52,0,0,1788,5,0,1.8571428571428572,2.0,3.0
0,0,1,40,0,0,2612,5,23,3.0,5.0,3.0
0,1,1,62,1,0,93,5,0,3.857142857142857,3.3333333333333335,4.333333333333333
0,0,1,54,1,2,3986,4,0,2.2857142857142856,2.0,3.0
1,1,0,27,1,2,2155,0,0,3.5,3.0,4.666666666666667
1,1,1,36,1,2,3408,1,5,2.5714285714285716,3.6666666666666665,3.0
1,1,1,33,1,2,2615,2,0,3.857142857142857,4.0,3.3333333333333335
1,1,1,30,1,2,2131,4,52,4.285714285714286,5.0,4.0
1,0,1,26,1,2,3662,3,0,3.0,2.0,4.0
1,1,1,49,1,2,1570,0,3,3.4,3.6666666666666665,2.3333333333333335
0,0,1,19,1,2,3262,1,0,2.5714285714285716,2.0,2.6666666666666665
1,1,1,26,0,1,2619,1,2,2.4285714285714284,3.3333333333333335,2.6666666666666665
0,0,1,61,1,2,3763,2,0,2.7142857142857144,3.6666666666666665,2.6666666666666665
1,1,1,22,1,2,1295,5,0,1.4,1.0,2.3333333333333335
0,1,0,9,1,0,2074,2,5,2.857142857142857,3.0,4.333333333333333
1,0,1,14,1,2,4430,4,0,3.0,4.0,3.0
1,1,1,56,1,1,574,5,0,3.4285714285714284,3.3333333333333335,4.0
1,1,1,42,0,0,644,5,27,4.428571428571429,4.666666666666667,5.0
1,0,1,31,1,1,2342,0,8,3.75,4.0,1.3333333333333333
0,1,1,54,1,0,1160,3,0,3.0,3.3333333333333335,3.3333333333333335
1,0,1,44,1,2,2182,1,77,3.0,3.3333333333333335,3.6666666666666665
0,1,0,20,1,0,1601,0,0,1.8571428571428572,3.0,3.0
0,0,0,30,1,0,2003,5,2,2.4285714285714284,2.0,2.3333333333333335
0,0,1,15,0,0,1751,3,0,3.5714285714285716,3.0,2.3333333333333335
0,0,1,34,1,2,512,4,0,3.4285714285714284,3.3333333333333335,3.0
1,1,1,43,1,2,1900,1,0,3.5714285714285716,4.333333333333333,3.3333333333333335
0,1,0,39,1,2,1586,4,18,3.7142857142857144,4.0,3.3333333333333335
0,0,1,79,1,2,75,1,0,1.8571428571428572,2.3333333333333335,2.3333333333333335
1,0,1,44,1,0,1251,1,0,2.5714285714285716,3.0,2.0
1,1,1,66,0,0,926,3,0,2.4285714285714284,2.6666666666666665,2.6666666666666665
1,0,1,39,1,2,256,2,9,3.4285714285714284,3.6666666666666665,3.0
0,0,1,11,0,0,1765,1,0,2.142857142857143,5.0,1.0
1,1,1,55,0,0,269,3,34,3.5714285714285716,4.0,4.0
0,0,0,28,1,0,2166,3,37,2.4285714285714284,1.0,4.333333333333333
1,1,1,40,1,2,874,1,31,3.4285714285714284,4.0,3.0
0,0,1,25,1,2,2195,5,20,3.5714285714285716,4.0,4.333333333333333
1,1,1,39,1,2,491,4,1,4.0,4.666666666666667,3.6666666666666665
0,1,1,15,1,2,2880,5,104,3.142857142857143,3.0,3.3333333333333335
1,0,1,37,1,2,2305,2,0,3.5714285714285716,4.0,3.3333333333333335
1,0,1,53,1,2,1904,3,0,3.4285714285714284,4.333333333333333,4.0
1,1,1,64,0,0,1196,4,79,4.285714285714286,4.666666666666667,4.0
1,1,1,49,1,2,3309,2,17,3.2857142857142856,4.0,3.0
1,1,1,29,1,2,3438,4,0,3.7142857142857144,4.0,4.333333333333333
1,1,1,63,1,2,2972,2,0,2.5714285714285716,3.0,3.0
1,1,1,46,0,0,685,3,0,4.571428571428571,4.666666666666667,4.333333333333333
0,0,0,23,1,0,2043,5,0,3.857142857142857,3.0,4.0
1,1,0,29,1,2,1600,0,0,4.5,5.0,4.0
1,1,0,55,1,2,1657,4,6,3.5714285714285716,1.0,3.3333333333333335
1,1,1,12,0,0,1886,5,0,3.4285714285714284,5.0,3.6666666666666665
1,1,1,49,1,2,1227,1,33,2.7142857142857144,3.3333333333333335,2.6666666666666665
1,0,1,43,1,2,231,5,33,4.571428571428571,4.333333333333333,4.666666666666667
1,0,1,43,1,0,1299,5,0,3.7142857142857144,5.0,2.6666666666666665
0,1,0,41,1,2,1276,2,32,2.142857142857143,2.0,2.6666666666666665
1,1,1,8,0,0,2791,3,2,3.857142857142857,4.0,4.0
1,0,1,40,0,0,1849,1,8,4.0,3.0,3.0
1,1,0,17,1,0,1210,0,0,3.0,5.0,2.0
0,1,0,41,1,2,1494,3,25,2.5714285714285716,2.0,3.0
0,0,1,23,1,1,2696,5,0,2.857142857142857,1.6666666666666667,4.0
1,0,1,57,1,2,1281,1,0,2.4285714285714284,4.0,2.6666666666666665
1,1,1,24,1,0,2232,4,0,3.4285714285714284,4.333333333333333,4.333333333333333
1,1,1,16,0,1,981,2,0,4.428571428571429,2.0,3.6666666666666665
0,0,1,32,0,2,2640,5,0,4.0,5.0,3.3333333333333335
0,1,0,50,1,2,1762,1,0,2.0,5.0,3.3333333333333335
1,0,1,65,0,0,1694,5,0,2.4,2.0,2.3333333333333335
0,0,1,36,1,2,3004,5,22,4.285714285714286,3.3333333333333335,3.6666666666666665
1,1,1,41,1,2,2729,1,0,3.2857142857142856,4.0,3.0
1,0,1,49,1,2,3564,2,0,3.5714285714285716,4.333333333333333,3.3333333333333335
1,1,1,38,1,2,2626,1,0,3.4285714285714284,4.666666666666667,3.3333333333333335
0,1,1,15,0,0,2267,4,228,4.142857142857143,4.0,4.333333333333333
1,1,1,29,1,2,1791,3,0,3.857142857142857,5.0,2.6666666666666665
1,1,1,45,1,2,1650,4,0,3.857142857142857,4.666666666666667,4.333333333333333
0,0,0,35,1,2,2247,4,1,3.4285714285714284,3.6666666666666665,3.0
0,0,1,36,0,2,826,2,0,3.4285714285714284,3.6666666666666665,3.0
0,1,1,56,0,0,1083,4,16,3.5714285714285716,4.0,2.6666666666666665
1,0,1,43,1,2,972,2,0,3.5714285714285716,3.6666666666666665,3.3333333333333335
0,0,1,66,0,0,1134,4,0,3.142857142857143,4.0,2.6666666666666665
1,1,1,29,1,0,1165,0,0,3.2,5.0,4.333333333333333
1,0,1,44,1,2,1660,1,9,3.2857142857142856,4.666666666666667,3.3333333333333335
1,0,1,36,1,0,1309,2,0,3.5714285714285716,4.0,2.3333333333333335
0,1,0,23,1,2,1660,1,0,2.857142857142857,4.0,3.3333333333333335
0,1,1,48,0,0,244,3,0,3.4285714285714284,2.6666666666666665,2.6666666666666665
1,0,1,42,1,2,2166,2,9,2.2857142857142856,3.3333333333333335,3.0
0,1,0,26,1,0,2384,2,0,2.142857142857143,3.0,2.3333333333333335
0,0,1,69,0,0,1950,5,0,3.5714285714285716,2.0,3.3333333333333335
1,0,1,36,1,2,3641,5,26,4.0,3.0,3.3333333333333335
1,1,1,45,1,2,1551,5,0,4.142857142857143,4.0,4.333333333333333
0,1,0,34,1,2,1630,4,13,4.0,1.0,4.0
1,1,1,22,0,0,2287,1,2,3.142857142857143,4.333333333333333,3.3333333333333335
0,0,1,58,1,2,2038,4,3,2.857142857142857,3.0,2.3333333333333335
0,1,1,33,1,2,1843,5,0,3.142857142857143,3.0,3.6666666666666665
0,0,0,55,1,0,2336,2,0,2.857142857142857,2.0,3.0
0,0,1,75,1,2,3043,4,102,3.2857142857142856,3.3333333333333335,3.3333333333333335
0,1,0,32,1,0,1780,3,0,1.4285714285714286,1.0,3.0
0,0,1,34,0,0,2253,5,10,3.4285714285714284,5.0,3.6666666666666665
0,0,1,24,0,0,1908,4,0,3.4285714285714284,2.0,2.6666666666666665
1,1,1,60,1,0,1042,5,0,3.0,4.666666666666667,3.3333333333333335
0,0,1,19,0,0,3119,2,33,3.0,3.0,3.0
1,1,1,63,0,0,757,1,0,3.7142857142857144,4.666666666666667,3.0
1,1,1,38,1,2,701,4,32,4.428571428571429,4.333333333333333,3.6666666666666665
0,1,0,43,1,0,1469,2,10,2.5714285714285716,4.0,4.0
1,1,1,28,1,2,2756,0,6,3.6,4.0,3.3333333333333335
1,1,0,48,1,2,3158,4,12,4.142857142857143,4.0,3.3333333333333335
0,1,0,68,1,2,2059,2,0,3.0,3.0,4.333333333333333
1,1,1,41,1,2,1933,5,119,4.0,4.333333333333333,4.333333333333333
0,1,0,42,1,0,2537,2,0,1.8571428571428572,1.0,3.6666666666666665
0,1,1,44,0,0,806,2,15,2.7142857142857144,1.6666666666666667,2.6666666666666665
1,1,0,20,1,0,1397,0,4,4.571428571428571,4.0,3.6666666666666665
0,1,0,24,1,0,1694,0,2,2.4285714285714284,1.0,4.0
1,0,1,57,1,0,1523,5,0,3.4285714285714284,4.0,3.0
1,1,1,37,0,0,1736,3,21,3.142857142857143,2.6666666666666665,3.3333333333333335
1,1,1,49,1,2,3924,1,10,3.857142857142857,4.666666666666667,3.6666666666666665
1,0,1,63,1,2,289,5,10,4.571428571428571,4.0,4.666666666666667
0,1,1,33,1,2,2886,4,0,3.142857142857143,3.0,2.6666666666666665
1,0,0,22,1,2,1275,0,29,3.5714285714285716,1.0,3.3333333333333335
0,0,1,68,0,0,2895,5,0,3.0,1.0,2.6666666666666665
1,0,1,49,1,2,3663,2,0,4.285714285714286,4.333333333333333,4.0
0,1,0,41,1,2,2548,2,0,2.857142857142857,2.6666666666666665,3.6666666666666665
1,1,1,42,1,2,1521,5,2,3.2857142857142856,4.0,3.3333333333333335
1,1,1,16,1,0,1837,5,0,4.285714285714286,4.666666666666667,4.0
0,0,1,10,0,0,1861,5,34,2.5714285714285716,1.0,3.3333333333333335
1,1,1,68,0,1,710,5,0,4.142857142857143,4.0,3.6666666666666665
1,1,1,40,1,2,333,4,22,4.285714285714286,4.666666666666667,4.666666666666667
1,0,1,46,0,0,1456,4,0,4.0,1.0,5.0
0,0,1,8,0,1,3726,4,10,2.2857142857142856,1.0,3.0
1,0,1,15,1,2,4537,3,0,3.857142857142857,5.0,2.6666666666666665
0,1,1,24,1,2,3292,5,13,2.2857142857142856,1.0,3.0
0,0,1,37,0,0,2175,5,0,3.0,2.0,3.0
1,1,1,45,1,2,3958,1,0,3.7142857142857144,4.666666666666667,3.0
0,1,1,31,0,1,2361,1,0,2.857142857142857,1.0,3.3333333333333335
0,0,0,19,1,0,2622,3,0,2.857142857142857,1.3333333333333333,3.0
1,1,1,54,1,2,1229,2,0,3.2857142857142856,3.6666666666666665,3.0
0,0,1,61,0,0,2247,4,115,2.7142857142857144,3.0,3.6666666666666665
1,1,1,45,0,0,1192,0,0,4.0,4.333333333333333,3.6666666666666665
0,1,1,34,0,0,1989,1,35,3.4285714285714284,2.6666666666666665,2.6666666666666665
1,1,1,24,0,0,2295,5,0,4.142857142857143,4.0,4.666666666666667
0,1,0,17,1,0,2138,2,0,3.0,5.0,3.6666666666666665
1,0,1,50,0,0,2031,4,0,2.2857142857142856,2.0,2.6666666666666665
1,0,1,56,1,2,359,4,6,4.285714285714286,4.0,3.6666666666666665
0,1,1,25,1,1,2507,4,0,3.5714285714285716,4.0,4.0
1,1,1,12,0,0,1942,2,0,2.5,3.0,4.0
1,1,1,55,0,0,421,5,0,4.142857142857143,4.333333333333333,4.666666666666667
0,0,1,29,0,2,1481,1,0,2.142857142857143,2.0,3.3333333333333335
1,0,1,56,1,1,1132,5,0,4.428571428571429,5.0,4.0
0,1,1,57,0,0,447,5,0,2.2857142857142856,1.6666666666666667,2.0
0,1,1,55,1,0,710,4,0,2.857142857142857,2.0,2.3333333333333335
1,1,1,21,0,0,2094,4,0,3.4285714285714284,3.0,2.3333333333333335
0,1,0,26,1,2,1443,5,0,4.0,5.0,4.0
1,1,1,59,0,0,633,5,17,4.571428571428571,4.333333333333333,4.666666666666667
1,1,1,45,1,0,369,5,0,4.142857142857143,3.3333333333333335,4.666666666666667
0,0,0,18,1,0,1941,3,1,2.4285714285714284,5.0,3.3333333333333335
1,1,1,58,1,2,3175,1,0,3.857142857142857,4.0,3.3333333333333335
0,0,1,35,0,0,2103,4,0,3.0,3.0,3.0
1,0,1,27,1,2,2852,1,4,3.7142857142857144,5.0,3.3333333333333335
1,1,1,51,1,2,532,3,0,4.0,4.666666666666667,4.0
0,0,1,21,0,0,1927,4,32,2.5714285714285716,1.0,4.333333333333333
1,0,1,31,1,2,3547,1,10,4.0,3.0,4.666666666666667
1,0,1,35,1,2,2286,1,14,3.4285714285714284,4.333333333333333,3.0
1,1,1,28,1,0,4126,0,0,4.5,2.6666666666666665,4.333333333333333
0,0,1,49,0,0,2032,3,0,2.4285714285714284,2.0,3.6666666666666665
1,0,1,31,1,2,3637,1,8,2.7142857142857144,4.0,2.6666666666666665
1,1,1,70,0,0,355,3,2,2.75,2.0,3.0
0,0,1,55,1,0,2391,1,0,2.5714285714285716,2.0,2.0
1,1,1,34,0,0,2078,4,0,2.7142857142857144,2.0,3.6666666666666665
1,1,1,42,0,2,470,1,0,3.4285714285714284,5.0,3.6666666666666665
0,0,1,45,0,1,2289,3,6,2.2857142857142856,1.0,2.3333333333333335
1,1,0,39,1,2,1426,5,88,4.0,4.0,3.3333333333333335
0,0,0,16,1,0,1985,0,27,3.5714285714285716,5.0,3.3333333333333335
1,1,1,28,0,0,1779,2,4,3.7142857142857144,4.0,3.0
1,0,1,58,1,2,1351,4,0,3.142857142857143,3.3333333333333335,3.6666666666666665
0,1,1,31,1,2,2029,4,0,2.5714285714285716,3.0,4.0
1,1,1,56,1,2,665,2,52,3.7142857142857144,4.666666666666667,3.3333333333333335
1,1,1,49,1,0,800,3,0,4.142857142857143,4.666666666666667,3.0
1,1,1,38,1,2,2964,2,0,4.0,5.0,3.3333333333333335
1,0,1,41,1,0,2004,3,0,4.0,4.0,2.3333333333333335
1,0,1,58,1,0,2311,1,0,3.2857142857142856,2.0,2.0
1,1,1,20,0,0,1503,4,3,4.0,4.0,4.333333333333333
0,1,0,33,1,0,1066,0,1,2.142857142857143,2.0,2.6666666666666665
0,1,0,44,1,2,2177,2,0,3.2857142857142856,2.0,3.3333333333333335
0,0,1,29,0,2,2138,1,0,2.142857142857143,1.6666666666666667,2.6666666666666665
0,0,1,16,0,1,1724,2,0,1.4285714285714286,1.0,2.6666666666666665
1,0,0,44,1,2,1518,5,0,4.285714285714286,5.0,3.3333333333333335
1,0,1,50,1,1,2128,2,18,2.142857142857143,2.0,2.0
1,1,1,34,1,2,615,3,0,4.285714285714286,5.0,3.6666666666666665
1,0,1,28,1,2,3504,4,0,3.2857142857142856,4.0,3.0
0,0,1,43,0,0,2066,4,0,2.142857142857143,2.3333333333333335,2.6666666666666665
1,1,1,57,1,2,1163,1,0,4.0,4.666666666666667,4.0
0,1,1,39,1,2,2109,3,4,3.142857142857143,3.0,3.0
0,1,0,21,1,0,1848,0,0,2.142857142857143,1.0,4.0
1,1,1,57,1,2,2925,3,0,3.7142857142857144,4.333333333333333,3.6666666666666665
1,0,1,46,1,2,1549,3,0,3.7142857142857144,2.6666666666666665,4.0
1,0,1,42,1,2,1192,5,2,4.142857142857143,4.0,4.333333333333333
0,1,0,28,1,2,1415,1,74,1.5714285714285714,2.0,3.3333333333333335
1,1,1,45,0,0,1075,3,40,3.7142857142857144,4.333333333333333,4.0
1,1,1,34,1,2,820,3,65,4.0,4.666666666666667,4.0
1,1,1,52,0,1,864,5,58,4.428571428571429,4.333333333333333,4.333333333333333
0,0,1,26,0,0,1852,2,0,2.0,2.0,2.6666666666666665
1,1,1,31,0,2,1760,1,38,3.5714285714285716,4.0,3.3333333333333335
1,1,1,20,0,0,1297,3,0,4.285714285714286,4.0,3.6666666666666665
1,1,1,14,0,2,3336,5,1,4.571428571428571,3.0,3.6666666666666665
0,0,1,47,0,0,2375,4,35,3.857142857142857,4.0,4.0
0,0,1,9,0,1,1265,4,0,2.857142857142857,4.0,3.0
1,0,1,39,1,2,3912,4,5,3.7142857142857144,4.333333333333333,3.6666666666666665
1,1,1,13,0,0,1184,5,9,3.142857142857143,4.0,2.6666666666666665
1,1,1,53,1,2,3946,5,88,4.285714285714286,4.0,4.666666666666667
0,1,0,20,1,0,1681,1,27,3.7142857142857144,4.333333333333333,3.0
1,0,1,57,1,2,2473,1,25,3.142857142857143,3.0,3.0
1,0,0,27,1,2,1305,5,16,4.0,3.0,3.0
1,0,1,39,1,2,3879,1,0,3.5714285714285716,5.0,3.3333333333333335
1,0,1,55,1,2,392,1,12,2.857142857142857,4.0,3.3333333333333335
1,0,1,41,1,2,1086,5,0,4.285714285714286,3.3333333333333335,4.666666666666667
0,0,1,56,1,0,2352,1,0,2.5714285714285716,2.0,2.0
0,0,1,57,0,0,3289,4,16,3.5714285714285716,2.0,3.3333333333333335
0,1,1,39,1,2,2814,4,6,3.2857142857142856,2.6666666666666665,3.0
1,0,1,53,1,2,3876,1,0,4.0,3.6666666666666665,2.6666666666666665
0,0,0,54,1,0,2401,1,0,1.7142857142857142,2.3333333333333335,3.0
1,0,1,59,1,2,960,1,0,3.142857142857143,4.0,3.0
1,1,1,59,0,0,70,2,0,3.142857142857143,4.666666666666667,3.0
1,0,1,48,1,2,1586,1,0,3.2857142857142856,3.6666666666666665,2.6666666666666665
1,1,1,46,1,2,1065,5,0,4.0,3.3333333333333335,4.666666666666667
0,0,1,41,0,0,2786,1,18,2.2857142857142856,5.0,2.6666666666666665
1,1,1,37,1,2,2478,4,17,3.857142857142857,4.333333333333333,4.0
1,0,1,52,1,2,2011,4,0,4.571428571428571,4.333333333333333,4.333333333333333
0,0,1,41,0,0,1889,4,0,3.142857142857143,3.0,3.6666666666666665
0,1,1,25,1,2,4186,5,13,2.2857142857142856,1.0,4.0
1,1,1,26,0,0,2881,3,0,3.4285714285714284,4.0,3.3333333333333335
1,0,1,33,1,2,4657,3,91,3.0,2.0,4.333333333333333
0,0,1,17,1,2,2805,2,0,2.5714285714285716,2.6666666666666665,3.0
1,1,1,61,0,0,1574,4,0,3.4285714285714284,3.3333333333333335,4.0
1,0,1,49,1,2,1130,3,8,3.7142857142857144,4.0,3.3333333333333335
1,1,1,51,1,0,1013,1,9,4.285714285714286,2.6666666666666665,3.3333333333333335
1,0,1,52,1,2,5352,4,256,3.142857142857143,3.3333333333333335,3.6666666666666665
0,0,1,34,0,0,2520,4,0,3.0,3.0,3.6666666666666665
0,0,0,11,1,0,1811,2,123,2.5714285714285716,3.0,3.0
0,1,0,25,1,0,2220,3,0,2.4285714285714284,1.6666666666666667,2.3333333333333335
0,0,1,72,1,1,1775,3,94,2.0,1.0,2.3333333333333335
0,1,1,35,0,0,1058,4,0,3.4285714285714284,2.3333333333333335,2.6666666666666665
1,1,1,20,0,0,1890,4,0,4.285714285714286,5.0,4.666666666666667
1,0,1,49,1,2,313,1,10,3.7142857142857144,4.333333333333333,3.3333333333333335
1,0,1,30,1,2,1322,5,62,4.428571428571429,4.0,4.333333333333333
1,0,1,43,1,2,765,5,0,3.7142857142857144,3.6666666666666665,4.333333333333333
0,0,0,38,1,0,1281,5,0,3.142857142857143,2.6666666666666665,3.3333333333333335
0,1,1,10,0,1,1471,2,11,3.7142857142857144,4.0,3.6666666666666665
1,0,1,45,1,2,456,4,0,4.142857142857143,4.0,4.666666666666667
1,1,1,37,1,0,1508,2,71,3.5714285714285716,4.0,2.3333333333333335
1,1,1,30,1,2,3017,4,2,3.0,4.0,3.0
0,1,1,46,1,2,926,3,103,2.5714285714285716,2.3333333333333335,2.0
0,0,1,50,0,0,1916,4,104,3.7142857142857144,1.0,3.0
1,0,1,55,1,2,3813,3,47,3.857142857142857,4.0,3.3333333333333335
0,0,1,55,0,0,1430,3,0,2.0,1.0,3.6666666666666665
0,0,1,29,0,0,1261,4,0,3.142857142857143,2.0,3.0
0,0,1,26,0,0,1757,3,4,3.4285714285714284,5.0,2.3333333333333335
0,0,1,31,0,0,2863,5,84,3.4285714285714284,3.3333333333333335,2.0
1,1,1,53,1,2,2336,5,2,4.428571428571429,4.0,3.6666666666666665
0,1,1,39,1,2,1539,4,0,2.142857142857143,1.6666666666666667,2.6666666666666665
1,1,0,23,1,0,2410,5,31,3.7142857142857144,3.0,3.3333333333333335
1,1,1,26,1,2,5206,3,5,3.857142857142857,4.0,3.6666666666666665
0,1,1,52,0,0,370,5,32,3.0,3.6666666666666665,4.0
0,0,1,51,1,2,3924,3,74,3.142857142857143,2.6666666666666665,3.6666666666666665
1,0,1,34,1,2,3905,5,0,4.571428571428571,3.0,4.666666666666667
1,1,1,28,1,2,4831,2,11,4.0,4.0,3.6666666666666665
0,0,1,49,1,2,726,4,0,3.2857142857142856,3.3333333333333335,2.6666666666666665
1,1,1,58,1,2,2719,1,1,3.142857142857143,4.0,2.6666666666666665
0,0,1,24,0,2,1563,4,0,3.142857142857143,3.0,3.6666666666666665
1,0,0,30,1,2,2651,4,0,3.4285714285714284,1.0,3.3333333333333335
0,0,0,33,1,2,1541,2,53,3.2857142857142856,5.0,4.0
1,1,1,53,1,2,3795,5,0,4.285714285714286,4.333333333333333,5.0
0,1,0,26,1,0,2415,1,0,3.0,3.0,3.0
1,1,1,38,1,0,2691,4,18,3.142857142857143,5.0,3.3333333333333335
1,1,1,53,1,2,304,0,51,3.6,4.0,3.3333333333333335
1,1,1,11,0,0,1948,5,0,4.428571428571429,2.3333333333333335,3.6666666666666665
1,1,1,29,1,2,2611,3,219,3.5714285714285716,4.333333333333333,4.0
0,1,1,68,0,0,303,5,0,4.285714285714286,4.333333333333333,4.0
1,0,1,42,1,2,1807,4,0,4.571428571428571,4.666666666666667,4.333333333333333
1,1,1,28,0,0,1540,4,0,4.0,4.0,3.6666666666666665
1,1,1,45,1,0,782,3,1,4.571428571428571,3.6666666666666665,4.333333333333333
1,1,1,8,0,1,2266,5,0,5.0,5.0,4.666666666666667
0,1,1,25,1,2,1860,1,0,2.857142857142857,2.0,2.3333333333333335
0,0,1,17,0,0,1399,5,64,3.0,1.3333333333333333,3.6666666666666665
1,1,1,25,0,0,2358,1,0,3.5714285714285716,5.0,2.3333333333333335
0,1,1,65,1,0,670,2,0,2.0,2.6666666666666665,1.3333333333333333
1,1,1,52,1,2,3441,2,0,3.7142857142857144,4.666666666666667,3.6666666666666665
1,1,0,20,1,0,1582,4,4,4.25,1.6666666666666667,2.6666666666666665
1,1,1,25,1,2,4877,1,0,2.7142857142857144,4.0,1.6666666666666667
0,0,0,29,1,2,1933,3,0,3.142857142857143,2.3333333333333335,4.333333333333333
0,0,1,27,0,0,1351,3,0,3.142857142857143,4.0,2.6666666666666665
0,0,0,35,1,2,1922,2,0,3.142857142857143,4.0,4.666666666666667
0,1,0,23,1,0,1997,0,105,3.142857142857143,1.0,2.0
1,1,1,17,0,0,1591,4,5,4.142857142857143,4.0,4.0
1,0,0,22,1,0,2563,4,0,3.7142857142857144,5.0,3.3333333333333335
0,1,1,48,1,2,3451,1,0,2.5714285714285716,2.3333333333333335,1.6666666666666667
0,0,1,59,0,0,1012,4,0,3.2857142857142856,5.0,4.0
0,0,1,17,0,0,3333,5,0,3.142857142857143,2.0,3.0
1,0,1,37,1,2,3849,4,0,4.142857142857143,4.0,3.6666666666666665
1,1,1,16,1,0,2657,2,2,3.0,3.6666666666666665,3.6666666666666665
1,0,1,44,1,0,1462,5,0,3.7142857142857144,4.0,3.0
1,1,1,52,1,2,466,2,16,3.857142857142857,4.666666666666667,4.0
1,1,1,57,1,2,609,4,0,4.428571428571429,4.333333333333333,4.333333333333333
1,1,1,26,0,0,1603,4,0,4.428571428571429,4.0,3.0
1,1,1,24,0,0,1572,3,14,3.4285714285714284,4.333333333333333,3.6666666666666665
1,1,1,46,0,0,1040,0,0,3.857142857142857,3.0,3.3333333333333335
1,1,1,59,1,1,208,4,0,4.142857142857143,4.0,3.6666666666666665
1,1,1,44,0,0,1033,2,0,3.142857142857143,3.0,2.3333333333333335
1,1,1,51,0,0,677,2,0,3.5714285714285716,4.333333333333333,3.3333333333333335
1,0,1,52,0,1,1914,4,0,4.571428571428571,4.0,4.0
0,0,1,32,0,0,1841,4,46,2.857142857142857,4.0,3.0
0,0,1,20,0,0,1524,1,0,2.857142857142857,2.0,3.3333333333333335
1,1,1,45,1,0,1095,5,0,3.857142857142857,4.666666666666667,4.333333333333333
1,0,1,40,1,2,1105,3,0,3.2857142857142856,3.3333333333333335,3.6666666666666665
1,0,1,28,1,2,3942,5,0,3.7142857142857144,4.0,3.6666666666666665
1,1,1,13,0,0,2503,2,2,3.857142857142857,3.6666666666666665,2.0
1,1,1,56,1,2,2573,4,4,3.857142857142857,4.0,4.333333333333333
1,0,1,7,0,0,1927,4,0,3.75,3.0,4.666666666666667
1,1,1,48,1,2,269,1,30,3.3333333333333335,4.333333333333333,3.3333333333333335
1,1,1,33,1,2,1555,5,0,4.285714285714286,3.6666666666666665,4.666666666666667
0,0,1,34,0,0,1786,2,21,3.142857142857143,3.0,4.0
0,1,1,52,1,2,2248,3,27,2.5714285714285716,3.0,3.0
1,0,1,21,1,2,2433,5,2,3.5714285714285716,4.0,4.333333333333333
0,0,1,27,0,0,2144,5,21,3.5714285714285716,4.0,4.0
0,0,1,36,0,1,2091,2,0,3.4285714285714284,4.666666666666667,3.3333333333333335
0,0,0,30,1,2,1464,3,0,3.4285714285714284,2.0,3.6666666666666665
1,0,1,59,1,2,1852,2,0,4.0,5.0,3.6666666666666665
1,1,1,28,0,0,2682,4,28,3.857142857142857,4.333333333333333,3.6666666666666665
0,1,1,45,1,0,586,5,64,2.2857142857142856,3.0,2.0
0,1,1,60,1,2,1590,1,0,2.5714285714285716,2.0,2.0
0,0,1,38,1,2,3487,0,0,3.2,3.0,3.3333333333333335
0,0,1,26,1,0,2859,4,0,3.5714285714285716,4.0,3.6666666666666665
0,0,1,57,0,0,2011,4,8,2.4285714285714284,2.0,3.6666666666666665
1,1,1,49,1,2,338,1,0,3.5714285714285716,4.0,3.3333333333333335
0,1,1,42,1,2,3315,2,0,2.142857142857143,2.3333333333333335,1.6666666666666667
0,0,1,34,0,0,1452,3,0,3.2857142857142856,3.6666666666666665,3.6666666666666665
0,0,1,10,0,0,1891,5,52,3.0,3.0,4.0
1,1,1,20,0,0,1057,2,44,3.142857142857143,4.0,2.6666666666666665
0,0,1,61,0,0,1801,3,0,2.5714285714285716,2.0,3.6666666666666665
1,0,1,50,1,2,2492,1,0,3.0,4.0,3.0
1,0,1,42,1,2,3305,1,0,3.4285714285714284,4.0,3.3333333333333335
1,1,1,58,1,2,487,1,50,3.142857142857143,4.333333333333333,2.6666666666666665
0,1,0,26,1,2,2561,2,5,3.142857142857143,2.0,3.3333333333333335
1,0,1,53,1,2,418,2,6,4.142857142857143,4.666666666666667,3.3333333333333335
0,0,1,47,0,0,3670,4,1,1.8571428571428572,1.0,2.3333333333333335
0,0,1,32,0,2,4790,5,57,3.0,3.0,3.0
1,0,1,58,1,2,1266,5,0,3.5714285714285716,3.0,4.666666666666667
0,0,1,47,1,0,1479,1,0,2.857142857142857,3.0,2.3333333333333335
0,0,1,47,1,1,1802,3,0,3.142857142857143,3.0,2.6666666666666665
0,1,1,69,1,0,897,4,6,2.5714285714285716,3.3333333333333335,3.3333333333333335
0,0,1,42,1,2,2374,4,0,2.0,2.0,3.0
1,1,1,26,0,0,1600,5,7,3.7142857142857144,2.6666666666666665,4.333333333333333
0,1,0,11,1,0,1894,2,0,2.857142857142857,2.0,3.3333333333333335
1,1,1,58,1,2,3793,2,0,4.142857142857143,4.0,3.6666666666666665
0,1,0,42,1,1,2422,4,0,3.0,2.0,3.0
1,1,1,37,0,2,299,3,0,3.7142857142857144,3.6666666666666665,3.3333333333333335
1,0,1,67,0,0,2170,4,3,3.857142857142857,3.0,3.3333333333333335
0,1,0,36,1,0,1814,5,7,3.857142857142857,5.0,4.0
0,0,0,24,1,0,1925,2,0,2.2,4.0,3.0
0,0,0,23,1,0,1237,4,93,3.5714285714285716,3.6666666666666665,3.3333333333333335
1,1,1,26,0,0,1778,2,0,2.7142857142857144,4.333333333333333,3.0
1,0,1,37,1,0,1086,2,0,3.142857142857143,4.0,1.3333333333333333
1,0,1,58,1,2,3088,4,0,3.857142857142857,3.6666666666666665,4.0
1,0,0,15,1,0,2276,5,0,3.857142857142857,5.0,2.6666666666666665
0,1,0,24,1,0,2504,3,74,3.5714285714285716,4.0,3.0
0,0,0,28,1,0,1964,0,0,2.7142857142857144,4.0,1.6666666666666667
0,1,0,27,1,0,2469,3,0,3.7142857142857144,4.0,2.6666666666666665
0,1,0,42,1,2,1635,3,0,2.4285714285714284,2.0,3.6666666666666665
1,1,1,51,1,2,3349,4,23,3.857142857142857,4.0,3.6666666666666665
0,0,1,16,0,0,1565,5,91,2.2857142857142856,2.0,1.6666666666666667
1,1,1,27,1,2,2366,5,3,4.0,4.0,4.666666666666667
0,0,1,51,1,2,2635,3,3,2.857142857142857,2.3333333333333335,2.3333333333333335
0,0,0,37,1,2,1281,3,0,3.4285714285714284,5.0,4.0
1,0,1,16,1,0,1926,1,0,3.4285714285714284,5.0,2.6666666666666665
1,1,1,32,1,2,3763,1,0,2.2857142857142856,2.0,3.3333333333333335
0,1,1,41,1,0,2696,2,0,2.0,1.0,2.0
0,0,1,51,0,0,2426,5,7,2.7142857142857144,2.0,3.3333333333333335
0,0,1,22,0,0,2152,5,83,3.857142857142857,4.0,4.333333333333333
0,0,1,18,0,0,1873,4,7,2.142857142857143,4.0,2.3333333333333335
0,0,1,40,0,0,1328,4,0,4.0,5.0,4.0
0,0,1,60,0,0,1505,5,0,2.2857142857142856,2.0,2.6666666666666665
1,1,1,47,1,2,3455,0,0,3.8,4.0,3.6666666666666665
1,1,1,43,1,2,235,4,0,3.4285714285714284,3.6666666666666665,3.6666666666666665
1,0,1,41,1,2,2146,3,0,3.5714285714285716,4.333333333333333,3.3333333333333335
1,1,1,40,1,1,2073,5,0,3.0,3.0,3.0
0,1,1,65,1,1,2243,1,156,2.5714285714285716,1.6666666666666667,2.0
1,1,1,7,0,0,1234,0,7,3.4,3.6666666666666665,3.6666666666666665
0,0,1,14,0,2,2021,5,17,3.142857142857143,3.3333333333333335,3.6666666666666665
0,0,1,25,0,0,2392,1,1,3.4285714285714284,5.0,2.6666666666666665
0,0,0,34,1,2,2106,1,0,2.5714285714285716,2.6666666666666665,3.6666666666666665
1,0,1,45,1,2,919,3,0,3.857142857142857,2.6666666666666665,3.3333333333333335
1,1,1,49,1,2,2919,5,4,3.5714285714285716,3.6666666666666665,3.3333333333333335
1,1,1,53,1,2,233,3,0,4.285714285714286,4.666666666666667,4.333333333333333
1,1,1,53,1,0,238,2,0,4.142857142857143,3.6666666666666665,3.0
0,0,1,22,0,0,1735,5,6,2.142857142857143,5.0,1.3333333333333333
0,0,1,52,1,2,630,1,0,1.8571428571428572,2.3333333333333335,1.0
1,1,1,70,0,0,1013,1,31,3.4285714285714284,4.333333333333333,3.6666666666666665
1,1,1,52,0,0,246,1,0,3.4285714285714284,4.0,3.6666666666666665
1,0,1,56,1,2,281,0,9,4.2,4.333333333333333,3.0
1,0,0,39,1,0,1883,0,0,3.7142857142857144,4.333333333333333,1.3333333333333333
1,1,1,50,1,2,2394,2,3,3.857142857142857,5.0,3.6666666666666665
1,0,1,40,1,2,3235,4,0,4.142857142857143,4.666666666666667,3.6666666666666665
0,0,1,12,0,0,1670,4,39,2.857142857142857,4.333333333333333,3.6666666666666665
0,0,0,37,1,0,2150,3,0,2.5714285714285716,4.666666666666667,3.6666666666666665
0,1,0,49,1,2,2042,3,0,3.2857142857142856,3.0,3.6666666666666665
1,0,1,56,1,0,1312,5,0,3.2857142857142856,4.0,2.3333333333333335
1,1,1,11,0,0,1984,4,16,3.5,3.0,3.6666666666666665
1,1,1,25,0,0,1172,1,27,3.7142857142857144,4.333333333333333,3.6666666666666665
0,0,1,26,1,2,3521,4,0,2.7142857142857144,2.0,2.6666666666666665
0,0,1,47,0,0,1273,2,3,3.142857142857143,2.0,3.0
0,0,0,15,1,0,1875,2,43,2.2857142857142856,3.0,1.3333333333333333
1,1,1,53,0,0,649,3,0,3.857142857142857,4.666666666666667,3.3333333333333335
1,0,1,44,1,2,374,3,2,4.0,5.0,4.0
0,0,1,69,0,1,2488,5,0,1.8571428571428572,2.0,2.0
1,0,1,36,1,2,1408,4,0,3.0,3.6666666666666665,2.3333333333333335
1,1,1,52,0,1,2498,5,74,4.571428571428571,4.333333333333333,4.0
1,0,1,66,1,0,1075,1,21,3.857142857142857,4.0,2.0
1,1,1,45,1,2,969,5,0,4.571428571428571,4.0,4.333333333333333
1,0,1,57,1,2,735,5,0,4.857142857142857,4.0,4.333333333333333
0,1,1,46,1,2,360,1,0,2.7142857142857144,3.3333333333333335,2.3333333333333335
0,0,0,13,1,0,1213,2,8,1.7142857142857142,1.0,3.0
1,0,1,44,1,2,1076,1,47,3.142857142857143,3.3333333333333335,2.0
1,0,1,46,1,2,3026,0,31,3.2,4.0,3.3333333333333335
0,0,1,58,1,0,3383,5,0,2.4285714285714284,2.0,4.0
0,0,0,27,1,0,1264,1,82,2.4285714285714284,3.3333333333333335,3.3333333333333335
1,0,0,24,1,0,1503,0,0,4.142857142857143,1.0,3.6666666666666665
0,0,1,26,0,0,1920,4,0,3.142857142857143,1.0,3.3333333333333335
1,0,0,23,1,2,2391,5,18,4.714285714285714,5.0,3.6666666666666665
1,1,1,36,1,1,1430,2,0,3.5714285714285716,4.0,3.3333333333333335
0,1,1,28,1,2,2245,3,0,2.142857142857143,2.0,2.6666666666666665
1,0,1,54,1,2,2396,5,0,4.857142857142857,4.333333333333333,5.0
1,1,1,17,0,1,1802,3,0,3.857142857142857,4.666666666666667,4.333333333333333
1,1,1,48,0,0,894,4,27,3.7142857142857144,4.0,4.0
1,1,1,63,0,2,1345,1,5,3.142857142857143,4.333333333333333,2.6666666666666665
1,1,1,49,1,2,689,1,0,3.2857142857142856,4.0,2.6666666666666665
0,1,1,40,0,2,723,3,14,2.857142857142857,3.0,2.3333333333333335
1,1,1,49,1,2,698,3,7,2.142857142857143,3.3333333333333335,2.6666666666666665
0,0,1,58,1,2,3937,3,0,3.142857142857143,3.0,2.6666666666666665
0,0,1,41,0,0,2075,4,7,2.857142857142857,2.0,4.333333333333333
1,1,1,41,1,2,3987,1,0,3.4285714285714284,4.0,3.6666666666666665
0,0,1,44,0,1,3125,5,0,2.5714285714285716,1.0,2.3333333333333335
1,0,1,44,1,2,848,2,0,3.142857142857143,4.0,2.6666666666666665
0,1,0,24,1,2,2750,2,118,2.0,1.0,2.0
1,0,1,33,1,2,4544,2,0,4.142857142857143,5.0,2.0
1,1,1,56,1,2,227,4,0,4.714285714285714,4.333333333333333,4.0
1,1,1,12,0,0,2923,5,39,4.857142857142857,4.666666666666667,3.6666666666666665
0,0,0,36,1,2,1585,1,0,2.7142857142857144,3.0,4.333333333333333
1,1,1,57,0,1,816,5,4,4.714285714285714,4.0,4.666666666666667
1,1,1,46,1,0,235,3,0,3.142857142857143,2.0,3.6666666666666665
1,0,1,32,1,0,2077,0,0,1.75,1.0,1.6666666666666667
0,1,0,32,1,0,2189,1,0,2.142857142857143,2.0,3.6666666666666665
0,0,1,43,0,0,3760,2,11,3.0,2.0,3.0
1,0,1,57,1,2,1979,1,71,3.4285714285714284,5.0,3.3333333333333335
1,1,1,44,0,0,1923,2,0,3.5714285714285716,4.0,3.3333333333333335
0,0,1,20,0,0,1548,4,0,3.0,4.0,2.0
1,0,1,46,1,2,3086,1,0,3.142857142857143,4.0,3.0
1,1,1,69,0,0,860,4,0,4.142857142857143,4.0,4.0
0,1,0,36,1,2,1491,4,122,3.5714285714285716,2.0,4.666666666666667
1,1,0,15,1,2,1698,5,0,3.75,4.0,3.3333333333333335
1,1,1,50,0,1,2450,2,0,3.142857142857143,4.0,3.0
1,0,1,49,1,1,1771,3,0,2.5714285714285716,4.0,2.3333333333333335
1,0,0,17,1,2,2934,5,9,4.0,4.0,4.333333333333333
1,1,1,57,1,2,1646,5,0,5.0,4.666666666666667,4.666666666666667
1,1,1,11,0,0,3394,4,0,4.6,4.333333333333333,3.3333333333333335
1,1,1,19,0,0,3110,3,80,3.7142857142857144,4.333333333333333,3.3333333333333335
0,1,1,60,1,2,418,5,6,1.8571428571428572,2.0,2.3333333333333335
1,0,1,44,1,2,1779,1,0,3.0,4.0,3.3333333333333335
1,0,1,43,1,2,1512,3,0,4.428571428571429,4.0,4.333333333333333
0,1,1,48,1,2,3817,2,0,3.4285714285714284,3.6666666666666665,2.3333333333333335
1,1,0,26,1,2,1247,5,16,5.0,5.0,4.666666666666667
1,1,1,36,1,2,345,5,0,4.0,4.0,4.0
1,1,1,27,1,2,3900,2,99,3.4285714285714284,5.0,3.0
0,0,1,38,0,0,1426,5,0,3.0,4.0,3.0
1,1,1,30,1,2,3214,4,0,3.5714285714285716,4.0,4.333333333333333
0,0,1,49,0,0,2506,5,41,2.5714285714285716,3.0,3.0
1,0,1,61,1,2,2048,4,0,3.5714285714285716,4.333333333333333,3.3333333333333335
0,1,1,32,1,2,2663,2,4,3.2857142857142856,3.0,3.3333333333333335
0,1,1,39,1,2,937,5,21,3.5714285714285716,2.3333333333333335,3.3333333333333335
0,0,1,49,0,0,1692,5,11,3.0,4.0,4.333333333333333
1,0,1,53,1,2,337,3,5,3.142857142857143,2.6666666666666665,4.0
0,1,0,22,1,0,1955,3,0,2.2857142857142856,2.0,3.0
1,1,1,57,1,2,2059,5,0,5.0,4.333333333333333,5.0
0,1,0,21,1,0,1288,4,24,2.857142857142857,2.0,2.6666666666666665
1,0,1,74,1,0,2398,4,25,3.857142857142857,4.0,3.6666666666666665
0,0,1,62,1,2,1766,3,105,2.4285714285714284,3.0,2.3333333333333335
1,0,1,37,1,2,1700,1,0,3.0,4.0,3.3333333333333335
0,1,0,26,1,0,2138,2,29,2.2857142857142856,4.0,3.3333333333333335
1,0,1,55,1,2,3390,1,8,2.0,3.0,2.6666666666666665
0,0,1,21,0,0,1747,5,0,2.2857142857142856,1.0,2.3333333333333335
0,0,1,42,1,0,1973,1,0,2.5714285714285716,3.0,2.0
1,1,1,40,1,2,1586,3,66,4.142857142857143,4.333333333333333,4.0
0,1,1,20,0,0,1296,4,7,3.0,1.0,4.0
1,0,1,38,1,2,2159,2,0,3.4285714285714284,3.3333333333333335,3.6666666666666665
0,0,0,25,1,0,1054,0,0,2.2857142857142856,2.0,2.3333333333333335
0,1,0,20,1,0,2645,2,131,2.857142857142857,3.3333333333333335,3.0
1,1,1,18,0,0,3229,2,0,2.5714285714285716,4.0,2.6666666666666665
1,0,1,42,1,1,2496,1,2,3.142857142857143,4.0,2.6666666666666665
1,0,1,47,1,2,1525,3,6,3.142857142857143,4.333333333333333,3.3333333333333335
1,0,1,42,1,2,3991,2,0,3.5714285714285716,4.666666666666667,3.3333333333333335
1,0,1,54,1,0,1818,1,0,2.7142857142857144,3.0,3.0
1,1,1,19,0,0,2126,0,10,2.2,3.6666666666666665,3.3333333333333335
1,0,1,28,1,2,4307,4,0,4.142857142857143,5.0,4.666666666666667
1,1,1,59,1,2,2356,1,0,3.2857142857142856,4.0,2.6666666666666665
1,0,1,34,1,0,2135,4,0,4.0,5.0,3.0
1,1,1,26,1,0,1617,1,0,3.5714285714285716,4.333333333333333,2.6666666666666665
0,0,1,57,0,0,2352,5,0,3.142857142857143,3.0,3.3333333333333335
0,0,1,68,0,0,1574,3,0,2.2857142857142856,2.3333333333333335,4.0
1,1,1,56,1,2,334,0,75,4.2,4.333333333333333,3.6666666666666665
1,0,1,36,1,2,976,1,0,3.2857142857142856,4.0,3.0
0,1,0,42,1,0,2195,1,0,2.857142857142857,3.6666666666666665,3.3333333333333335
1,1,1,50,1,2,243,3,0,3.7142857142857144,4.0,4.0
0,0,0,47,1,0,2342,0,51,2.857142857142857,5.0,3.3333333333333335
0,0,0,29,1,2,2390,2,0,3.0,4.0,4.0
0,1,0,35,1,0,1540,2,22,2.2857142857142856,4.333333333333333,3.3333333333333335
1,1,1,17,1,2,3317,5,95,4.0,4.0,4.333333333333333
1,0,1,45,1,2,1027,5,7,4.142857142857143,4.0,4.0
0,0,1,50,0,0,2844,5,3,2.4285714285714284,1.0,4.0
0,1,0,38,1,2,1623,1,0,3.0,5.0,4.333333333333333
1,0,0,21,1,0,1958,3,0,2.0,2.0,3.0
0,0,1,43,1,2,514,4,16,2.0,2.0,3.3333333333333335
1,1,1,43,1,2,1061,2,77,3.5714285714285716,5.0,3.6666666666666665
0,1,1,58,1,1,548,5,0,3.4285714285714284,3.6666666666666665,2.3333333333333335
0,1,0,20,1,0,1345,2,0,2.4285714285714284,3.0,2.3333333333333335
0,1,1,48,1,0,461,2,0,2.5714285714285716,2.0,2.3333333333333335
1,1,1,35,1,2,1654,5,0,4.428571428571429,3.6666666666666665,4.333333333333333
0,0,1,42,1,2,1979,1,70,3.0,3.3333333333333335,2.6666666666666665
0,0,1,26,0,1,2234,5,0,2.5714285714285716,4.333333333333333,4.0
1,0,1,44,1,2,3406,3,14,4.142857142857143,5.0,4.333333333333333
0,1,1,45,1,0,1656,5,0,3.2857142857142856,3.0,3.0
1,1,1,59,1,2,1792,3,0,4.428571428571429,4.333333333333333,4.333333333333333
1,0,1,42,1,2,2461,1,0,3.142857142857143,3.6666666666666665,3.3333333333333335
1,1,1,75,1,0,347,1,0,3.7142857142857144,4.0,3.3333333333333335
0,1,1,54,0,0,2707,5,131,3.5714285714285716,4.666666666666667,5.0
0,0,0,39,1,0,1427,1,0,2.857142857142857,3.6666666666666665,2.6666666666666665
0,1,1,48,1,2,74,4,0,3.142857142857143,3.0,3.3333333333333335
1,1,1,45,0,1,360,2,0,3.142857142857143,4.666666666666667,3.3333333333333335
1,0,1,52,1,2,4012,5,35,3.5714285714285716,3.6666666666666665,4.333333333333333
1,0,1,46,1,2,3305,5,0,3.4285714285714284,3.3333333333333335,3.6666666666666665
1,1,1,42,0,1,331,5,0,4.285714285714286,5.0,3.3333333333333335
1,1,1,40,1,2,2931,5,16,4.285714285714286,3.0,3.6666666666666665
0,0,1,47,1,2,3306,3,1,2.0,1.6666666666666667,2.3333333333333335
0,0,1,55,1,1,1905,3,0,2.142857142857143,1.0,3.0
1,0,1,31,1,2,1786,4,43,4.285714285714286,4.0,4.666666666666667
1,0,1,57,1,2,2186,3,0,3.0,3.0,3.0
1,1,1,55,1,2,636,1,0,3.7142857142857144,4.666666666666667,3.6666666666666665
0,0,1,17,0,2,2486,4,48,2.0,2.0,3.0
1,0,1,56,1,2,2708,3,0,3.857142857142857,4.666666666666667,3.3333333333333335
1,1,1,67,0,0,1143,4,38,4.0,4.0,4.666666666666667
1,1,1,12,0,0,2970,1,52,3.2857142857142856,4.0,2.6666666666666665
0,0,1,20,0,0,2063,2,85,2.0,3.0,3.0
0,1,1,25,1,0,2660,2,13,3.4285714285714284,2.3333333333333335,3.3333333333333335
0,1,0,40,1,2,1765,3,26,3.142857142857143,3.0,2.3333333333333335
0,1,1,41,1,2,2649,2,0,2.142857142857143,2.0,2.3333333333333335
0,1,0,61,1,0,1361,4,0,2.857142857142857,5.0,3.0
1,1,1,42,1,0,341,5,93,3.857142857142857,2.6666666666666665,4.666666666666667
1,1,1,36,0,1,2002,3,0,4.428571428571429,4.333333333333333,4.0
0,0,1,25,1,2,3026,5,0,3.0,3.0,3.0
0,1,0,25,1,0,2013,2,0,2.4285714285714284,2.3333333333333335,3.3333333333333335
1,1,1,23,0,0,1722,4,0,4.285714285714286,5.0,4.0
1,1,1,59,1,2,2039,4,0,3.4285714285714284,3.6666666666666665,3.0
0,0,0,37,1,0,1512,1,23,3.142857142857143,3.3333333333333335,3.3333333333333335
1,1,1,17,1,2,5143,3,30,3.4285714285714284,2.0,2.6666666666666665
1,1,1,37,1,2,3175,5,0,4.285714285714286,4.333333333333333,4.0
1,0,1,43,1,0,2099,4,0,4.428571428571429,5.0,3.6666666666666665
0,0,1,37,0,0,2071,1,20,2.4285714285714284,5.0,3.6666666666666665
0,0,1,60,0,0,2360,1,3,2.7142857142857144,3.0,2.6666666666666665
0,1,1,31,1,1,3819,2,4,2.7142857142857144,4.0,1.6666666666666667
1,1,1,55,1,2,338,3,13,4.0,4.333333333333333,4.0
1,0,1,47,1,1,1950,2,10,3.2857142857142856,4.0,2.0
0,0,1,10,0,2,2944,2,0,2.142857142857143,2.0,3.3333333333333335
0,0,1,33,0,2,3793,5,64,3.0,2.0,4.333333333333333
0,0,1,50,0,0,2126,1,42,2.4285714285714284,2.0,1.3333333333333333
0,1,1,17,1,2,3674,5,3,3.0,2.0,3.0
0,1,1,52,0,0,791,2,0,3.2857142857142856,3.0,3.3333333333333335
1,1,1,38,1,2,519,2,0,3.2857142857142856,2.6666666666666665,3.3333333333333335
1,1,1,35,0,0,1370,5,0,3.8,3.6666666666666665,3.6666666666666665
1,1,1,20,1,0,1594,1,19,2.857142857142857,4.0,2.3333333333333335
0,0,1,59,0,0,1702,4,3,3.0,4.0,4.666666666666667
1,1,1,15,0,0,1357,1,0,3.7142857142857144,4.666666666666667,2.6666666666666665
1,0,0,13,1,0,2941,4,0,3.857142857142857,2.6666666666666665,3.3333333333333335
1,1,1,33,1,2,2214,2,0,2.857142857142857,4.0,3.3333333333333335
0,0,1,66,0,0,2682,5,13,3.142857142857143,2.6666666666666665,5.0
0,1,1,16,1,2,1722,3,1,2.7142857142857144,3.0,3.0
0,0,1,33,1,2,2095,3,33,2.4285714285714284,2.0,3.0
1,1,1,24,1,2,2185,1,0,3.2857142857142856,5.0,3.0
0,1,0,27,1,2,1624,3,57,2.857142857142857,3.0,2.6666666666666665
1,1,1,41,1,0,2230,5,0,3.142857142857143,3.0,3.0
1,0,1,43,1,2,1750,4,5,4.0,4.0,4.0
0,0,1,46,1,2,708,3,0,2.857142857142857,3.6666666666666665,3.3333333333333335
1,0,0,23,1,2,1686,0,0,4.0,3.3333333333333335,4.0
1,1,1,10,0,0,2511,4,0,3.857142857142857,5.0,3.6666666666666665
0,1,0,25,1,2,1377,1,0,1.7142857142857142,3.0,3.0
1,1,1,49,1,2,2118,1,0,3.142857142857143,4.666666666666667,3.0
1,1,1,42,0,0,872,4,0,4.0,4.666666666666667,4.333333333333333
0,0,1,61,1,0,2404,4,16,2.7142857142857144,2.0,3.6666666666666665
1,1,1,51,1,2,2325,1,0,3.4285714285714284,4.0,3.3333333333333335
0,0,0,38,1,0,1659,1,21,2.4285714285714284,1.6666666666666667,4.0
1,1,1,41,1,2,453,5,0,3.2857142857142856,2.3333333333333335,3.0
1,1,1,70,0,0,909,5,0,3.4285714285714284,4.0,3.3333333333333335
0,1,1,59,0,0,1577,5,0,4.0,3.6666666666666665,3.0
1,0,1,38,1,2,270,3,0,3.5714285714285716,4.0,4.0
0,0,1,26,0,0,2322,4,0,2.4285714285714284,3.0,4.0
0,0,1,27,1,2,5031,1,0,3.0,2.0,2.3333333333333335
0,0,1,66,0,1,2230,4,147,2.2857142857142856,1.6666666666666667,3.0
0,0,1,46,0,0,1470,4,0,2.857142857142857,2.0,4.333333333333333
1,0,1,26,1,2,2566,1,116,3.2857142857142856,5.0,3.6666666666666665
1,0,0,23,1,0,2343,4,0,3.142857142857143,2.3333333333333335,3.0
0,0,1,21,0,0,1328,1,0,3.8,5.0,2.6666666666666665
1,1,1,41,1,2,3246,5,0,4.714285714285714,4.666666666666667,4.333333333333333
1,1,1,26,0,0,1325,4,0,4.285714285714286,5.0,3.3333333333333335
1,1,1,27,1,2,2107,4,10,3.2857142857142856,3.0,3.6666666666666665
0,1,1,43,1,0,1078,3,2,2.7142857142857144,2.6666666666666665,3.0
1,1,1,48,1,1,231,3,0,2.857142857142857,2.3333333333333335,3.3333333333333335
1,0,1,58,1,0,2142,2,0,2.4285714285714284,3.0,2.6666666666666665
0,1,1,63,1,2,226,2,0,2.7142857142857144,2.6666666666666665,2.3333333333333335
0,1,0,35,1,2,1356,1,61,2.142857142857143,2.0,3.3333333333333335
0,1,1,68,1,2,2828,5,9,2.142857142857143,1.6666666666666667,3.0
1,1,1,54,1,2,2994,2,10,3.7142857142857144,5.0,3.6666666666666665
1,1,1,41,1,2,1073,4,12,2.7142857142857144,3.3333333333333335,3.0
0,0,1,53,0,0,2056,2,15,2.2857142857142856,4.0,2.6666666666666665
1,0,1,43,1,1,1812,3,0,4.0,5.0,2.3333333333333335
0,0,1,58,0,0,1111,4,10,2.8,3.6666666666666665,3.6666666666666665
1,1,1,26,1,1,2079,3,0,3.5714285714285716,4.0,2.3333333333333335
0,1,0,29,1,2,3202,2,24,2.7142857142857144,3.3333333333333335,2.6666666666666665
1,0,1,65,1,2,444,1,4,3.0,3.3333333333333335,3.3333333333333335
0,1,0,24,1,0,1115,0,0,4.142857142857143,4.0,4.0
0,0,0,33,1,0,2251,2,0,2.5714285714285716,1.0,3.3333333333333335
1,0,1,43,1,2,568,3,0,3.5714285714285716,4.0,3.3333333333333335
1,1,0,21,1,0,1249,5,0,4.428571428571429,3.0,3.3333333333333335
0,1,1,33,1,2,1532,1,0,2.2857142857142856,2.3333333333333335,1.6666666666666667
0,0,1,43,1,2,1547,2,41,2.857142857142857,2.0,2.6666666666666665
1,0,1,37,1,0,1610,1,0,3.4285714285714284,5.0,1.0
0,1,1,22,0,0,1695,3,0,3.5714285714285716,3.3333333333333335,3.3333333333333335
0,1,0,49,1,1,2272,4,9,3.5714285714285716,4.0,3.6666666666666665
0,0,1,76,1,0,1320,1,0,2.142857142857143,1.0,4.0
0,0,1,55,0,0,2932,4,0,3.0,5.0,3.6666666666666665
1,1,1,27,0,0,2382,3,0,4.142857142857143,4.666666666666667,4.333333333333333
1,1,1,9,0,0,823,3,0,3.2857142857142856,3.3333333333333335,3.6666666666666665
0,0,1,50,0,0,2603,5,0,2.2857142857142856,1.0,3.6666666666666665
0,0,1,30,0,0,2663,3,8,2.857142857142857,2.0,2.3333333333333335
1,1,1,48,0,1,238,3,0,3.5714285714285716,3.3333333333333335,3.0
1,1,1,37,1,2,830,3,53,3.857142857142857,4.666666666666667,4.0
1,0,0,21,1,2,1707,0,1,4.428571428571429,3.0,4.333333333333333
1,0,1,50,0,0,2873,4,0,3.25,3.0,2.3333333333333335
1,1,1,21,0,0,1394,1,0,2.5714285714285716,4.0,2.3333333333333335
0,0,1,52,1,0,1566,4,0,2.857142857142857,2.0,4.0
1,1,1,30,0,0,2584,5,8,4.428571428571429,4.333333333333333,4.333333333333333
1,0,1,15,1,1,2302,5,21,3.2857142857142856,3.6666666666666665,4.0
1,1,1,55,1,2,2994,2,36,3.857142857142857,4.333333333333333,3.6666666666666665
1,1,0,20,1,2,1818,4,0,4.285714285714286,2.0,3.3333333333333335
0,0,1,55,1,2,1537,1,0,3.0,2.6666666666666665,1.6666666666666667
1,1,1,16,1,2,4189,3,11,4.0,5.0,3.6666666666666665
1,1,1,18,0,1,1946,5,46,3.5714285714285716,2.3333333333333335,3.0
1,0,1,48,1,2,2227,1,3,3.2857142857142856,3.6666666666666665,3.3333333333333335
1,1,1,41,1,2,383,3,0,3.857142857142857,3.0,3.0
1,1,1,43,0,0,631,5,17,4.0,3.3333333333333335,3.6666666666666665
0,0,1,43,1,0,1459,2,7,2.857142857142857,3.0,2.3333333333333335
1,0,1,44,1,2,3876,1,0,3.0,3.6666666666666665,2.6666666666666665
1,1,0,37,1,2,2648,5,0,3.7142857142857144,2.0,4.0
1,0,1,36,0,0,2165,5,0,4.285714285714286,5.0,3.3333333333333335
0,1,0,38,1,0,2064,1,14,2.7142857142857144,5.0,3.3333333333333335
0,0,1,41,0,0,2661,0,21,3.2857142857142856,3.0,2.6666666666666665
1,1,1,67,0,0,1155,0,49,3.2,3.3333333333333335,2.3333333333333335
0,0,1,10,0,0,1913,5,0,3.857142857142857,5.0,4.333333333333333
1,0,1,57,1,2,2039,3,0,3.4285714285714284,4.666666666666667,3.6666666666666665
0,0,1,63,0,0,1485,5,0,3.857142857142857,3.0,3.6666666666666665
0,1,1,52,1,2,238,4,0,2.7142857142857144,2.6666666666666665,3.3333333333333335
1,0,0,19,1,2,2505,0,0,4.571428571428571,4.0,4.666666666666667
1,1,1,24,0,1,1800,5,0,4.285714285714286,3.0,3.3333333333333335
0,0,1,28,1,2,2080,4,22,2.7142857142857144,1.0,3.3333333333333335
1,1,1,40,1,2,340,5,0,4.571428571428571,5.0,5.0
1,1,1,16,0,0,2175,3,0,3.857142857142857,4.333333333333333,4.333333333333333
0,1,1,53,1,0,237,4,0,2.2857142857142856,2.0,2.6666666666666665
1,1,1,40,1,2,796,2,63,3.142857142857143,4.0,2.3333333333333335
0,0,1,56,1,0,2376,4,0,2.5714285714285716,2.0,3.0
0,1,1,40,1,2,3413,4,0,2.4285714285714284,2.3333333333333335,3.6666666666666665
1,0,1,53,1,2,443,2,29,4.142857142857143,4.333333333333333,4.0
0,0,1,57,1,2,291,2,0,3.142857142857143,3.0,2.3333333333333335
1,0,1,24,1,2,2726,4,0,3.5714285714285716,4.0,3.3333333333333335
1,1,1,36,1,0,2893,3,47,2.857142857142857,2.0,2.3333333333333335
0,0,1,43,0,0,2243,2,7,3.2857142857142856,4.666666666666667,3.6666666666666665
1,1,0,17,1,2,2696,0,107,3.25,3.0,4.333333333333333
0,0,1,21,0,0,2755,5,0,2.857142857142857,2.0,3.6666666666666665
1,0,1,40,1,0,1681,1,1,3.4285714285714284,4.0,2.6666666666666665
0,0,1,77,1,1,2143,4,0,2.5714285714285716,2.0,3.0
0,0,1,37,0,0,2701,4,4,2.5714285714285716,2.0,4.0
1,1,1,30,1,2,2002,4,9,3.4285714285714284,4.0,3.3333333333333335
0,1,0,26,1,0,2926,3,30,2.7142857142857144,2.0,2.6666666666666665
0,1,1,50,1,2,3597,3,6,2.7142857142857144,2.3333333333333335,3.0
0,0,0,22,1,0,802,5,0,3.5714285714285716,2.0,2.6666666666666665
1,1,1,42,0,1,67,5,0,4.428571428571429,4.333333333333333,3.3333333333333335
1,0,1,53,1,2,637,2,0,3.857142857142857,4.0,4.0
1,0,1,56,1,2,1562,1,0,2.142857142857143,3.3333333333333335,2.0
0,0,1,34,0,0,1122,3,0,2.2857142857142856,2.0,2.6666666666666665
1,1,1,52,0,0,2002,4,0,4.571428571428571,4.666666666666667,4.333333333333333
1,1,1,46,0,0,799,1,0,3.142857142857143,3.6666666666666665,3.0
1,0,1,10,1,2,2471,1,0,3.142857142857143,3.0,4.333333333333333
1,0,1,57,1,2,2434,1,0,3.4285714285714284,4.666666666666667,3.0
0,1,1,71,1,0,1121,2,5,2.2857142857142856,2.6666666666666665,2.3333333333333335
1,1,1,57,1,2,2986,0,0,3.0,3.6666666666666665,3.3333333333333335
0,0,1,27,0,0,2446,5,4,4.285714285714286,3.6666666666666665,4.666666666666667
1,1,1,44,1,2,2939,2,0,2.7142857142857144,3.3333333333333335,3.0
1,1,1,52,0,0,861,5,1,4.428571428571429,4.333333333333333,4.666666666666667
0,0,0,36,1,0,1161,0,0,2.857142857142857,2.0,3.3333333333333335
1,1,1,49,1,0,270,5,0,3.857142857142857,3.3333333333333335,4.333333333333333
0,1,0,26,1,0,2462,0,0,2.0,4.0,2.0
0,1,1,57,0,0,650,5,12,3.5714285714285716,4.0,3.6666666666666665
0,1,1,44,1,2,2856,3,180,3.142857142857143,3.3333333333333335,3.0
1,1,1,43,1,2,1787,2,0,3.0,4.0,3.3333333333333335
0,0,1,56,0,0,2062,4,47,3.4285714285714284,5.0,3.6666666666666665
0,0,1,36,0,0,1532,4,6,3.2857142857142856,4.0,3.0
1,0,1,39,1,2,1720,3,0,3.7142857142857144,4.0,4.0
0,0,1,58,0,0,2088,4,0,2.142857142857143,2.0,4.0
0,1,1,43,1,0,713,5,2,3.142857142857143,3.0,3.0
0,0,1,18,0,1,1496,5,99,2.857142857142857,4.0,4.333333333333333
0,0,0,18,1,0,2819,4,0,3.857142857142857,3.0,2.6666666666666665
1,0,1,39,1,2,974,3,0,4.0,4.0,4.0
1,1,1,35,1,0,2890,5,1,3.857142857142857,5.0,4.0
1,1,1,8,0,0,2499,2,0,2.4285714285714284,2.6666666666666665,3.3333333333333335
1,1,1,50,1,2,388,2,0,2.5714285714285716,3.3333333333333335,2.6666666666666665
0,0,1,35,1,2,474,1,0,1.4285714285714286,1.6666666666666667,1.6666666666666667
1,1,1,33,0,1,2224,4,0,4.0,4.666666666666667,3.6666666666666665
1,1,1,27,0,0,1340,5,0,4.6,3.6666666666666665,3.3333333333333335
1,0,1,59,1,2,294,2,2,4.142857142857143,4.333333333333333,3.0
1,0,1,41,1,2,913,1,19,2.857142857142857,4.0,2.6666666666666665
1,1,1,46,1,2,2280,4,0,4.285714285714286,4.0,4.0
1,1,1,51,0,0,1403,0,0,2.2,3.6666666666666665,2.0
1,1,1,9,0,1,2257,3,15,3.7142857142857144,4.0,4.0
1,1,1,52,1,2,1558,2,0,3.857142857142857,4.0,4.0
1,0,1,21,1,2,2157,2,54,3.142857142857143,3.0,3.3333333333333335
0,0,0,22,1,0,2421,2,14,2.5714285714285716,1.0,4.333333333333333
1,1,1,26,1,2,1806,2,0,3.4285714285714284,5.0,3.3333333333333335
1,0,0,44,1,2,1749,3,0,3.7142857142857144,4.0,4.333333333333333
1,1,1,48,1,2,514,5,0,4.714285714285714,4.333333333333333,4.333333333333333
1,1,1,59,0,0,955,2,0,3.4285714285714284,4.0,3.6666666666666665
1,1,1,53,1,2,2042,1,0,3.2857142857142856,4.333333333333333,3.0
0,0,0,19,1,0,2020,4,28,2.7142857142857144,1.0,3.0
0,0,0,46,1,2,3386,4,0,3.857142857142857,3.3333333333333335,3.3333333333333335
1,0,1,47,1,0,1619,5,1,3.2857142857142856,5.0,4.333333333333333
1,1,1,54,1,2,3908,3,23,3.5714285714285716,4.666666666666667,3.3333333333333335
0,0,1,57,0,0,1534,4,0,3.5714285714285716,3.0,4.333333333333333
1,1,1,37,1,2,2635,5,0,4.0,3.0,3.6666666666666665
0,1,1,56,1,0,858,4,28,3.142857142857143,3.3333333333333335,3.0
1,0,1,54,1,2,2380,5,85,4.714285714285714,4.666666666666667,4.666666666666667
1,0,1,36,1,2,562,5,43,4.285714285714286,3.6666666666666665,4.666666666666667
1,0,1,32,1,2,4611,1,12,2.857142857142857,4.0,2.0
1,1,1,52,0,0,1206,5,9,4.428571428571429,4.666666666666667,2.6666666666666665
1,0,1,37,1,2,3710,4,0,4.0,4.0,4.0
1,0,1,25,1,0,3671,3,0,3.142857142857143,4.666666666666667,3.3333333333333335
0,0,0,39,1,2,1731,1,4,1.8571428571428572,1.0,4.0
1,1,1,49,0,0,1080,4,41,4.0,2.3333333333333335,3.0
0,0,1,53,0,0,1821,4,45,4.0,4.333333333333333,4.666666666666667
1,1,1,70,0,0,1135,5,0,4.142857142857143,4.333333333333333,4.333333333333333
0,0,1,37,0,1,1714,2,9,2.5714285714285716,4.0,3.3333333333333335
1,1,1,25,0,0,1751,2,0,3.2857142857142856,4.333333333333333,3.0
1,1,1,32,1,2,2907,5,248,4.571428571428571,4.0,4.333333333333333
0,1,1,46,1,0,1168,3,0,2.5714285714285716,2.0,2.6666666666666665
1,1,1,34,1,1,4069,5,0,4.285714285714286,4.0,4.666666666666667
0,0,0,26,1,2,2022,2,0,3.5714285714285716,3.6666666666666665,3.3333333333333335
0,0,0,27,1,2,1621,4,0,3.2857142857142856,2.0,3.3333333333333335
0,0,1,27,0,0,3042,5,1,2.857142857142857,3.0,3.0
0,0,1,36,0,0,1914,3,0,2.2857142857142856,1.0,2.3333333333333335
1,0,1,33,1,2,1568,5,3,3.7142857142857144,1.0,4.666666666666667
1,1,1,65,0,1,488,3,30,4.0,4.333333333333333,4.0
1,0,1,33,1,0,1912,4,49,3.7142857142857144,5.0,2.6666666666666665
1,1,1,51,1,2,3636,4,18,4.0,4.333333333333333,4.0
0,1,1,40,1,2,2941,4,0,2.2857142857142856,2.3333333333333335,3.0
1,1,0,24,1,2,2450,0,140,4.571428571428571,3.0,3.3333333333333335
1,1,1,69,0,2,584,5,0,3.7142857142857144,5.0,3.0
0,0,0,30,1,2,3393,2,0,3.2857142857142856,2.0,3.6666666666666665
1,0,1,34,1,0,1738,1,0,3.142857142857143,4.0,1.3333333333333333
1,0,0,20,1,0,1242,0,0,4.428571428571429,2.3333333333333335,3.6666666666666665
1,0,1,23,1,0,3194,2,0,3.2857142857142856,4.666666666666667,2.6666666666666665
1,1,1,50,1,2,3537,2,0,3.2857142857142856,2.3333333333333335,2.6666666666666665
0,1,1,37,0,0,3030,5,164,3.0,3.0,3.0
0,0,1,13,0,2,2872,2,0,1.8571428571428572,4.0,3.0
0,0,1,56,1,0,2647,4,0,2.2857142857142856,2.0,3.6666666666666665
0,1,1,70,1,2,675,2,0,3.0,2.6666666666666665,2.6666666666666665
1,0,0,22,1,2,1378,0,105,4.0,3.0,4.0
0,0,1,65,0,0,1910,5,0,1.7142857142857142,3.0,2.6666666666666665
1,1,1,54,1,2,3740,4,9,3.142857142857143,2.6666666666666665,3.3333333333333335
1,1,1,54,0,0,2504,2,9,3.7142857142857144,4.333333333333333,3.6666666666666665
0,1,0,54,1,2,2893,2,0,3.0,4.333333333333333,3.3333333333333335
0,0,1,36,1,2,2171,4,0,2.857142857142857,2.0,2.6666666666666665
1,1,1,44,1,2,2090,2,0,3.4285714285714284,4.666666666666667,3.6666666666666665
1,1,1,43,0,0,388,5,0,4.857142857142857,5.0,2.6666666666666665
0,0,0,26,1,2,2089,1,0,2.857142857142857,5.0,3.6666666666666665
0,1,0,45,1,0,2026,0,19,3.7142857142857144,3.3333333333333335,2.6666666666666665
0,1,1,39,1,2,560,1,0,2.5714285714285716,2.6666666666666665,2.0
1,1,1,27,0,0,1340,4,0,4.142857142857143,4.333333333333333,4.0
1,0,1,39,1,2,3489,3,72,3.0,3.0,3.6666666666666665
1,0,1,58,1,2,98,4,0,4.142857142857143,3.0,2.6666666666666665
0,1,1,16,0,0,2426,5,0,3.142857142857143,1.0,4.0
1,1,1,38,0,0,3578,5,0,4.714285714285714,5.0,5.0
0,0,1,29,1,2,3086,4,0,3.7142857142857144,4.0,3.6666666666666665
1,1,1,23,1,2,1459,4,0,3.142857142857143,4.0,3.6666666666666665
1,0,1,46,1,0,947,1,12,3.5714285714285716,5.0,2.3333333333333335
1,1,1,59,1,2,2694,5,54,3.4285714285714284,3.0,3.3333333333333335
0,0,1,21,0,0,1767,4,0,3.2857142857142856,4.666666666666667,2.6666666666666665
0,0,1,20,0,0,2060,2,18,3.142857142857143,4.0,3.0
0,0,1,50,1,2,2482,4,0,3.5714285714285716,4.0,3.0
0,1,0,19,1,1,1869,2,22,3.4285714285714284,4.0,3.0
0,0,1,40,0,0,1500,5,0,2.2857142857142856,3.0,4.0
1,1,1,26,1,2,2204,3,66,4.142857142857143,5.0,3.6666666666666665
0,0,0,24,1,0,1958,4,0,3.142857142857143,1.6666666666666667,3.3333333333333335
0,0,1,55,0,0,2074,1,40,2.4285714285714284,5.0,2.0
1,0,1,49,1,0,1858,4,0,4.0,5.0,2.0
0,1,1,65,1,2,2267,3,64,3.7142857142857144,3.6666666666666665,3.3333333333333335
0,0,1,23,0,0,2540,2,0,2.0,5.0,3.3333333333333335
1,1,1,18,0,1,3470,3,0,3.0,5.0,2.0
0,1,1,24,1,2,2753,1,56,3.7142857142857144,3.0,3.3333333333333335
0,1,0,20,1,0,2135,0,24,2.857142857142857,3.0,4.333333333333333
1,1,1,47,1,0,952,5,17,3.142857142857143,3.0,4.333333333333333
0,0,1,41,0,1,1848,3,3,2.142857142857143,1.0,2.6666666666666665
1,0,1,41,1,2,623,3,0,3.5714285714285716,4.666666666666667,3.3333333333333335
0,1,0,27,1,0,1607,1,112,2.142857142857143,3.0,3.0
0,1,0,23,1,0,2335,3,0,3.2857142857142856,3.0,2.6666666666666665
0,0,1,17,0,0,1633,5,86,3.142857142857143,1.0,2.6666666666666665
0,0,1,32,0,0,1964,2,19,3.0,3.3333333333333335,2.6666666666666665
1,1,1,46,1,2,3586,3,0,3.857142857142857,4.666666666666667,3.3333333333333335
0,0,0,47,1,0,1540,3,0,2.857142857142857,3.0,3.6666666666666665
1,1,1,43,1,2,525,3,0,3.7142857142857144,4.0,3.3333333333333335
0,1,1,39,1,0,2092,5,19,2.4285714285714284,2.0,4.0
0,0,1,70,0,0,2504,2,0,3.0,1.0,3.6666666666666665
0,0,1,33,0,0,3209,1,0,2.0,1.6666666666666667,2.3333333333333335
1,1,1,69,0,0,1155,1,1,3.142857142857143,4.0,2.6666666666666665
1,1,1,33,1,2,229,3,0,3.7142857142857144,4.0,4.0
0,1,1,40,1,0,1461,5,7,3.0,2.0,4.333333333333333
0,1,1,22,1,2,4865,1,0,3.142857142857143,4.0,2.0
0,0,1,20,0,0,2074,4,0,3.142857142857143,4.0,4.0
1,0,1,55,1,2,340,2,0,3.142857142857143,3.6666666666666665,3.0
1,1,1,21,1,2,4749,3,32,4.0,5.0,2.0
0,0,1,66,0,0,3540,3,0,3.0,3.0,2.3333333333333335
1,1,1,57,1,2,1635,2,10,3.857142857142857,4.666666666666667,3.3333333333333335
0,1,0,23,1,0,1708,2,0,3.0,4.0,2.6666666666666665
1,1,1,38,0,0,1625,3,0,4.0,5.0,3.6666666666666665
0,1,1,16,1,2,4943,3,92,2.4285714285714284,3.0,3.6666666666666665
1,0,1,39,1,2,2388,5,0,4.285714285714286,4.666666666666667,4.666666666666667
1,0,1,56,0,0,2352,3,0,3.857142857142857,2.0,2.3333333333333335
1,1,1,42,1,2,2249,2,20,4.428571428571429,4.666666666666667,4.0
1,1,1,57,1,2,491,2,5,3.4285714285714284,3.3333333333333335,3.3333333333333335
0,0,1,8,0,0,2023,2,0,1.8571428571428572,1.0,4.0
0,0,1,51,1,0,2796,3,0,2.4285714285714284,2.0,2.6666666666666665
0,0,1,68,1,2,1064,4,23,3.4285714285714284,2.6666666666666665,3.3333333333333335
0,1,0,41,1,2,1308,3,14,2.7142857142857144,3.0,3.0
1,1,1,56,0,0,375,5,45,4.285714285714286,4.666666666666667,4.333333333333333
0,1,1,12,0,0,1965,4,28,3.7142857142857144,5.0,4.0
1,0,1,51,1,2,1604,5,0,4.428571428571429,4.0,4.0
1,0,1,39,1,2,1923,0,0,3.6,3.0,3.0
1,0,1,51,1,2,960,4,0,4.571428571428571,4.666666666666667,4.666666666666667
1,1,1,26,0,0,1588,1,11,2.5714285714285716,3.6666666666666665,3.0
1,0,0,26,1,2,1555,0,25,3.7142857142857144,3.3333333333333335,4.666666666666667
0,0,1,43,1,2,2680,1,0,3.4285714285714284,2.6666666666666665,3.0
1,0,1,58,1,2,1721,1,0,2.857142857142857,4.333333333333333,3.3333333333333335
0,0,1,30,1,2,3646,2,1,3.142857142857143,4.0,1.6666666666666667
1,0,1,50,1,2,1872,1,1,3.5714285714285716,4.333333333333333,3.6666666666666665
0,1,0,24,1,0,1918,3,8,3.0,1.0,2.6666666666666665
